time_s,target,measurement,control,applied_control,error,integral,derivative
0.0,0.3,0.04047272727272727,1.113,1.113,0.3,0.006,15.0
0.02,0.3,0.04684994380165289,0.2158461818181818,0.2158461818181818,0.2595272727272727,0.011190545454545455,-2.0236363636363635
0.04,0.3,0.05590862945995491,0.2959637994049586,0.2959637994049586,0.2531500561983471,0.0162535465785124,-0.3188608264462822
0.06,0.3,0.06408761084311858,0.2808306174969558,0.2808306174969558,0.2440913705400451,0.0211353739893133,-0.45293428291509896
0.08,0.3,0.07177803315488059,0.27557422441657387,0.27557422441657387,0.2359123891568814,0.02585362177245093,-0.40894906915818485
0.1,0.3,0.07898062594886365,0.269849334989415,0.269849334989415,0.22822196684511942,0.030418061109353318,-0.384521115588099
0.12,0.3,0.08573173013878112,0.264635991171594,0.264635991171594,0.22101937405113634,0.03483844859037605,-0.36012963969915407
0.14,0.3,0.0920617061465516,0.2598060703524693,0.2598060703524693,0.21426826986121889,0.039123813987600425,-0.33755520949587253
0.16,0.3,0.09799918237893324,0.25534230253704654,0.25534230253704654,0.2079382938534484,0.04328257986466939,-0.3164988003885247
0.18,0.3,0.10357079715325826,0.25121858867287133,0.25121858867287133,0.20200081762106675,0.04732259621709073,-0.29687381161908194
0.2,0.3,0.10880137167922306,0.24741159661729029,0.24741159661729029,0.19642920284674173,0.051251180274025566,-0.27858073871625116
0.22,0.3,0.11371403067598734,0.24389949409024092,0.24389949409024092,0.19119862832077694,0.05507515284044111,-0.26152872629823937
0.24,0.3,0.11833031871723744,0.2406619518103651,0.2406619518103651,0.18628596932401265,0.05880087222692136,-0.24563294983821482
0.26,0.3,0.12267030823160983,0.23768003036247817,0.23768003036247817,0.18166968128276256,0.06243426585257661,-0.23081440206250414
0.28,0.3,0.12675270015700982,0.23493608618010933,0.23493608618010933,0.17732969176839014,0.06598085968794441,-0.2169994757186211
0.3,0.3,0.1305949177091364,0.2324136828404904,0.2324136828404904,0.17324729984299017,0.06944580568480421,-0.20411959626999848
0.32,0.3,0.13421319373913254,0.2300975085340306,0.2300975085340306,0.1694050822908636,0.07283390733062148,-0.19211087760632878
0.34,0.3,0.13762265211829028,0.22797329916596995,0.22797329916596995,0.16578680626086745,0.07614964345583883,-0.1809138014998074
0.36,0.3,0.1408373835582395,0.2260277667168938,0.2260277667168938,0.1623773478817097,0.07939719041347303,-0.17047291895788685
0.38,0.3,0.14387051624708147,0.22424853250139368,0.22424853250139368,0.1591626164417605,0.08258044274230823,-0.16073657199746072
0.4,0.3,0.14673428165591781,0.22262406499008058,0.22262406499008058,0.15612948375291852,0.0857030324173666,-0.15165663444209887
0.42,0.3,0.14944007584599106,0.22114362188293185,0.22114362188293185,0.15326571834408217,0.08876834678424825,-0.1431882704418172
0.44,0.3,0.15199851658407473,0.2197971961432918,0.2197971961432918,0.15055992415400893,0.09177954526732843,-0.13528970950366231
0.46,0.3,0.15441949655271656,0.2185754657217246,0.2185754657217246,0.14800148341592526,0.09473957493564693,-0.12792203690418363
0.48,0.3,0.15671223292234257,0.21746974671743186,0.21746974671743186,0.14558050344728343,0.09765118500459259,-0.12104899843209116
0.5,0.3,0.15888531353397364,0.21647194974219672,0.21647194974219672,0.14328776707765742,0.10051694034614574,-0.1146368184813007
0.52,0.3,0.16094673992429775,0.21557453926788706,0.21557453926788706,0.14111468646602635,0.10333923407546626,-0.10865403058155365
0.54,0.3,0.16290396740899685,0.21477049575352253,0.21477049575352253,0.13905326007570223,0.1061202992769803,-0.10307131951620557
0.56,0.3,0.16476394242546447,0.21405328036185622,0.21405328036185622,0.13709603259100314,0.10886221992880037,-0.09786137423495461
0.58,0.3,0.16653313732229919,0.21341680208841912,0.21341680208841912,0.13523605757453552,0.11156694108029108,-0.09299875082338094
0.6,0.3,0.16821758277014565,0.21285538713807672,0.21285538713807672,0.1334668626777008,0.1142362783338451,-0.08845974484173597
0.62,0.3,0.16982289795651961,0.21236375039543015,0.21236375039543015,0.13178241722985434,0.11687192667844219,-0.08422227239232305
0.64,0.3,0.17135431871613335,0.21193696884589744,0.21193696884589744,0.13017710204348037,0.1194754687193118,-0.0802657593186984
0.66,0.3,0.1728167237378776,0.2115704568141002,0.2115704568141002,0.12864568128386664,0.12204838234498915,-0.07657103798068693
0.68,0.3,0.17421465897996577,0.21125994289530203,0.21125994289530203,0.1271832762621224,0.12459204787023159,-0.07312025108721226
0.7000000000000001,0.3,0.1755523604157538,0.21100144846413676,0.21100144846413676,0.12578534102003422,0.1271077546906323,-0.0698967621044086
0.72,0.3,0.17683377522437307,0.21079126765278391,0.21079126765278391,0.12444763958424618,0.12959670748231722,-0.06688507178940206
0.74,0.3,0.17806258153250928,0.210625948698119,0.210625948698119,0.12316622477562691,0.13206003197782976,-0.06407074043096317
0.76,0.3,0.17924220680639033,0.21050227656423812,0.21050227656423812,0.1219374184674907,0.13449878034717958,-0.0614403154068105
0.78,0.3,0.18037584498627268,0.21041725675315487,0.21041725675315487,0.12075779319360966,0.13691393621105177,-0.05898126369405232
0.8,0.3,0.18146647244940567,0.21036810022243002,0.21036810022243002,0.1196241550137273,0.1393064193113263,-0.05668190899411757
0.8200000000000001,0.3,0.18251686288157454,0.21035220933404983,0.21035220933404983,0.11853352755059432,0.1416770898623382,-0.054531373156649354
0.84,0.3,0.18352960113184608,0.21036716476404171,0.21036716476404171,0.11748313711842545,0.1440267526047067,-0.05251952160844342
0.86,0.3,0.1845070961200386,0.21041071330714073,0.21041071330714073,0.11647039886815391,0.1463561605820698,-0.05063691251357694
0.88,0.3,0.18545159286168472,0.21048075651530684,0.21048075651530684,0.11549290387996139,0.14866601865966902,-0.04887474940962616
0.9,0.3,0.18636518367082638,0.2105753401130807,0.2105753401130807,0.11454840713831527,0.15095698680243533,-0.047224837082306126
0.92,0.3,0.18724981859685683,0.21069264413666355,0.21069264413666355,0.1136348163291736,0.1532296831290188,-0.04567954045708311
0.9400000000000001,0.3,0.18810731514777973,0.21083097374723653,0.21083097374723653,0.11275018140314316,0.15548468675708166,-0.0442317463015221
0.96,0.3,0.18893936734867575,0.21098875067242007,0.21098875067242007,0.11189268485222026,0.15772254045412606,-0.04287482754614519
0.98,0.3,0.18974755418083028,0.2111645052329253,0.2111645052329253,0.11106063265132424,0.15994375310715256,-0.04160261004480109
1.0,0.3,0.19053334744386866,0.21135686891438527,0.21135686891438527,0.11025244581916971,0.16214880202353596,-0.04040934160772641
1.02,0.3,0.19129811908034947,0.21156456744709096,0.21156456744709096,0.10946665255613133,0.16433813507465858,-0.039289663151918786
1.04,0.3,0.19204314799956965,0.21178641435890438,0.21178641435890438,0.10870188091965052,0.1665121726930516,-0.038238581824040496
1.06,0.3,0.1927696264348215,0.21202130496899607,0.21202130496899607,0.10795685200043034,0.16867130973306022,-0.037251445961009044
1.08,0.3,0.19347866586600132,0.2122682107922664,0.2122682107922664,0.10723037356517848,0.1708159172043638,-0.03632392176259325
1.1,0.3,0.19417130253728748,0.21252617432637078,0.21252617432637078,0.10652133413399867,0.17294634388704377,-0.035451971558990436
1.12,0.3,0.1948485025975748,0.2127943041951886,0.2127943041951886,0.1058286974627125,0.17506291783629802,-0.0346318335643081
1.1400000000000001,0.3,0.19551116688945808,0.2130717706243652,0.2130717706243652,0.10515149740242519,0.17716594778434652,-0.03386000301436598
1.16,0.3,0.1961601354107949,0.21335780122622078,0.21335780122622078,0.10448883311054191,0.17925572444655735,-0.03313321459416374
1.18,0.3,0.19679619147123417,0.21365167707287472,0.21365167707287472,0.10383986458920508,0.18133252173834144,-0.03244842606684173
1.2,0.3,0.19742006556456673,0.2139527290378792,0.2139527290378792,0.10320380852876582,0.18339659790891677,-0.03180280302196303
1.22,0.3,0.198032438976328,0.21426033438800124,0.21426033438800124,0.10257993443543326,0.18544819659762543,-0.03119370466662802
1.24,0.3,0.19863394714475435,0.21457391360805267,0.21457391360805267,0.101967561023672,0.18748754781809887,-0.030618670588063168
1.26,0.3,0.19922518279195714,0.21489292744283076,0.21489292744283076,0.10136605285524564,0.18951486887520377,-0.03007540842131784
1.28,0.3,0.19980669884102512,0.21521687414132679,0.21521687414132679,0.10077481720804285,0.19153036521936462,-0.029561782360139344
1.3,0.3,0.20037901113369228,0.21554528688937197,0.21554528688937197,0.10019330115897487,0.19353423124254412,-0.029075802453398802
1.32,0.3,0.20094260096220662,0.2158777314178365,0.2158777314178365,0.09962098886630771,0.19552665101987027,-0.02861561463335799
1.34,0.3,0.2014979174281038,0.21621380377437924,0.21621380377437924,0.09905739903779337,0.19750779900062612,-0.028179491425717185
1.36,0.3,0.20204537963972055,0.21655312824756448,0.21655312824756448,0.09850208257189619,0.19947784065206406,-0.027765823294859104
1.3800000000000001,0.3,0.20258537875947355,0.21689535543292826,0.21689535543292826,0.09795462036027944,0.20143693305926966,-0.027373110580837523
1.4000000000000001,0.3,0.20311827991117595,0.21724016043128933,0.21724016043128933,0.09741462124052644,0.2033852254840802,-0.026999955987649926
1.42,0.3,0.20364442395696086,0.21758724117026118,0.21758724117026118,0.09688172008882404,0.2053228598858567,-0.026645057585120147
1.44,0.3,0.2041641291527275,0.21793631684054343,0.21793631684054343,0.09635557604303913,0.20724997140671747,-0.02630720228924549
1.46,0.3,0.2046776926904153,0.2182871264391419,0.2182871264391419,0.09583587084727249,0.20916668882366293,-0.025985259788331716
1.48,0.3,0.20518539213484419,0.21863942741220943,0.21863942741220943,0.09532230730958469,0.21107313496985464,-0.02567817688439028
1.5,0.3,0.20568748676232962,0.21899299439069364,0.21899299439069364,0.0948146078651558,0.21296942712715775,-0.025384972221444146
1.52,0.3,0.20618421880778842,0.21934761801244645,0.21934761801244645,0.09431251323767037,0.21485567739191117,-0.02510473137427166
1.54,0.3,0.20667581462659193,0.2197031038248846,0.2197031038248846,0.09381578119221157,0.2167319930157554,-0.024836602272940156
1.56,0.3,0.2071624857769956,0.2200592712626927,0.2200592712626927,0.09332418537340806,0.21859847672322358,-0.024579790940175428
1.58,0.3,0.2076444300285753,0.22041595269543796,0.22041595269543796,0.0928375142230044,0.22045522700768366,-0.02433355752018279
1.6,0.3,0.2081218323017295,0.22077299254031643,0.22077299254031643,0.09235556997142469,0.22230233840711217,-0.02409721257898567
1.62,0.3,0.20859486554296036,0.22113024643557783,0.22113024643557783,0.09187816769827048,0.22413990176107756,-0.023870113657710468
1.6400000000000001,0.3,0.2090636915403247,0.22148758047047962,0.22148758047047962,0.09140513445703963,0.22596800445021836,-0.023651662061542622
1.6600000000000001,0.3,0.20952846168314582,0.22184487046790546,0.22184487046790546,0.09093630845967529,0.22778673061941188,-0.023441299868216803
1.68,0.3,0.20998931766979675,0.22220200131604667,0.22220200131604667,0.09047153831685417,0.22959616138574895,-0.023238507141055964
1.7,0.3,0.2104463921671057,0.22255886634579303,0.22255886634579303,0.09001068233020323,0.23139637503235302,-0.02304279933254688
1.72,0.3,0.21089980942469116,0.22291536675070622,0.22291536675070622,0.08955360783289429,0.2331874471890109,-0.02285372486544729
1.74,0.3,0.2113496858473084,0.22327141104666545,0.22327141104666545,0.08910019057530882,0.23496945100051708,-0.022670862879273224
1.76,0.3,0.211796130528078,0.22362691456847225,0.22362691456847225,0.08865031415269159,0.2367424572835709,-0.022493821130861735
1.78,0.3,0.21223924574527106,0.22398179900088705,0.22398179900088705,0.08820386947192199,0.23850653467300933,-0.022322234038479882
1.8,0.3,0.2126791274251428,0.22433599194174403,0.22433599194174403,0.08776075425472893,0.2402617497581039,-0.02215576085965315
1.82,0.3,0.21311586557313578,0.22468942649494977,0.22468942649494977,0.08732087257485718,0.24200816720960105,-0.021994083993587266
1.84,0.3,0.21354954467561535,0.2250420408913238,0.2250420408913238,0.08688413442686421,0.24374584989813833,-0.021836907399648553
1.86,0.3,0.2139802440741521,0.22539377813537564,0.22539377813537564,0.08645045532438464,0.245474859004626,-0.021683955123978638
1.8800000000000001,0.3,0.21440803831422828,0.22574458567624714,0.22574458567624714,0.0860197559258479,0.24719525412314297,-0.0215349699268369
1.9000000000000001,0.3,0.2148329974701169,0.2260944151011648,0.2260944151011648,0.08559196168577171,0.2489070933568584,-0.021389712003809513
1.92,0.3,0.2152551874475623,0.2264432218498662,0.2264432218498662,0.0851670025298831,0.25061043340745603,-0.021247957794430505
1.94,0.3,0.21567467026578055,0.22679096494856407,0.22679096494856407,0.08474481255243768,0.2523053296585048,-0.021109498872270982
1.96,0.3,0.2160915043201926,0.2271376067621123,0.2271376067621123,0.08432532973421944,0.25399183625318916,-0.020974140910912098
1.98,0.3,0.21650574462720856,0.22748311276313135,0.22748311276313135,0.08390849567980738,0.2556700061667853,-0.02084170272060315
2.0,0.3,0.21691744305228935,0.22782745131693038,0.22782745131693038,0.08349425537279143,0.2573398912742411,-0.02071201535079753
2.02,0.3,0.2173266485224297,0.22817059348114843,0.22817059348114843,0.08308255694771063,0.25900154241319534,-0.0205849212540396
2.04,0.3,0.21773340722412704,0.22851251281910687,0.22851251281910687,0.0826733514775703,0.2606550094427467,-0.020460273507016957
2.06,0.3,0.2181377627878292,0.22885318522593623,0.22885318522593623,0.08226659277587295,0.2623003412982642,-0.02033793508486731
2.08,0.3,0.21853975645978463,0.22919258876660334,0.22919258876660334,0.08186223721217079,0.2639375860425076,-0.02021777818510817
2.1,0.3,0.21893942726215704,0.22953070352502583,0.22953070352502583,0.08146024354021536,0.2655667909133119,-0.020099683597771256
2.12,0.3,0.2193368121422064,0.2298675114635149,0.2298675114635149,0.08106057273784295,0.2671880023680688,-0.01998354011862047
2.14,0.3,0.21973194611128402,0.2302029962918412,0.2302029962918412,0.08066318785779358,0.26880126612522465,-0.019869244002468367
2.16,0.3,0.22012486237433787,0.2305371433452646,0.2305371433452646,0.08026805388871597,0.27040662720299896,-0.019756698453880783
2.18,0.3,0.22051559245057709,0.23086993947091605,0.23086993947091605,0.07987513762566212,0.2720041299555122,-0.019645813152692482
2.2,0.3,0.2209041662859001,0.2312013729219598,0.2312013729219598,0.0794844075494229,0.2735938181065007,-0.01953650381196076
2.22,0.3,0.22129061235764932,0.23153143325900372,0.23153143325900372,0.0790958337140999,0.27517573478078267,-0.01942869176615042
2.24,0.3,0.22167495777221707,0.23186011125826256,0.23186011125826256,0.07870938764235066,0.2767499225336297,-0.01932230358746151
2.2600000000000002,0.3,0.22205722835599145,0.2321873988260128,0.2321873988260128,0.07832504222778292,0.27831642337818535,-0.01921727072838747
2.2800000000000002,0.3,0.22243744874009747,0.23251328891890705,0.23251328891890705,0.07794277164400853,0.2798752788110655,-0.019113529188719003
2.3000000000000003,0.3,0.22281564243935756,0.23283777546974976,0.23283777546974976,0.07756255125990252,0.28142652983626354,-0.019011019205300572
2.32,0.3,0.2231918319258667,0.2331608533183589,0.2331608533183589,0.07718435756064243,0.2829702169874764,-0.018909684963004658
2.34,0.3,0.22356603869755032,0.2334825181471666,0.2334825181471666,0.07680816807413329,0.28450638034895903,-0.018809474325456876
2.36,0.3,0.22393828334204793,0.23380276642123454,0.23380276642123454,0.07643396130244967,0.286035059575008,-0.018710338584181085
2.38,0.3,0.2243085855962419,0.23412159533238197,0.23412159533238197,0.07606171665795206,0.28755629390816706,-0.018612232224880787
2.4,0.3,0.22467696440172932,0.2344390027471459,0.2344390027471459,0.0756914144037581,0.28907012219624223,-0.018515112709698023
2.42,0.3,0.22504343795651408,0.23475498715831006,0.23475498715831006,0.07532303559827067,0.29057658290820765,-0.018418940274371465
2.44,0.3,0.22540802376317756,0.23506954763975987,0.23506954763975987,0.07495656204348591,0.29207571414907735,-0.018323677739237598
2.46,0.3,0.22577073867376873,0.23538268380443508,0.23538268380443508,0.07459197623682243,0.2935675536738138,-0.01822929033317433
2.48,0.3,0.22613159893163784,0.23569439576516882,0.23569439576516882,0.07422926132623126,0.29505213890033843,-0.0181357455295586
2.5,0.3,0.22649062021042246,0.23600468409821462,0.23600468409821462,0.07386840106836215,0.29652950692170565,-0.01804301289345528
2.52,0.3,0.22684781765038092,0.23631354980928007,0.23631354980928007,0.07350937978957753,0.2979996945174972,-0.01795106393923107
2.54,0.3,0.22720320589225404,0.23662099430189154,0.23662099430189154,0.07315218234961907,0.2994627381644896,-0.017859871997923105
2.56,0.3,0.22755679910882423,0.2369270193479346,0.2369270193479346,0.07279679410774595,0.3009186740466445,-0.017769412093655845
2.58,0.3,0.22790861103432952,0.23723162706021944,0.23723162706021944,0.07244320089117576,0.30236753806446803,-0.01767966082850958
2.6,0.3,0.2282586549918787,0.23753481986693203,0.23753481986693203,0.07209138896567047,0.30380936584378143,-0.017590596275264547
2.62,0.3,0.22860694391900474,0.23783660048784455,0.23783660048784455,0.0717413450081213,0.3052441927439439,-0.01750219787745866
2.64,0.3,0.22895349039148316,0.2381369719121611,0.2381369719121611,0.07139305608099525,0.3066720538655638,-0.017414446356302238
2.66,0.3,0.22929830664553436,0.2384359373778912,0.2384359373778912,0.07104650960851683,0.3080929840577341,-0.01732732362392103
2.68,0.3,0.22964140459852012,0.23873350035264249,0.23873350035264249,0.07070169335446563,0.30950701792482344,-0.017240812702559727
2.7,0.3,0.22998279586823714,0.23902966451573796,0.23902966451573796,0.07035859540147987,0.310914189832853,-0.017154897649288015
2.72,0.3,0.23032249179090367,0.23932443374156698,0.23932443374156698,0.07001720413176285,0.31231453391548825,-0.017069563485851147
2.74,0.3,0.23066050343792843,0.23961781208408436,0.23961781208408436,0.06967750820909632,0.31370808407967016,-0.016984796133326374
2.7600000000000002,0.3,0.23099684163154485,0.23990980376237975,0.23990980376237975,0.06933949656207156,0.3150948740109116,-0.016900582351238314
2.7800000000000002,0.3,0.2313315169593885,0.24020041314724544,0.24020041314724544,0.06900315836845514,0.3164749371782807,-0.016816909680821
2.8000000000000003,0.3,0.23166453978808968,0.24048964474867113,0.24048964474867113,0.06866848304061149,0.31784830683909293,-0.01673376639218238
2.82,0.3,0.23199592027594843,0.240777503204205,0.240777503204205,0.06833546021191031,0.31921501604333113,-0.01665114143505897
2.84,0.3,0.2323256683847547,0.2410639932681211,0.2410639932681211,0.06800407972405156,0.32057509763781217,-0.01656902439293728
2.86,0.3,0.23265379389081225,0.24134911980133716,0.24134911980133716,0.06767433161524528,0.32192858427011706,-0.016487405440314407
2.88,0.3,0.23298030639522024,0.24163288776203182,0.24163288776203182,0.06734620610918773,0.3232755083923008,-0.016406275302877082
2.9,0.3,0.23330521533346366,0.24191530219691393,0.24191530219691393,0.06701969360477975,0.3246159022643964,-0.01632562522039943
2.92,0.3,0.23362852998435948,0.2421963682330986,0.2421963682330986,0.06669478466653633,0.3259497979577271,-0.016245446912170614
2.94,0.3,0.23395025947840273,0.24247609107054902,0.24247609107054902,0.0663714700156405,0.32727722735803993,-0.016165732544791422
2.96,0.3,0.23427041280555333,0.24275447597504454,0.24275447597504454,0.06604974052159726,0.3285982221684719,-0.01608647470216218
2.98,0.3,0.23458899882250192,0.24303152827163987,0.24303152827163987,0.06572958719444666,0.3299128139123608,-0.016007666357530093
3.0,0.3,0.23490602625945028,0.2433072533385816,0.2433072533385816,0.06541100117749807,0.3312210339359108,-0.01592930084742955
3.02,0.3,0.23522150372643935,0.2435816566016496,0.2435816566016496,0.0650939737405497,0.33252291341072177,-0.015851371847418194
3.04,0.3,0.23553543971925597,0.24385474352889658,0.24385474352889658,0.06477849627356064,0.33381848333619296,-0.01577387334945335
3.06,0.3,0.23584784262494685,0.2441265196257552,0.2441265196257552,0.06446456028074402,0.33510777454180785,-0.015696799640831094
3.08,0.3,0.23615872072696664,0.244396990430491,0.244396990430491,0.06415215737505314,0.3363908176893089,-0.01562014528454364
3.1,0.3,0.23646808220998514,0.2446661615099753,0.2446661615099753,0.06384127927303335,0.33766764327476956,-0.015543905100989797
3.12,0.3,0.2367759351643768,0.2449340384557565,0.2449340384557565,0.06353191779001485,0.3389382816305699,-0.015468074150924715
3.14,0.3,0.2370822875904144,0.2452006268804098,0.2452006268804098,0.06322406483562318,0.34020276292728235,-0.015392647719583707
3.16,0.3,0.23738714740218644,0.24546593241414583,0.24546593241414583,0.0629177124095856,0.34146111717547406,-0.015317621301878803
3.18,0.3,0.23769052243125827,0.24572996070166125,0.24572996070166125,0.06261285259781355,0.3427133742274303,-0.015242990588602845
3.2,0.3,0.237992420430093,0.24599271739921308,0.24599271739921308,0.06230947756874172,0.34395956377880516,-0.015168751453591145
3.22,0.3,0.23829284907524972,0.2462542081719032,0.2462542081719032,0.06200757956990699,0.3451997153702033,-0.015094899941736628
3.24,0.3,0.23859181597037366,0.24651443869115766,0.24651443869115766,0.061707150924750265,0.3464338583886983,-0.015021432257836254
3.2600000000000002,0.3,0.23888932864899232,0.2467734146323872,0.2467734146323872,0.061408184029626334,0.3476620220692908,-0.014948344756196552
3.2800000000000002,0.3,0.23918539457713142,0.24703114167281803,0.24703114167281803,0.06111067135100767,0.348884235496311,-0.014875633930933052
3.3000000000000003,0.3,0.23948002115576222,0.2472876254894787,0.2472876254894787,0.06081460542286857,0.35010052760476834,-0.014803296406955269
3.3200000000000003,0.3,0.23977321572309213,0.24754287175733486,0.24754287175733486,0.060519978844237765,0.3513109271816531,-0.01473132893154011
3.34,0.3,0.24006498555670916,0.2477968861475603,0.2477968861475603,0.06022678427690786,0.3525154628671912,-0.014659728366495095
3.36,0.3,0.2403553378755901,0.24804967432593494,0.24804967432593494,0.05993501444329083,0.353714163156057,-0.01458849168085169
3.38,0.3,0.2406442798419818,0.2483012419513621,0.2483012419513621,0.059644662124409886,0.35490705639854525,-0.014517615944047157
3.4,0.3,0.24093181856316412,0.2485515946744954,0.2485515946744954,0.05935572015801818,0.35609417080170563,-0.014447098319585183
3.42,0.3,0.24121796109310245,0.24880073813646844,0.24880073813646844,0.05906818143683587,0.35727553443044235,-0.014376936059115608
3.44,0.3,0.24150271443399768,0.2490486779677214,0.2490486779677214,0.05878203890689754,0.35845117520858033,-0.014307126496916622
3.46,0.3,0.24178608553774011,0.2492954197869149,0.2492954197869149,0.05849728556600231,0.3596211209199004,-0.01423766704476137
3.48,0.3,0.24206808130727425,0.24954096919992858,0.24954096919992858,0.058213914462259875,0.3607853992091456,-0.01416855518712179
3.5,0.3,0.24234870859788013,0.24978533179893558,0.24978533179893558,0.05793191869272574,0.3619440375830001,-0.014099788476706898
3.52,0.3,0.24262797421837723,0.2500285131615504,0.2500285131615504,0.05765129140211986,0.3630970634110425,-0.01403136453029391
3.54,0.3,0.24290588493225596,0.25027051885004203,0.25027051885004203,0.05737202578162276,0.36424450392667496,-0.013963281024854945
3.56,0.3,0.2431824474587416,0.25051135441061095,0.25051135441061095,0.05709411506774403,0.3653863862280298,-0.013895535693936312
3.58,0.3,0.2434576684737955,0.2507510253727234,0.2507510253727234,0.05681755254125839,0.366522737278855,-0.013828126324282042
3.6,0.3,0.24373155461105747,0.25098953724850015,0.25098953724850015,0.0565423315262045,0.3676535839093791,-0.013761050752694737
3.62,0.3,0.24400411246273374,0.25122689553215505,0.25122689553215505,0.05626844538894252,0.36877895281715795,-0.013694306863099026
3.64,0.3,0.24427534858043362,0.2514631056994805,0.2514631056994805,0.05599588753726625,0.36989887056790327,-0.013627892583813195
3.66,0.3,0.24454526947595884,0.25169817320737725,0.25169817320737725,0.05572465141956637,0.3710133635962946,-0.013561805884994282
3.68,0.3,0.24481388162204848,0.25193210349342404,0.25193210349342404,0.05545473052404115,0.3721224582067754,-0.013496044776260818
3.7,0.3,0.24508119145308252,0.2521649019754849,0.2521649019754849,0.05518611837795151,0.37322618057433443,-0.01343060730448209
3.72,0.3,0.24534720536574686,0.25239657405135224,0.25239657405135224,0.05491880854691747,0.37432455674527276,-0.013365491551702025
3.74,0.3,0.2456119297196623,0.2526271250984218,0.2526271250984218,0.05465279463425313,0.3754176126379578,-0.013300695633217119
3.7600000000000002,0.3,0.24587537083798,0.2528565604733989,0.2528565604733989,0.05438807028033768,0.37650537404356454,-0.013236217695772323
3.7800000000000002,0.3,0.24613753500794552,0.25308488551203223,0.25308488551203223,0.05412462916201999,0.37758786662680494,-0.013172055915884606
3.8000000000000003,0.3,0.24639842848143384,0.25331210552887456,0.25331210552887456,0.053862464992054465,0.37866511592664603,-0.013108208498276153
3.8200000000000003,0.3,0.24665805747545688,0.25353822581706725,0.25353822581706725,0.05360157151856615,0.37973714735701736,-0.013044673674415808
3.84,0.3,0.24691642817264567,0.25376325164814817,0.25376325164814817,0.05334194252454311,0.3808039862075082,-0.012981449701152115
3.86,0.3,0.24717354672170877,0.2539871882718808,0.2539871882718808,0.05308357182735432,0.3818656576440553,-0.012918534859439335
3.88,0.3,0.24742941923786854,0.2542100409161023,0.2542100409161023,0.05282645327829122,0.3829221867096211,-0.012855927453155058
3.9,0.3,0.2476840518032766,0.25443181478659016,0.25443181478659016,0.05257058076213145,0.3839735983248637,-0.012793625807988596
3.92,0.3,0.24793745046741006,0.254652515066947,0.254652515066947,0.05231594819672339,0.3850199172887982,-0.012731628270402917
3.94,0.3,0.24818962124744967,0.25487214691849924,0.25487214691849924,0.05206254953258993,0.38606116827945,-0.012669933206672923
3.96,0.3,0.24844057012864101,0.25509071548021184,0.25509071548021184,0.05181037875255032,0.387097375854501,-0.012608539001980612
3.98,0.3,0.24869030306464013,0.25530822586861646,0.25530822586861646,0.051559429871358975,0.38812856445192817,-0.012547444059567148
4.0,0.3,0.2489388259778442,0.2555246831777517,0.2555246831777517,0.05130969693535986,0.38915475839063535,-0.012486646799955703
4.0200000000000005,0.3,0.24918614475970863,0.255740092479116,0.255740092479116,0.05106117402215579,0.39017598187107844,-0.012426145660203447
4.04,0.3,0.24943226527105125,0.2559544588216307,0.2559544588216307,0.05081385524029136,0.3911922589758843,-0.012365939093221534
4.0600000000000005,0.3,0.24967719334234442,0.25616778723161354,0.25616778723161354,0.05056773472894874,0.39220361367046325,-0.012306025567131174
4.08,0.3,0.24992093477399596,0.2563800827127619,0.2563800827127619,0.05032280665765557,0.39321006980361634,-0.012246403564658559
4.1,0.3,0.2501634953366195,0.2565913502461442,0.2565913502461442,0.05007906522600403,0.39421165110813644,-0.01218707158257698
4.12,0.3,0.2504048807712952,0.2568015947901997,0.2568015947901997,0.049836504663380465,0.39520838120140406,-0.012128028131178081
4.14,0.3,0.25064509678982066,0.25701082128074565,0.25701082128074565,0.0495951192287048,0.39620028358597814,-0.01206927173378336
4.16,0.3,0.25088414907495415,0.2572190346309924,0.2572190346309924,0.049354903210179324,0.39718738165018175,-0.012010800926273713
4.18,0.3,0.251122043280649,0.25742623973156264,0.25742623973156264,0.049115850925045834,0.3981696986686827,-0.011952614256674488
4.2,0.3,0.25135878503228065,0.25763244145051883,0.25763244145051883,0.04887795671935097,0.3991472578030697,-0.011894710284743315
4.22,0.3,0.2515943799268667,0.2578376446333962,0.2578376446333962,0.04864121496771934,0.4001200821024241,-0.011837087581581529
4.24,0.3,0.25182883353328017,0.2580418541032383,0.2580418541032383,0.048405620073133315,0.4010881945038868,-0.0117797447293011
4.26,0.3,0.2520621513924569,0.2582450746606406,0.2582450746606406,0.04817116646671982,0.4020516178332212,-0.011722680320674916
4.28,0.3,0.2522943390175965,0.2584473110837958,0.2584473110837958,0.047937848607543077,0.40301037480537205,-0.01166589295883702
4.3,0.3,0.2525254018943583,0.2586485681285452,0.2586485681285452,0.047705660982403475,0.4039644880250201,-0.011609381256980078
4.32,0.3,0.2527553454810519,0.25884885052843204,0.25884885052843204,0.0474745981056417,0.40491397998713297,-0.01155314383808892
4.34,0.3,0.2529841752088231,0.2590481629947597,0.2590481629947597,0.047244654518948104,0.40585887307751195,-0.011497179334679641
4.36,0.3,0.25321189648183506,0.2592465102166519,0.2592465102166519,0.047015824791176886,0.4067991895733355,-0.011441486388560906
4.38,0.3,0.2534385146774453,0.2594438968611174,0.2594438968611174,0.046788103518164925,0.4077349516436988,-0.011386063650598022
4.4,0.3,0.25366403514637875,0.25964032757311484,0.25964032757311484,0.04656148532255466,0.40866618135014987,-0.011330909780513099
4.42,0.3,0.2538884632128967,0.2598358069756231,0.2598358069756231,0.046335964853621237,0.4095929006472223,-0.011276023446671335
4.44,0.3,0.2541118041749627,0.26003033966971123,0.26003033966971123,0.04611153678710328,0.41051513138296436,-0.011221403325897827
4.46,0.3,0.2543340633044045,0.26022393023461227,0.26022393023461227,0.04588819582503728,0.4114328952994651,-0.011167048103299937
4.48,0.3,0.2545552458470734,0.2604165832277986,0.2604165832277986,0.04566593669559549,0.412346214033377,-0.011112956472089652
4.5,0.3,0.2547753570230001,0.26060830318505745,0.26060830318505745,0.04544475415292659,0.41325510911643554,-0.011059127133444813
4.5200000000000005,0.3,0.2549944020265481,0.26079909462057094,0.26079909462057094,0.04522464297699991,0.4141596019759755,-0.011005558796334247
4.54,0.3,0.2552123860265643,0.2609889620269945,0.2609889620269945,0.04500559797345188,0.41505971393544455,-0.010952250177401202
4.5600000000000005,0.3,0.25542931416652703,0.2611779098755389,0.2611779098755389,0.04478761397343567,0.41595546621491325,-0.010899200000810683
4.58,0.3,0.25564519156469157,0.26136594261605217,0.26136594261605217,0.044570685833472956,0.4168468799315827,-0.01084640699813566
4.6000000000000005,0.3,0.2558600233142338,0.2615530646771032,0.2615530646771032,0.044354808435308424,0.4177339761002889,-0.010793869908226617
4.62,0.3,0.25607381448339134,0.261739280466066,0.261739280466066,0.04413997668576619,0.41861677563400423,-0.010741587477111625
4.64,0.3,0.25628657011560274,0.26192459436920473,0.26192459436920473,0.04392618551660865,0.4194952993443364,-0.010689558457877002
4.66,0.3,0.25649829522964485,0.2621090107517604,0.2621090107517604,0.04371342988439725,0.42036956794202435,-0.010637781610570163
4.68,0.3,0.25670899481976817,0.26229253395803664,0.26229253395803664,0.04350170477035514,0.42123960203743144,-0.010586255702105252
4.7,0.3,0.2569186738558307,0.2624751683114879,0.2624751683114879,0.04329100518023182,0.4221054221410361,-0.010534979506165998
4.72,0.3,0.25712733728342985,0.2626569181148064,0.2626569181148064,0.04308132614416926,0.4229670486639195,-0.010483951803128
4.74,0.3,0.2573349900240328,0.26283778765001187,0.26283778765001187,0.04287266271657014,0.4238245019182509,-0.01043317137995603
4.76,0.3,0.25754163697510574,0.2630177811785383,0.2630177811785383,0.04266500997596717,0.42467780211777023,-0.010382637030148523
4.78,0.3,0.25774728301024097,0.2631969029413249,0.2631969029413249,0.04245836302489425,0.4255269693782681,-0.010332347553645982
4.8,0.3,0.25795193297928326,0.26337515715890436,0.26337515715890436,0.04225271698975902,0.4263720237180633,-0.010282301756761592
4.82,0.3,0.25815559170845453,0.2635525480314932,0.2635525480314932,0.04204806702071673,0.42721298505847766,-0.010232498452114602
4.84,0.3,0.2583582640004773,0.2637290797390806,0.2637290797390806,0.041844408291545454,0.42804987322430854,-0.010182936458563718
4.86,0.3,0.258559954634697,0.26390475644151984,0.26390475644151984,0.0416417359995227,0.428882707944299,-0.010133614601137708
4.88,0.3,0.2587606683672032,0.26407958227861683,0.26407958227861683,0.04144004536530299,0.4297115088516051,-0.010084531710985445
4.9,0.3,0.2589604099309493,0.2642535613702212,0.2642535613702212,0.041239331632796805,0.43053629548426103,-0.010035686625309292
4.92,0.3,0.25915918403587174,0.2644266978163165,0.2644266978163165,0.04103959006905067,0.43135708728564204,-0.00998707818730682
4.94,0.3,0.2593569953690077,0.26459899569711015,0.26459899569711015,0.04084081596412825,0.4321739036049246,-0.009938705246120838
4.96,0.3,0.2595538485946119,0.264770459073123,0.264770459073123,0.0406430046309923,0.4329867636975444,-0.009890566656797772
4.98,0.3,0.2597497483542726,0.26494109198528126,0.26494109198528126,0.0404461514053881,0.43379568672565216,-0.009842661280209941
5.0,0.3,0.2599446992670265,0.2651108984550044,0.2651108984550044,0.040250251645727375,0.4346006917585667,-0.00979498798303613
5.0200000000000005,0.3,0.2601387059294727,0.2652798824842965,0.2652798824842965,0.040055300732973476,0.4354017977732262,-0.009747545637694977
5.04,0.3,0.2603317729158859,0.26544804805583566,0.26544804805583566,0.0398612940705273,0.43619902365463675,-0.00970033312230889
5.0600000000000005,0.3,0.2605239047783287,0.2656153991330635,0.2656153991330635,0.039668227084114105,0.436992388196319,-0.009653349320659643
5.08,0.3,0.2607151060467631,0.2657819396602747,0.2657819396602747,0.03947609522167128,0.43778191010075246,-0.009606593122141183
5.1000000000000005,0.3,0.26090538122916107,0.2659476735627068,0.2659476735627068,0.039284893953236866,0.4385676079798172,-0.009560063421720777
5.12,0.3,0.26109473481161444,0.2661126047466288,0.2661126047466288,0.03909461877083892,0.43934950035523396,-0.00951375911989738
5.14,0.3,0.2612831712584441,0.2662767370994301,0.2662767370994301,0.03890526518838555,0.44012760565900166,-0.009467679122668327
5.16,0.3,0.2614706950123083,0.26644007448970936,0.26644007448970936,0.03871682874155591,0.4409019422338328,-0.009421822341482144
5.18,0.3,0.2616573104943103,0.2666026207673628,0.2666026207673628,0.03852930498769169,0.4416725283335866,-0.009376187693210802
5.2,0.3,0.2618430221041053,0.26676437976367284,0.26676437976367284,0.0383426895056897,0.44243938212370043,-0.009330774100099748
5.22,0.3,0.26202783422000675,0.26692535529139516,0.26692535529139516,0.03815697789589467,0.44320252168161833,-0.009285580489751255
5.24,0.3,0.26221175119909185,0.26708555114484744,0.26708555114484744,0.03797216577999324,0.4439619649972182,-0.009240605795071688
5.26,0.3,0.26239477737730654,0.26724497109999523,0.26724497109999523,0.03778824880090814,0.44471772997323633,-0.009195848954254848
5.28,0.3,0.2625769170695696,0.26740361891454045,0.26740361891454045,0.037605222622693446,0.4454698344256902,-0.00915130891073479
5.3,0.3,0.26275817456987643,0.26756149832800824,0.26756149832800824,0.037423082930430396,0.4462182960842988,-0.009106984613152513
5.32,0.3,0.2629385541514021,0.2677186130618318,0.2677186130618318,0.037241825430123554,0.44696313259290127,-0.009062875015342087
5.34,0.3,0.2631180600666035,0.2678749668194399,0.2678749668194399,0.037061445848597885,0.44770436150987325,-0.009018979076283462
5.36,0.3,0.2632966965473213,0.2680305632863429,0.2680305632863429,0.0368819399333965,0.4484420003085412,-0.008975295760069169
5.38,0.3,0.26347446780488115,0.2681854061302173,0.2681854061302173,0.03670330345267869,0.4491760663775948,-0.008931824035890434
5.4,0.3,0.2636513780301943,0.2683394990009915,0.2683394990009915,0.03652553219511884,0.44990657702149717,-0.008888562877992778
5.42,0.3,0.26382743139385745,0.26849284553093067,0.26849284553093067,0.036348621969805706,0.4506335494608933,-0.00884551126565658
5.44,0.3,0.2640026320462525,0.26864544933472123,0.26864544933472123,0.03617256860614254,0.45135700083301616,-0.008802668183158224
5.46,0.3,0.26417698411764534,0.26879731400955487,0.26879731400955487,0.03599736795374747,0.4520769481920911,-0.008760032619753444
5.48,0.3,0.2643504917182842,0.2689484431352126,0.2689484431352126,0.03582301588235465,0.4527934085097382,-0.008717603569641241
5.5,0.3,0.2645231589384974,0.26909884027414815,0.26909884027414815,0.035649508281715814,0.4535063986753725,-0.008675380031941682
5.5200000000000005,0.3,0.26469498984879103,0.2692485089715712,0.2692485089715712,0.03547684106150256,0.45421593549660255,-0.008633361010662588
5.54,0.3,0.2648659884999452,0.2693974527555301,0.2693974527555301,0.03530501015120896,0.45492203569962675,-0.00859154551468011
5.5600000000000005,0.3,0.2650361589231106,0.26954567513699423,0.26954567513699423,0.035134011500054796,0.45562471592962783,-0.008549932557708195
5.58,0.3,0.26520550512990426,0.26969317960993655,0.26969317960993655,0.03496384107688938,0.45632399275116564,-0.008508521158270832
5.6000000000000005,0.3,0.2653740311125046,0.26983996965141455,0.26983996965141455,0.03479449487009573,0.4570198826485676,-0.008467310339682621
5.62,0.3,0.2655417408437464,0.2699860487216522,0.2699860487216522,0.03462596888749536,0.45771240202631747,-0.008426299130018244
5.64,0.3,0.2657086382772145,0.2701314202641212,0.2701314202641212,0.03445825915625361,0.45840156720944253,-0.008385486562087485
5.66,0.3,0.2658747273473384,0.2702760877056213,0.2702760877056213,0.03429136172278546,0.45908739444389823,-0.008344871673407472
5.68,0.3,0.2660400119694846,0.27042005445635986,0.27042005445635986,0.034125272652661576,0.45976989989695144,-0.008304453506194354
5.7,0.3,0.26620449604005003,0.2705633239100338,0.2705633239100338,0.033959988030515365,0.46044909965756176,-0.00826423110731056
5.72,0.3,0.26636818343655394,0.2707058994439068,0.2707058994439068,0.03379550395994996,0.46112500973676074,-0.008224203528270357
5.74,0.3,0.2665310780177298,0.27084778441889035,0.27084778441889035,0.03363181656344605,0.46179764606802964,-0.008184369825195437
5.76,0.3,0.26669318362361677,0.2709889821796221,0.2709889821796221,0.033468921982270194,0.4624670245076751,-0.00814472905879271
5.78,0.3,0.2668545040756505,0.27112949605454384,0.27112949605454384,0.03330681637638322,0.46313316083520273,-0.00810528029434876
5.8,0.3,0.2670150431767534,0.27126932935598,0.27126932935598,0.03314549592434951,0.4637960707536897,-0.00806602260168543
5.82,0.3,0.26717480471142474,0.27140848538021595,0.27140848538021595,0.03298495682324659,0.46445576989015463,-0.008026955055145946
5.84,0.3,0.2673337924458302,0.271546967407575,0.271546967407575,0.03282519528857525,0.4651122737959261,-0.007988076733567162
5.86,0.3,0.26749201012789076,0.27168477870249474,0.27168477870249474,0.03266620755416977,0.4657655979470095,-0.00794938672027401
5.88,0.3,0.2676494614873713,0.2718219225136056,0.2718219225136056,0.03250798987210923,0.4664157577444517,-0.00791088410302676
5.9,0.3,0.2678061502359689,0.2719584020738053,0.2719584020738053,0.0323505385126287,0.4670627685147043,-0.007872567974026579
5.92,0.3,0.2679620800674004,0.27209422060033583,0.27209422060033583,0.03219384976403111,0.4677066455099849,-0.007834437429879437
5.94,0.3,0.2681172546574898,0.27222938129485913,0.27222938129485913,0.03203791993259958,0.46834740390863694,-0.007796491571576691
5.96,0.3,0.26827167766425497,0.2723638873435323,0.2723638873435323,0.03188274534251018,0.46898505881548713,-0.007758729504470097
5.98,0.3,0.2684253527279941,0.27249774191708215,0.27249774191708215,0.03172832233574502,0.469619625262202,-0.007721150338257932
6.0,0.3,0.2685782834713718,0.2726309481708803,0.2726309481708803,0.031574647272005874,0.47025111820764215,-0.007683753186957243
6.0200000000000005,0.3,0.26873047349950435,0.272763509245017,0.272763509245017,0.031421716528628185,0.47087955253821473,-0.007646537168884415
6.04,0.3,0.26888192640004516,0.27289542826437574,0.27289542826437574,0.03126952650049564,0.47150494306822466,-0.007609501406627417
6.0600000000000005,0.3,0.2690326457432692,0.2730267083387057,0.2730267083387057,0.031118073599954832,0.4721273045402238,-0.007572645027040248
6.08,0.3,0.26918263508215745,0.27315735256269613,0.27315735256269613,0.030967354256730806,0.4727466516253584,-0.007535967161201307
6.1000000000000005,0.3,0.26933189795248075,0.27328736401604803,0.27328736401604803,0.030817364917842538,0.47336299892371525,-0.007499466944413391
6.12,0.3,0.26948043787288317,0.2734167457635477,0.2734167457635477,0.03066810204751924,0.4739763609646656,-0.0074631435161648385
6.140000000000001,0.3,0.2696282583449652,0.2735455008551381,0.2735455008551381,0.030519562127116817,0.474586752207208,-0.0074269960201212015
6.16,0.3,0.2697753628533661,0.27367363232599107,0.27367363232599107,0.030371741655034812,0.4751941870403087,-0.007391023604100266
6.18,0.3,0.2699217548658466,0.273801143196579,0.273801143196579,0.03022463714663387,0.47579867978324136,-0.0073552254200470735
6.2,0.3,0.27006743783337017,0.27392803647274516,0.27392803647274516,0.030078245134153414,0.47640024468592446,-0.007319600624022815
6.22,0.3,0.2702124151901849,0.27405431514577533,0.27405431514577533,0.029932562166629817,0.47699889592925704,-0.007284148376179855
6.24,0.3,0.2703566903539043,0.2741799821924679,0.2741799821924679,0.029787584809815082,0.47759464762545334,-0.00724886784073675
6.26,0.3,0.2705002667255879,0.27430504057520394,0.27430504057520394,0.029643309646095684,0.47818751381837526,-0.007213758185969921
6.28,0.3,0.27064314768982173,0.2744294932420172,0.2744294932420172,0.029499733274412077,0.4787775084838635,-0.0071788185841803465
6.3,0.3,0.27078533661479776,0.2745533431266629,0.2745533431266629,0.02935685231017826,0.4793646455300671,-0.00714404821169079
6.32,0.3,0.27092683685239377,0.2746765931486882,0.2746765931486882,0.029214663385202233,0.4799489387977711,-0.007109446248801388
6.34,0.3,0.27106765173825215,0.27479924621349905,0.27479924621349905,0.029073163147606218,0.4805304020607232,-0.007075011879800752
6.36,0.3,0.2712077845918586,0.2749213052124306,0.2749213052124306,0.028932348261747842,0.4811090490259582,-0.007040744292918788
6.38,0.3,0.27134723871662064,0.27504277302281394,0.27504277302281394,0.028792215408141364,0.481684893334121,-0.007006642680323916
6.4,0.3,0.27148601739994516,0.2751636525080445,0.2751636525080445,0.028652761283379347,0.4822579485597886,-0.0069727062381008675
6.42,0.3,0.2716241239133162,0.2752839465176493,0.2752839465176493,0.028513982600054832,0.48282822821178967,-0.006938934166225708
6.44,0.3,0.27176156151237213,0.27540365788735466,0.27540365788735466,0.028375876086683793,0.48339574573352334,-0.006905325668551954
6.46,0.3,0.2718983334369823,0.27552278943915154,0.27552278943915154,0.02823843848762786,0.4839605145032759,-0.0068718799527967
6.48,0.3,0.27203444291132345,0.27564134398136403,0.27564134398136403,0.028101666563017713,0.48452254783453624,-0.00683859623050731
6.5,0.3,0.27216989314395584,0.2757593243087138,0.2757593243087138,0.02796555708867654,0.4850818589763098,-0.006805473717058641
6.5200000000000005,0.3,0.2723046873278988,0.2758767332023873,0.2758767332023873,0.027830106856044146,0.4856384611134307,-0.006772511631619738
6.54,0.3,0.2724388286407061,0.27599357343010034,0.27599357343010034,0.02769531267210118,0.4861923673668727,-0.00673970919714828
6.5600000000000005,0.3,0.2725723202445409,0.27610984774616365,0.27610984774616365,0.027561171359293868,0.4867435907940586,-0.006707065640365606
6.58,0.3,0.2727051652862503,0.27622555889154776,0.27622555889154776,0.027427679755459067,0.4872921443891678,-0.006674580191740054
6.6000000000000005,0.3,0.27283736689743926,0.27634070959394774,0.27634070959394774,0.027294834713749716,0.4878380410834428,-0.006642252085467537
6.62,0.3,0.272968928194545,0.27645530256784745,0.27645530256784745,0.02716263310256073,0.48838129374549405,-0.006610080559449338
6.640000000000001,0.3,0.27309985227891004,0.27656934051458326,0.27656934051458326,0.027031071805454998,0.48892191518160316,-0.006578064855286558
6.66,0.3,0.27323014223685543,0.2766828261224078,0.2766828261224078,0.02690014772108995,0.48945991813602496,-0.0065462042182523605
6.68,0.3,0.27335980113975356,0.27679576206655393,0.27679576206655393,0.026769857763144556,0.48999531529128787,-0.0065144978972697665
6.7,0.3,0.27348883204410057,0.2769081510092968,0.2769081510092968,0.026640198860246433,0.4905281192684928,-0.006482945144906105
6.72,0.3,0.27361723799158844,0.27701999560001717,0.27701999560001717,0.026511167955899417,0.49105834262761083,-0.006451545217350807
6.74,0.3,0.2737450220091766,0.27713129847526374,0.27713129847526374,0.026382762008411553,0.49158599786777907,-0.006420297374393202
6.76,0.3,0.27387218710916345,0.27724206225881537,0.27724206225881537,0.02625497799082338,0.4921110974275955,-0.006389200879408641
6.78,0.3,0.27399873628925725,0.27735228956174285,0.27735228956174285,0.026127812890836544,0.49263365368541223,-0.006358254999341839
6.8,0.3,0.27412467253264683,0.2774619829824703,0.2774619829824703,0.02600126371074274,0.4931536789596271,-0.006327459004690228
6.82,0.3,0.27424999880807194,0.2775711451068369,0.2775711451068369,0.02587532746735316,0.49367118550897415,-0.006296812169478971
6.84,0.3,0.2743747180698932,0.2776797785081573,0.2776797785081573,0.02575000119192805,0.49418618553281274,-0.006266313771255416
6.86,0.3,0.27449883325816193,0.2777878857472823,0.2777878857472823,0.02562528193010677,0.49469869117141485,-0.006235963091064112
6.88,0.3,0.2746223472986891,0.2778954693726597,0.2778954693726597,0.025501166741838055,0.4952087145062516,-0.0062057594134357075
6.9,0.3,0.27474526310311476,0.27800253192039404,0.27800253192039404,0.02537765270131087,0.4957162675602778,-0.006175702026359198
6.92,0.3,0.2748675835689762,0.2781090759143059,0.2781090759143059,0.025254736896885233,0.4962213622982155,-0.0061457902212819215
6.94,0.3,0.27498931157977685,0.27821510386599285,0.27821510386599285,0.025132416431023763,0.49672401062683597,-0.00611602329307348
6.96,0.3,0.2751104500050536,0.2783206182748864,0.2783206182748864,0.025010688420223137,0.49722422439524044,-0.006086400540031289
6.98,0.3,0.27523100170044484,0.2784256216283136,0.2784256216283136,0.024889549994946414,0.4977220153951394,-0.006056921263836168
7.0,0.3,0.2753509695077579,0.27853011640155323,0.27853011640155323,0.024768998299555145,0.49821739536113047,-0.006027584769563443
7.0200000000000005,0.3,0.27547035625503563,0.27863410505789554,0.27863410505789554,0.024649030492242097,0.4987103759709753,-0.005998390365652417
7.04,0.3,0.27558916475662343,0.27873759004870013,0.27873759004870013,0.024529643744964358,0.49920096884587456,-0.00596933736388694
7.0600000000000005,0.3,0.27570739781323544,0.2788405738134534,0.2788405738134534,0.02441083524337656,0.4996891855507421,-0.005940425079389855
7.08,0.3,0.2758250582120206,0.27894305877982606,0.27894305877982606,0.024292602186764545,0.5001750375944773,-0.0059116528306008
7.1000000000000005,0.3,0.27594214872662826,0.2790450473637309,0.2790450473637309,0.02417494178797941,0.500658536430237,-0.005883019939256773
7.12,0.3,0.27605867211727375,0.27914654196937905,0.27914654196937905,0.024057851273371733,0.5011396934557044,-0.005854525730383808
7.140000000000001,0.3,0.2761746311308033,0.27924754498933724,0.27924754498933724,0.023941327882726238,0.5016185200133589,-0.005826169532274772
7.16,0.3,0.27629002850075896,0.2793480588045835,0.2793480588045835,0.023825368869196673,0.5020950273907429,-0.0057979506764782585
7.18,0.3,0.27640486694744276,0.27944808578456404,0.27944808578456404,0.023709971499241034,0.5025692268207277,-0.005769868497781938
7.2,0.3,0.27651914917798115,0.27954762828724855,0.27954762828724855,0.023595133052557227,0.5030411294817788,-0.0057419223341903525
7.22,0.3,0.27663287788638863,0.2796466886591862,0.2796466886591862,0.02348085082201884,0.5035107464982191,-0.005714111526919363
7.24,0.3,0.27674605575363126,0.27974526923556065,0.27974526923556065,0.02336712211361136,0.5039780889404913,-0.0056864354203739476
7.26,0.3,0.27685868544768993,0.27984337234024526,0.27984337234024526,0.02325394424636873,0.5044431678254188,-0.005658893362131545
7.28,0.3,0.2769707696236233,0.2799410002858579,0.2799410002858579,0.023141314552310055,0.504905994116465,-0.005631484702933731
7.3,0.3,0.2770823109236303,0.2800381553738147,0.2800381553738147,0.023029230376376664,0.5053665787239925,-0.005604208796669563
7.32,0.3,0.27719331197711233,0.28013483989438615,0.28013483989438615,0.022917689076369707,0.5058249325055199,-0.005577065000347825
7.34,0.3,0.2773037754007355,0.28023105612674887,0.28023105612674887,0.022806688022887656,0.5062810662659776,-0.005550052674102579
7.36,0.3,0.27741370379849206,0.28032680633904106,0.28032680633904106,0.022696224599264514,0.5067349907579629,-0.005523171181157083
7.38,0.3,0.277523099761762,0.2804220927884146,0.2804220927884146,0.022586296201507927,0.5071867166819931,-0.00549641988782934
7.4,0.3,0.2776319658693739,0.2805169177210898,0.2805169177210898,0.022476900238238007,0.5076362546867579,-0.00546979816349602
7.42,0.3,0.277740304687666,0.2806112833724068,0.2806112833724068,0.022368034130626102,0.5080836153693704,-0.005443305380595231
7.44,0.3,0.27784811877054644,0.28070519196687915,0.28070519196687915,0.022259695312334016,0.508528809275617,-0.005416940914604318
7.46,0.3,0.2779554106595537,0.2807986457182462,0.2807986457182462,0.02215188122945355,0.5089718469002061,-0.005390704144023206
7.48,0.3,0.2780621828839163,0.28089164682952494,0.28089164682952494,0.022044589340446286,0.5094127386870151,-0.0053645944503633025
7.5,0.3,0.2781684379606125,0.28098419749306225,0.28098419749306225,0.02193781711608367,0.5098514950293368,-0.00533861121813084
7.5200000000000005,0.3,0.27827417839442975,0.2810762998905867,0.2810762998905867,0.021831562039387464,0.5102881262701245,-0.005312753834810224
7.54,0.3,0.2783794066780235,0.2811679561932592,0.2811679561932592,0.02172582160557024,0.510722642702236,-0.00528702169086126
7.5600000000000005,0.3,0.2784841252919763,0.28125916856172506,0.28125916856172506,0.021620593321976467,0.5111550545686755,-0.005261414179688617
7.58,0.3,0.2785883367048559,0.28134993914616446,0.28134993914616446,0.021515874708023686,0.5115853720628359,-0.005235930697639057
7.6000000000000005,0.3,0.27869204337327363,0.2814402700863434,0.2814402700863434,0.0214116632951441,0.5120136053287389,-0.005210570643979229
7.62,0.3,0.27879524774194236,0.28153016351166393,0.28153016351166393,0.021307956626726354,0.5124397644612734,-0.005185333420887339
7.640000000000001,0.3,0.2788979522437341,0.2816196215412146,0.2816196215412146,0.021204752258057624,0.5128638595064345,-0.005160218433436503
7.66,0.3,0.2790001592997372,0.2817086462838197,0.2817086462838197,0.021102047756265896,0.5132859004615599,-0.005135225089586415
7.68,0.3,0.2791018713193137,0.28179723983809013,0.28179723983809013,0.020999840700262784,0.5137058972755651,-0.005110352800155593
7.7,0.3,0.2792030907001558,0.2818854042924718,0.2818854042924718,0.0208981286806863,0.5141238598491789,-0.005085600978824156
7.72,0.3,0.2793038198283427,0.28197314172529553,0.28197314172529553,0.02079690929984418,0.5145397980351757,-0.005060969042106067
7.74,0.3,0.2794040610783966,0.28206045420482606,0.28206045420482606,0.020696180171657308,0.5149537216386089,-0.0050364564093435815
7.76,0.3,0.2795038168133389,0.2821473437893097,0.2821473437893097,0.020595938921603385,0.5153656404170409,-0.005012062502696146
7.78,0.3,0.27960308938474565,0.2822338125270246,0.2822338125270246,0.020496183186661077,0.5157755640807742,-0.004987786747115419
7.8,0.3,0.2797018811328032,0.282319862456328,0.282319862456328,0.020396910615254338,0.5161835022930793,-0.004963628570336942
7.82,0.3,0.2798001943863632,0.28240549560570394,0.28240549560570394,0.02029811886719679,0.5165894646704232,-0.004939587402877366
7.84,0.3,0.27989803146299774,0.28249071399381204,0.28249071399381204,0.020199805613636768,0.5169934607826959,-0.0049156626780011425
7.86,0.3,0.2799953946690536,0.2825755196295343,0.2825755196295343,0.020101968537002246,0.5173955001534359,-0.0048918538317260785
7.88,0.3,0.28009228629970706,0.28265991451202344,0.28265991451202344,0.02000460533094639,0.5177955922600549,-0.004868160302792801
7.9,0.3,0.2801887086390176,0.2827439006307483,0.2827439006307483,0.01990771370029293,0.5181937465340608,-0.004844581532673087
7.92,0.3,0.2802846639599822,0.2828274799655427,0.2828274799655427,0.019811291360982364,0.5185899723612805,-0.004821116965528227
7.94,0.3,0.2803801545245883,0.2829106544866503,0.2829106544866503,0.019715336040017795,0.5189842790820808,-0.004797766048228458
7.96,0.3,0.2804751825838678,0.28299342615477324,0.28299342615477324,0.01961984547541168,0.519376675991589,-0.0047745282303057746
7.98,0.3,0.2805697503779495,0.28307579692111584,0.28307579692111584,0.019524817416132212,0.5197671723399117,-0.004751402963973361
