time_s,left_rad_s,right_rad_s,left_ctrl,right_ctrl,left_error,right_error
0.0,0.4847999999999999,0.6464,8.483999999999998,11.312,6.0,8.0
0.02,0.9075253028571428,1.2100337371428571,7.8824928,10.5099904,5.5152,7.3536
0.04,1.2763508296515917,1.7018011062021223,7.36197202176,9.81596269568,5.092474697142857,6.789966262857143
0.06,1.5983734892505095,2.1311646523340126,6.911747372632649,9.215663163510198,4.723649170348408,6.298198893797878
0.08,1.8797543424558893,2.506339123274519,6.522538420344658,8.696717893792878,4.401626510749491,5.868835347665987
0.1,2.1258420180334237,2.834456024044565,6.186288665062743,8.248384886750323,4.12024565754411,5.493660876725481
0.12,2.341279853060184,3.1217064707469118,5.896004131001727,7.861338841335636,3.8741579819665763,5.165543975955435
0.14,2.5300989039722546,3.3734652052963394,5.645613244021419,7.527484325361894,3.658720146939816,4.878293529253089
0.16,2.6957986916360634,3.594398255514751,5.429845188088909,7.239793584118546,3.4699010960277454,4.626534794703661
0.18,2.841417298038384,3.7885563973845118,5.244124303676672,6.992165738235563,3.3042013083639366,4.405601744485249
0.2,2.9695922188670982,3.959456291822798,5.084478412540886,6.779304550054515,3.158582701961616,4.211443602615488
0.22,3.0826131910642096,4.1101509214189464,4.947459232316546,6.596612309755394,3.0304077811329018,4.040543708177202
0.24,3.1824680536642944,4.243290738219059,4.830073286565692,6.440097715420922,2.9173868089357904,3.8898490785810536
0.26,3.2708825606648646,4.361176747553153,4.729721926174273,6.306295901565697,2.8175319463357056,3.756709261780941
0.28,3.3493549435139673,4.465806591351957,4.644149260524166,6.192199014032221,2.7291174393351354,3.638823252446847
0.3,3.419185915617525,4.558914554156701,4.571396955326227,6.095195940434968,2.6506450564860327,3.5341934086480427
0.32,3.4815047199572438,4.642006293276325,4.5097649915626015,6.013019988750134,2.580814084382475,3.4410854458432993
0.34,3.537291741640121,4.7163889888534944,4.457777599407593,5.943703465876791,2.5184952800427562,3.3579937067236747
0.36,3.587398138384606,4.783197517846141,4.414153684668603,5.885538246224805,2.462708258359879,3.2836110111465056
0.38,3.6325628822077105,4.843417176276947,4.37778115528894,5.837041540385254,2.412601861615394,3.2168024821538594
0.4,3.6734275537150234,4.8979034049533645,4.347694633585686,5.796926178114247,2.3674371177922895,3.1565828237230527
0.42,3.710549185372647,4.947398913830196,4.3230561077234375,5.764074810297917,2.3265724462849766,3.1020965950466355
0.44,3.7444114110546414,4.992548548072855,4.303138134807548,5.73751751307673,2.289450814627353,3.052601086169804
0.46,3.775434145228547,5.033912193638062,4.287309259097991,5.716412345463986,2.2555885889453586,3.007451451927145
0.48,3.8039819856852772,5.071975980913702,4.275021353221322,5.700028470961764,2.224565854771453,2.966087806361938
0.5,3.8303715081479646,5.107162010863952,4.265798628782306,5.687731505043076,2.1960180143147228,2.9280240190862976
0.52,3.854877598894965,5.13983679852662,4.259228096220473,5.678970794960631,2.1696284918520354,2.892837989136048
0.54,3.8777389522604038,5.170318603013872,4.2549512827901435,5.673268377053524,2.145122401105035,2.86016320147338
0.56,3.8991628431453456,5.19888379086046,4.252657042746883,5.670209390329177,2.1222610477395962,2.8296813969861283
0.58,3.919329270148693,5.225772360198257,4.252075315703929,5.669433754271907,2.1008371568546544,2.80111620913954
0.6,3.9383945523183197,5.251192736424426,4.252971708117161,5.670628944156215,2.080670729851307,2.774227639801743
0.62,3.9564944515771145,5.275325935436152,4.255142789347228,5.673523719129637,2.0616054476816803,2.748807263575574
0.64,3.9737468833762986,5.298329177835064,4.258412008062836,5.677882677417114,2.0435055484228855,2.724674064563848
0.66,3.990254269879179,5.320339026505572,4.262626147176709,5.683501529568947,2.0262531166237014,2.701670822164936
0.68,4.00610558281719,5.3414741104229195,4.267652246294368,5.690202995059158,2.009745730120821,2.6796609734944283
0.7000000000000001,4.021378116943162,5.3618374892575495,4.2733749300217125,5.697833240028951,1.9938944171828101,2.6585258895770805
0.72,4.036139029609733,5.38151870614631,4.279694088608147,5.706258784810863,1.9786218830568378,2.6381625107424505
0.74,4.050446677315486,5.400595569753981,4.286522864460412,5.715363819280549,1.9638609703902672,2.61848129385369
0.76,4.064351775994027,5.419135701325368,4.29378590418994,5.7250478722532545,1.9495533226845136,2.599404430246019
0.78,4.077898408290143,5.43719787772019,4.301417841176067,5.735223788234757,1.9356482240059734,2.5808642986746317
0.8,4.091124898001874,5.454833197335832,4.309361978245442,5.745815970993924,1.9221015917098567,2.56280212227981
0.8200000000000001,4.104064569206167,5.472086092274888,4.317569144076993,5.756758858769324,1.9088751019981256,2.545166802664168
0.84,4.116746405275649,5.488995207034197,4.325996700422096,5.767995600562797,1.8959354307938332,2.527913907725112
0.86,4.129195620988524,5.50559416131803,4.334607680250963,5.7794769070012855,1.8832535947243514,2.511004792965803
0.88,4.141434159192556,5.521912212256741,4.343370039559098,5.791160052745466,1.8708043790114761,2.4944058386819696
0.9,4.153481121972682,5.537974829296909,4.3522560078447565,5.803008010459678,1.8585658408074437,2.4780877877432594
0.92,4.16535314495967,5.553804193279559,4.361241524244964,5.814988698993285,1.846518878027318,2.4620251707030913
0.9400000000000001,4.177064722278188,5.56941962970425,4.370305748033745,5.82707433071166,1.8346468550403303,2.446195806720441
0.96,4.188628488643773,5.584837984858364,4.379430633675925,5.839240844901234,1.822935277721812,2.4305803702957496
0.98,4.2000554642597345,5.600073952346312,4.388600561923093,5.8514674158974564,1.811371511356227,2.415162015141636
1.0,4.211355267419814,5.61514035655975,4.3978020195611105,5.863736026081481,1.7999445357402655,2.399926047653688
1.02,4.222536299075431,5.63004839876724,4.4070233213931225,5.876031095190832,1.7886447325801864,2.38485964344025
1.04,4.233605903064732,5.644807870752975,4.416254368888202,5.888339158517605,1.777463700924569,2.36995160123276
1.06,4.244570505213049,5.659427340284064,4.425486440660274,5.900648587547034,1.7663940969352678,2.3551921292470253
1.08,4.25543573409114,5.67391431212152,4.4347120105796485,5.9129493474395325,1.7554294947869513,2.340572659715936
1.1,4.266206525850106,5.6882753678001405,4.443924589873044,5.925232786497393,1.7445642659088598,2.3260856878784804
1.12,4.276887215232876,5.702516286977168,4.453118590048591,5.937491453398122,1.733793474149894,2.3117246321998595
1.1400000000000001,4.287481614585252,5.716642152780336,4.462289203899452,5.949718938532603,1.7231127847671237,2.2974837130228316
1.16,4.297993082449062,5.730657443265416,4.471432302201933,5.961909736269243,1.7125183854147483,2.283357847219664
1.18,4.308424583111305,5.744566110815073,4.480544344038313,5.974059125384416,1.7020069175509382,2.2693425567345837
1.2,4.318778738301951,5.758371651069268,4.489622298947614,5.986163065263485,1.6915754168886954,2.2554338891849266
1.22,4.32905787207581,5.772077162767746,4.498663579344481,5.998218105792642,1.6812212616980489,2.241628348930732
1.24,4.339264049777308,5.785685399703077,4.507665981852017,6.010221309136025,1.6709421279241896,2.2279228372322537
1.26,4.349399111868492,5.799198815824656,4.516627636373038,6.0221701818307185,1.6607359502226924,2.214314600296923
1.28,4.359464703297677,5.812619604396902,4.525546961879222,6.034062615838961,1.6506008881315077,2.2008011841753436
1.3,4.369462298996792,5.825949731995722,4.534422628032194,6.045896837376261,1.640535296702323,2.187380395603098
1.32,4.379393226017974,5.839190968023965,4.543253521867479,6.057671362489972,1.6305377010032078,2.1740502680042777
1.34,4.38925868275258,5.852344910336773,4.552038718873572,6.069384958498096,1.6206067739820256,2.1608090319760347
1.36,4.3990597556173805,5.86541300748984,4.560777457886589,6.081036610515451,1.6107413172474203,2.1476550896632274
1.3800000000000001,4.408797433541943,5.8783965780559235,4.569469119297224,6.092625492396298,1.6009402443826195,2.13458699251016
1.4000000000000001,4.41847262054716,5.891296827396213,4.578113206133249,6.104150941511,1.5912025664580574,2.1216034219440765
1.42,4.428086146666653,5.904114862222204,4.586709327638285,6.1156124368510465,1.5815273794528402,2.1087031726037866
1.44,4.437638777429568,5.916851703239423,4.595257185017662,6.1270095800235485,1.5719138533333474,2.0958851377777963
1.46,4.447131222094482,5.9295082961259755,4.603756559065568,6.138342078754089,1.5623612225704324,2.0831482967605766
1.48,4.456564140799104,5.942085521065471,4.612207299425364,6.1496097325671535,1.552868777905518,2.0704917038740245
1.5,4.465938150768738,5.954584201024984,4.620609315267707,6.160812420356942,1.5434358592008959,2.0579144789345287
1.52,4.4752538317076365,5.967005108943515,4.628962567199456,6.1719500895992745,1.5340618492312617,2.045415798975016
1.54,4.4845117304809765,5.979348973974635,4.637267060241092,6.183022746988122,1.5247461682923635,2.032994891056485
1.56,4.4937123651810165,5.991616486908022,4.645522837731682,6.194030450308909,1.5154882695190235,2.020651026025365
1.58,4.5028562286586205,6.003808304878161,4.6537299760390916,6.204973301385455,1.5062876348189835,2.008383513091978
1.6,4.511943791590655,6.015925055454207,4.661888579969226,6.215851439958966,1.4971437713413795,1.9961916951218388
1.62,4.5209755051444525,6.027967340192603,4.669998778782109,6.226665038376143,1.4880562084093452,1.9840749445457933
1.6400000000000001,4.52995180329247,6.039935737723294,4.67806072273477,6.237414296979692,1.4790244948555475,1.9720326598073967
1.6600000000000001,4.538873104823269,6.051830806431026,4.68607458008145,6.248099440108598,1.4700481967075296,1.9600642622767062
1.68,4.547739815088843,6.0636530867851235,4.6940405344708065,6.258720712627739,1.461126895176731,1.9481691935689742
1.7,4.556552327523066,6.0754031033640885,4.701958782687759,6.269278376917011,1.4522601849111574,1.9363469132148765
1.72,4.565311024961435,6.087081366615247,4.709829532694522,6.279772710259364,1.4434476724769336,1.9245968966359115
1.74,4.574016280788287,6.098688374384383,4.717653001931346,6.290204002575128,1.434688975038565,1.912918633384753
1.76,4.582668459934254,6.1102246132456735,4.725429415842718,6.300572554456956,1.4259837192117129,1.9013116256156168
1.78,4.591267919743684,6.121690559658247,4.733159006599284,6.310878675465711,1.4173315400657458,1.8897753867543265
1.8,4.599815010729169,6.133086680972227,4.74084201198967,6.3211226826528915,1.408732080256316,1.878309440341753
1.82,4.608310077228062,6.144413436304083,4.748478674459783,6.331304899279709,1.400184989270831,1.8669133190277734
1.84,4.6167534579738945,6.155671277298527,4.756069240280141,6.341425653706853,1.3916899227719384,1.8555865636959172
1.86,4.62514548659392,6.166860648791894,4.76361395882434,6.351485278432451,1.3832465420261055,1.8443287227014729
1.8800000000000001,4.633486492042495,6.177981989389994,4.77111308194399,6.361484109258651,1.3748545134060803,1.8331393512081062
1.9000000000000001,4.641776798978775,6.1890357319717,4.77856686342739,6.371422484569852,1.3665135079575048,1.8220180106100061
1.92,4.6500167280960385,6.200022304128051,4.785975558530895,6.381300744707859,1.3582232010212252,1.8109642680283002
1.94,4.65820659640903,6.210942128545373,4.793339423573381,6.391119231431174,1.3499832719039615,1.7999776958719487
1.96,4.666346717504826,6.221795623339768,4.800658715585467,6.40087828744729,1.3417934035909704,1.7890578714546272
1.98,4.674437401762052,6.232583202349403,4.8079336920062845,6.410578256008379,1.333653282495174,1.7782043766602316
2.0,4.682478956542592,6.243305275390123,4.815164610421499,6.4202194805619985,1.3255625982379478,1.767416797650597
2.02,4.690471686359424,6.253962248479231,4.822351728337146,6.42980230444953,1.3175210434574076,1.7566947246098774
2.04,4.698415893023717,6.264554524031622,4.82949530298455,6.439327070646069,1.309528313640576,1.7460377515207686
2.06,4.706311875773917,6.275082501031888,4.836595591152208,6.448794121536279,1.301584106976283,1.735445475968378
2.08,4.714159931389184,6.285546575185578,4.843652849041093,6.45820379872146,1.2936881242260831,1.7249174989681118
2.1,4.721960354289246,6.295947139052328,4.850667332140271,6.467556442853695,1.285840068610816,1.7144534248144216
2.12,4.72971343662244,6.3062845821632525,4.857639295120134,6.476852393493513,1.278039645710754,1.7040528609476722
2.14,4.737419468343497,6.316559291124663,4.864568991740949,6.486091988987933,1.2702865633775602,1.6937154178367475
2.16,4.745078737282421,6.326771649709895,4.8714566747746595,6.495275566366213,1.2625805316565026,1.6834407088753371
2.18,4.7526915292056096,6.336922038940812,4.878302595938212,6.50440346125095,1.2549212627175788,1.6732283502901053
2.2,4.760258127870253,6.347010837160337,4.88510700583687,6.5134760077824945,1.2473084707943904,1.6630779610591881
2.22,4.767778815072878,6.35703842009717,4.8918701539161855,6.522493538554915,1.2397418721297466,1.6529891628396634
2.24,4.775253870692799,6.367005160923731,4.89859228842149,6.531456384561988,1.2322211849271216,1.6429615799028303
2.2600000000000002,4.782683572731147,6.376911430308196,4.905273656363902,6.5403648751518695,1.224746129307201,1.632994839076269
2.2800000000000002,4.790068197346052,6.386757596461402,4.911914503491978,6.549219337989305,1.2173164272688526,1.623088569691804
2.3000000000000003,4.7974080188844646,6.396544025179286,4.918515074268266,6.558020099024357,1.2099318026539478,1.6132424035385977
2.32,4.804703309911073,6.40627107988143,4.925075611850106,6.566767482466809,1.2025919811155354,1.6034559748207142
2.34,4.811954341234674,6.415939121646232,4.9315963580741,6.575461810765468,1.1952966900889272,1.5937289201185703
2.36,4.819161381932337,6.425548509243115,4.938077553443772,6.584103404591699,1.1880456587653256,1.5840608783537684
2.38,4.826324699371631,6.435099599162175,4.944519437119991,6.592692582826658,1.1808386180676633,1.5744514907568847
2.4,4.833444559231182,6.444592745641577,4.950922246913777,6.601229662551702,1.1736753006283687,1.564900400837825
2.42,4.840521225519753,6.454028300693005,4.957286219281168,6.6097149590415585,1.1665554407688177,1.555407254358423
2.44,4.847554960594047,6.463406614125397,4.963611589319893,6.618148785759859,1.159478774480247,1.5459716993069952
2.46,4.854546025175391,6.472728033567188,4.969898590767564,6.626531454356754,1.1524450394059533,1.5365933858746033
2.48,4.861494678365439,6.481992904487252,4.976147456001228,6.634863274668305,1.1454539748246093,1.5272719664328118
2.5,4.868401177661016,6.491201570214689,4.9823584160380445,6.643144554717394,1.138505321634561,1.5180070955127478
2.52,4.875265778968214,6.50035437195762,4.988531700536982,6.651375600715976,1.131598822338984,1.508798429785311
2.54,4.882088736615822,6.509451648821097,4.99466753780135,6.659556717068467,1.1247342210317859,1.49964562804238
2.56,4.888870303368179,6.51849373782424,5.000766154782077,6.667688206376104,1.117911263384178,1.4905483511789033
2.58,4.895610730437519,6.527480973916693,5.0068277770816225,6.675770369442164,1.1111296966318207,1.4815062621757598
2.6,4.9023102674958565,6.536413689994476,5.012852628958422,6.683803505277897,1.104389269562481,1.4725190260833072
2.62,4.908969162686482,6.5452922169153105,5.018840933331807,6.691787911109078,1.0976897325041435,1.4635863100055237
2.64,4.915587662635101,6.55411688351347,5.024792911787321,6.699723882383095,1.091030837313518,1.4547077830846895
2.66,4.922166012460659,6.562888016614213,5.030708784582362,6.707611712776483,1.084412337364899,1.44588311648653
2.68,4.928704455785886,6.571605941047849,5.036588770652132,6.715451694202844,1.077833987539341,1.4371119833857868
2.7,4.935203234747596,6.580270979663463,5.042433087615812,6.723244116821084,1.0712955442141139,1.4283940589521507
2.72,4.941662590006759,6.588883453342347,5.048241951782952,6.730989269043937,1.064796765252404,1.4197290203365371
2.74,4.948082760758374,6.597443681011168,5.054015578160028,6.738687437546706,1.058337409993241,1.4111165466576532
2.7600000000000002,4.954463984741161,6.605951979654884,5.05975418045715,6.746338907276201,1.051917239241626,1.4025563189888324
2.7800000000000002,4.960806498247088,6.614408664329452,5.065457971094872,6.75394396145983,1.0455360152588389,1.3940480203451164
2.8000000000000003,4.967110536130747,6.62281404817433,5.071127161211116,6.761502881614821,1.0391935017529121,1.385591335670548
2.82,4.973376331818599,6.6311684424248,5.076761960668162,6.769015947557551,1.0328894638692532,1.3771859518256697
2.84,4.979604117318091,6.639472156424122,5.082362578059708,6.776483437412947,1.0266236681814007,1.3688315575752004
2.86,4.985794123226656,6.647725497635541,5.087929220717966,6.783905627623958,1.0203958826819086,1.3605278435758779
2.88,4.991946578740607,6.655928771654143,5.0934620947208025,6.7912827929610735,1.0142058767733442,1.352274502364459
2.9,4.998061711663938,6.664082282218584,5.098961404898903,6.798615206531873,1.008053421259393,1.3440712283458573
2.92,5.004139748417025,6.672186331222699,5.104427354842944,6.805903139790595,1.0019382883360617,1.3359177177814159
2.94,5.01018091404524,6.6802412187269855,5.109860146910785,6.8131468625477165,0.9958602515829753,1.327813668777301
2.96,5.016185432227491,6.688247242969989,5.11525998223465,6.820346642979538,0.9898190859547604,1.3197587812730145
2.98,5.022153525284681,6.6962047003795755,5.120627060728314,6.8275027476377534,0.9838145677725088,1.3117527570300114
3.0,5.0280854141880855,6.704113885584115,5.125961581094262,6.834615441459018,0.977846474715319,1.3037952996204245
3.02,5.0339813185676725,6.7119750914235645,5.131263740830862,6.841684987774485,0.9719145858119145,1.295886114415885
3.04,5.039841456720348,6.7197886089604655,5.1365337362394925,6.848711648319326,0.9660186814323275,1.2880249085764355
3.06,5.0456660456181375,6.727554727490851,5.141771762431663,6.855695683242218,0.9601585432796522,1.2802113910395345
3.08,5.051455300916307,6.7352737345550775,5.146978013336103,6.862637351114807,0.9543339543818625,1.2724452725091489
3.1,5.057209436961423,6.742945915948566,5.152152681705838,6.869536908941119,0.9485446990836932,1.2647262654449225
3.12,5.062928666799354,6.750571555732473,5.157295959125216,6.876394612166956,0.9427905630385771,1.2570540840514344
3.14,5.068613202183215,6.758150936244288,5.162408036016921,6.8832107146892305,0.9370713332006462,1.2494284442675267
3.16,5.0742632535812575,6.765684338108344,5.16748910164895,6.8899854688652695,0.9313867978167849,1.241849063755712
3.18,5.079879030184703,6.773172040246272,5.172539344141553,6.896719125522074,0.9257367464187425,1.2343156618916558
3.2,5.085460739915528,6.7806143198873725,5.177558950474144,6.903411933965527,0.9201209698152972,1.2268279597537282
3.22,5.091008589434193,6.788011452578926,5.182548106492171,6.910064141989563,0.9145392600844717,1.2193856801126275
3.24,5.096522784147323,6.7953637121964325,5.187506996913961,6.916675995885283,0.9089914105658066,1.2119885474210736
3.2600000000000002,5.102003528215334,6.802671370953781,5.192435805337517,6.923247740450024,0.9034772158526767,1.2046362878035675
3.2800000000000002,5.107451024560017,6.809934699413358,5.197334714247287,6.929779618996384,0.8979964717846656,1.1973286290462193
3.3000000000000003,5.112865474872067,6.8171539664960905,5.20220390502089,6.936271873361189,0.8925489754399827,1.1900653005866424
3.3200000000000003,5.118247079618567,6.824329439491423,5.207043557935812,6.942724743914418,0.8871345251279328,1.1828460335039095
3.34,5.123596038050423,6.831461384067232,5.211853852176051,6.949138469568072,0.8817529203814329,1.1756705605085767
3.36,5.128912548209756,6.838550064279676,5.216634965838747,6.955513287784998,0.8764039619495767,1.1685386159327678
3.38,5.134196806937242,6.84559574258299,5.2213870759407435,6.961849434587661,0.8710874517902436,1.1614499357203236
3.4,5.1394490098794074,6.852598679839211,5.226110358425142,6.96814714456686,0.8658031930627583,1.15440425741701
3.42,5.144669351495887,6.85955913532785,5.230804988167799,6.974406650890401,0.8605509901205926,1.1474013201607889
3.44,5.149858025066624,6.8664773667554995,5.235471138983785,6.980628185311717,0.855330648504113,1.1404408646721498
3.46,5.155015222699036,6.873353630265381,5.24010898363382,6.986811978178432,0.8501419749333756,1.1335226332445005
3.48,5.160141135335128,6.880188180446838,5.244718693830658,6.992958258440882,0.8449847773009642,1.126646369734619
3.5,5.165235952758574,6.886981270344767,5.249300440245436,6.999067253660586,0.8398588646648717,1.1198118195531617
3.52,5.170299863601741,6.8937331514689895,5.253854392513992,7.005139190018659,0.8347640472414257,1.1130187296552334
3.54,5.175333055352678,6.9004440738035715,5.258380719243134,7.011174292324181,0.8297001363982588,1.1062668485310105
3.56,5.180335714362061,6.907114285816083,5.262879588016885,7.017172784022517,0.8246669446473218,1.0995559261964285
3.58,5.185308025850096,6.913744034466797,5.26735116540268,7.023134887203575,0.8196642856379386,1.0928857141839172
3.6,5.190250173913379,6.920333565217839,5.2717956169575295,7.029060822610041,0.8146919741499037,1.0862559655332031
3.62,5.1951623415317085,6.926883122042279,5.276213107234146,7.034950809645532,0.8097498260866214,1.079666434782161
3.64,5.20004471057487,6.933392947433161,5.280603799787041,7.040805066382724,0.8048376584682915,1.0731168779577214
3.66,5.2048974618093675,6.939863282412491,5.284967857178566,7.046623809571425,0.7999552894251298,1.0666070525668392
3.68,5.209720774905114,6.946294366540154,5.289305440984939,7.052407254646589,0.7951025381906325,1.0601367175875094
3.7,5.214514828442092,6.95268643792279,5.293616711802222,7.058155615736299,0.7902792250948858,1.0537056334598462
3.72,5.219279799916959,6.959039733222613,5.297901829252263,7.0638691056696885,0.7854851715579079,1.0473135620772096
3.74,5.2240158657496245,6.9653544876661675,5.302160951988612,7.0695479359848195,0.7807202000830413,1.040960266777387
3.7600000000000002,5.228723201289783,6.971630935053045,5.306394237702386,7.0751923169365165,0.7759841342503755,1.0346455123338325
3.7800000000000002,5.233401980823401,6.977869307764537,5.310601843128107,7.080802457504146,0.7712767987102174,1.028369064946955
3.8000000000000003,5.238052377579179,6.984069836772241,5.314783924049514,7.086378565399354,0.7665980191765991,1.0221306922354634
3.8200000000000003,5.242674563734958,6.990232751646613,5.3189406353053155,7.091920847073756,0.7619476224208208,1.0159301632277593
3.84,5.2472687104241,6.9963582805654685,5.323072130794936,7.097429507726582,0.7573254362650417,1.0097672483533868
3.86,5.2518349877418204,7.002446650322429,5.3271785634842,7.102904751312268,0.7527312895759,1.0036417194345315
3.88,5.256373564751488,7.008498086335319,5.331260085411006,7.108346780548009,0.7481650122581796,0.9975533496775713
3.9,5.260884609490886,7.014512812654516,5.33531684769095,7.113755796921268,0.7436264352485118,0.9915019136646812
3.92,5.265368288978431,7.020491051971242,5.33934900052292,7.119132000697229,0.7391153905091139,0.985487187345484
3.94,5.269824769219358,7.0264330256258125,5.343356693194659,7.124475590926215,0.734631711021569,0.9795089480287578
3.96,5.274254215211869,7.0323389536158265,5.347340074088289,7.129786765451056,0.7301752307806417,0.9735669743741875
3.98,5.278656790953237,7.038209054604318,5.351299290685809,7.135065720914415,0.7257457847881312,0.9676610463841735
4.0,5.283032659445883,7.044043545927846,5.355234489574548,7.140312652766068,0.7213432090467631,0.9617909453956823
4.0200000000000005,5.28738198270341,7.049842643604548,5.359145816452601,7.145527755270137,0.7169673405541168,0.9559564540721537
4.04,5.291704921756599,7.055606562342134,5.363033416134216,7.1507112215122905,0.7126180172965899,0.9501573563954517
4.0600000000000005,5.296001636659374,7.061335515545833,5.366897432555158,7.155863243406881,0.7082950782434008,0.9443934376578662
4.08,5.300272286494726,7.067029715326304,5.3707380087780425,7.16098401170406,0.7039983633406264,0.9386644844541667
4.1,5.304517029380606,7.072689372507477,5.374555286997623,7.166073715996833,0.6997277135052737,0.9329702846736962
4.12,5.308736022475775,7.078314696634369,5.378349408546063,7.171132544728087,0.6954829706193939,0.9273106274925231
4.14,5.312929421985626,7.083905895980837,5.382120513898166,7.176160685197558,0.6912639775242253,0.9216853033656314
4.16,5.317097383167965,7.08946317755729,5.385868742676577,7.181158323568771,0.6870705780143744,0.9160941040191632
4.18,5.321240060338765,7.094986747118355,5.389594233656949,7.186125644875934,0.6829026168320347,0.91053682244271
4.2,5.325357606877869,7.100476809170494,5.393297124773087,7.191062833030786,0.6787599396612354,0.9050132528816448
4.22,5.32945017523468,7.105933566979575,5.396977553122051,7.1959700708294045,0.6746423931221308,0.8995231908295063
4.24,5.333517916933797,7.111357222578397,5.40063565496923,7.200847539958977,0.6705498247653203,0.8940664330204253
4.26,5.337560982580631,7.116747976774176,5.404271565753392,7.2056954210045285,0.666482083066203,0.8886427774216026
4.28,5.3415795218669775,7.122106029155972,5.407885420091697,7.2105138934556,0.6624390174193691,0.8832520232258236
4.3,5.34557368357656,7.127431578102082,5.411477351784674,7.215303135712902,0.6584204781330225,0.8778939708440276
4.32,5.349543615590538,7.132724820787387,5.415047493821187,7.220063325094919,0.6544263164234403,0.8725684218979177
4.34,5.353489464892984,7.137985953190649,5.418595978383349,7.224794637844468,0.6504563844094617,0.867275179212613
4.36,5.357411377576324,7.143215170101768,5.422122936851423,7.229497249135234,0.6465105351070157,0.8620140468093513
4.38,5.361309498846744,7.148412665128995,5.4256284998086795,7.234171333078241,0.6425886224236761,0.8567848298982321
4.4,5.365183973029572,7.153578630706099,5.429112797046236,7.238817062728318,0.6386905011532562,0.851587334871005
4.42,5.369034943574617,7.1587132580994925,5.432575957567863,7.243434610090485,0.6348160269704284,0.8464213692939007
4.44,5.3728625530614815,7.1638167374153126,5.436018109594755,7.248024146126342,0.6309650564253833,0.8412867419005075
4.46,5.3766669432048415,7.168889257606459,5.439439380570285,7.25258584076038,0.6271374469385185,0.8361832625846874
4.48,5.380448254859691,7.173931006479592,5.4428398971647125,7.257119862886285,0.6233330567951585,0.8311107423935411
4.5,5.3842066280265595,7.178942170702083,5.446219785279887,7.261626380373185,0.619551745140309,0.8260689935204084
4.5200000000000005,5.387942201856693,7.183922935808928,5.4495791700539,7.2661055600718685,0.6157933719734405,0.8210578292979172
4.54,5.391655114657208,7.188873486209616,5.452918175865719,7.270557567820959,0.6120577981433071,0.816077064191072
4.5600000000000005,5.3953455038962135,7.193794005194955,5.4562369263397965,7.274982568453062,0.6083448853427917,0.8111265137903843
4.58,5.399013506207895,7.1986846749438635,5.4595355443506435,7.279380725800858,0.6046544961037865,0.8062059948050448
4.6000000000000005,5.40265925739758,7.203545676530109,5.462814152027377,7.283752202703172,0.6009864937921048,0.8013153250561365
4.62,5.406282892446761,7.208377189929018,5.4660728707582535,7.288097161011008,0.5973407426024204,0.7964543234698906
4.64,5.409884545518097,7.213179394024133,5.469311821195145,7.292415761593529,0.593717107553239,0.7916228100709821
4.66,5.413464349960378,7.217952466613841,5.472531123258021,7.296708164344031,0.5901154544819027,0.7868206059758673
4.68,5.417022438313464,7.222696584417956,5.475730896139382,7.300974528185845,0.5865356500396217,0.7820475333861587
4.7,5.42055894231319,7.227411923084257,5.478911258308672,7.305215011078234,0.582977561686536,0.7773034155820442
4.72,5.424073992896246,7.232098657194999,5.482072327516671,7.309429770022233,0.5794410576868101,0.7725880769157429
4.74,5.427567720205023,7.236756960273368,5.485214220799845,7.3136189610664655,0.575926007103754,0.7679013428050014
4.76,5.431040253592433,7.241387004789914,5.4883370544846874,7.3177827393129204,0.5724322797949766,0.7632430397266319
4.78,5.434491721626695,7.24598896216893,5.4914409441920204,7.321921258922697,0.5689597464075673,0.7586129952100862
4.8,5.4379222520961,7.250563002794803,5.49452600484128,7.326034673121709,0.5655082783733052,0.75401103783107
4.82,5.441331972013738,7.255109296018321,5.4975923506547675,7.330123134206359,0.5620777479039001,0.7494369972051969
4.84,5.444721007622203,7.259628010162942,5.500640095161882,7.334186793549177,0.5586680279862621,0.744890703981679
4.86,5.448089484398267,7.264119312531027,5.50366935120332,7.338225801604427,0.5552789923777972,0.7403719898370582
4.88,5.451437527057523,7.2685833694100355,5.506680230935255,7.3422403079136735,0.5519105156017332,0.7358806874689732
4.9,5.454765259559007,7.27302034607868,5.5096728458334905,7.346230461111321,0.5485624729424767,0.7314166305899645
4.92,5.458072805109783,7.277430406813048,5.512647306697587,7.350196408930117,0.5452347404409927,0.7269796539213198
4.94,5.461360286169508,7.281813714892681,5.515603723654965,7.354138298206619,0.5419271948902171,0.722569593186952
4.96,5.464627824454963,7.286170432606621,5.518542206164977,7.358056274886636,0.5386397138304924,0.7181862851073193
4.98,5.467875540944563,7.290500721259422,5.52146286302297,7.3619504840306265,0.5353721755450369,0.713829567393379
5.0,5.471103555882834,7.294804741177116,5.524365802364306,7.365821069819074,0.5321244590554368,0.7094992787405783
5.0200000000000005,5.474311988784865,7.299082651713157,5.5272511316683675,7.3696681755578215,0.5288964441171657,0.7051952588228838
5.04,5.477500958440732,7.3033346112543125,5.530118957762536,7.37349194368338,0.5256880112151352,0.7009173482868434
5.0600000000000005,5.480670582919899,7.307560777226535,5.532969386826151,7.377292515768202,0.5224990415592679,0.6966653887456875
5.08,5.483820979575587,7.311761306100785,5.535802524394439,7.381070032525918,0.519329417080101,0.6924392227734648
5.1000000000000005,5.48695226504912,7.315936353398829,5.5386184753624175,7.3848246338165575,0.5161790204244134,0.6882386938992147
5.12,5.490064555274244,7.3200860736989934,5.541417343988783,7.388556458651712,0.51304773495088,0.6840636466011709
5.14,5.493157965481417,7.324210620641891,5.5441992338997705,7.392265645199696,0.5099354447257562,0.6799139263010066
5.16,5.496232610202078,7.328310146936106,5.546964248092989,7.395952330790654,0.5068420345185833,0.6757893793581093
5.18,5.499288603272887,7.332384804363851,5.549712488941235,7.399616651921647,0.5037673897979218,0.671689853063894
5.2,5.502326057839938,7.336434743786586,5.552444058196282,7.40325874426171,0.5007113967271133,0.6676151956361487
5.22,5.505345086362951,7.340460115150602,5.55515905699265,7.40687874265687,0.4976739421600618,0.6635652562134142
5.24,5.508345800619431,7.344461067492576,5.557857585851352,7.410476781135138,0.4946549136370493,0.6595398848493979
5.26,5.511328311708812,7.348437748945084,5.560539744683608,7.414052992911478,0.4916541993805694,0.6555389325074241
5.28,5.514292730056569,7.352390306742093,5.56320563279455,7.4176075103927355,0.4886716882911877,0.6515622510549157
5.3,5.517239165418302,7.356318887224404,5.565855348886899,7.421140465182535,0.48570726994343083,0.6476096932579072
5.32,5.520167726883805,7.360223635845076,5.568488991064616,7.424651988086158,0.48276083458169783,0.6436811127755959
5.34,5.523078522881105,7.364104697174808,5.571106656836538,7.428142209115386,0.4798322731161946,0.6397763641549243
5.36,5.525971661180469,7.367962214907294,5.573708443119983,7.431611257493312,0.47692147711889543,0.6358953028251921
5.38,5.528847248898405,7.371796331864542,5.576294446244347,7.43505926165913,0.4740283388195312,0.6320377850927059
5.4,5.531705392501619,7.375607190002161,5.57886476195466,7.438486349272879,0.47115275110159516,0.6282036681354581
5.42,5.534546197810963,7.37939493041462,5.581419485415136,7.441892647220182,0.4682946074983807,0.6243928099978389
5.44,5.537369770005348,7.383159693340466,5.583958711212702,7.445278281616935,0.4654538021890371,0.6206050695853804
5.46,5.540176213625642,7.386901618167524,5.5864825333604875,7.448643377813983,0.46263022999465164,0.616840306659534
5.48,5.542965632578538,7.390620843438052,5.588991045301317,7.451988060401756,0.4598237863743577,0.6130983818324758
5.5,5.545738130140402,7.394317506853871,5.591484339911164,7.455312453214884,0.4570343674214623,0.609379156561948
5.5200000000000005,5.548493808961098,7.397991745281466,5.593962509502589,7.4586166793367825,0.4542618698595984,0.6056824931461291
5.54,5.551232771067787,7.401643694757051,5.596425645828158,7.461900861104209,0.4515061910389022,0.6020082547185339
5.5600000000000005,5.553955117868704,7.4052734904916075,5.5988738400838445,7.465165120111791,0.4487672289322129,0.598356305242949
5.58,5.556660950156916,7.4088812668758885,5.601307182912398,7.468409577216529,0.4460448821312957,0.5947265095083925
5.6000000000000005,5.559350368114047,7.412467157485397,5.603725764406706,7.4716343525422735,0.44333904984308425,0.5911187331241115
5.62,5.562023471313994,7.416031295085326,5.6061296741131255,7.474839565484167,0.44064963188595296,0.5875328425146034
5.64,5.564680358726612,7.419573811635483,5.6085190010348045,7.47802533471307,0.437976528686006,0.5839687049146738
5.66,5.5673211287213755,7.423094838295167,5.610893833634966,7.481191778179953,0.43531964127338796,0.580426188364517
5.68,5.569945879071023,7.42659450542803,5.613254259840198,7.484339013120263,0.4326788712786245,0.5769051617048326
5.7,5.5725547069551755,7.4300729426069,5.615600367043697,7.487467156058263,0.4300541209289772,0.5734054945719702
5.72,5.575147708963938,7.433530278618583,5.617932242108511,7.490576322811348,0.4274452930448245,0.5699270573930999
5.74,5.577724981101469,7.436966641468626,5.6202499713707486,7.493666628494332,0.42485229103606237,0.5664697213814174
5.76,5.580286618789544,7.440382158386059,5.622553640642784,7.496738187523713,0.4222750188985307,0.5630333585313743
5.78,5.5828327168710805,7.443776955828107,5.6248433352164255,7.4997911136218995,0.41971338121045587,0.5596178416139406
5.8,5.585363369613652,7.447151159484869,5.627119139866079,7.502825519821441,0.4171672831289195,0.5562230441718929
5.82,5.587878670712979,7.450504894283973,5.629381138851889,7.505841518469186,0.41463663038634824,0.5528488405151313
5.84,5.5903787132964,7.453838284395201,5.631629415922848,7.508839221230464,0.4121213292870207,0.5494951057160273
5.86,5.592863589926315,7.457151453235087,5.633864054319909,7.511818739093212,0.4096212867036,0.5461617156047991
5.88,5.595333392603615,7.460444523471487,5.6360851367790605,7.514780182372082,0.40713641007368473,0.5428485467649127
5.9,5.597788212771087,7.463717617028117,5.63829274553439,7.51772366071252,0.4046666073963854,0.5395554765285127
5.92,5.600228141316804,7.466970855089073,5.640486962321133,7.520649283094845,0.4022117872289126,0.5362823829718826
5.94,5.602653268577484,7.470204358103312,5.642667868378695,7.523557157838259,0.399771858683196,0.5330291449109268
5.96,5.605063684341837,7.473418245789116,5.644835544453659,7.526447392604879,0.3973467314225161,0.5297956418966878
5.98,5.607459477853891,7.476612637138521,5.6469900708027785,7.529320094403706,0.3949363156581631,0.5265817542108842
