timestamp,lot_id,chamber_temp_c,chamber_pressure_pa,rf_power_w,gas_flow_sccm,vibration_g,particle_count,process_state,chamber_temp_c_range_violation,chamber_pressure_pa_range_violation,rf_power_w_range_violation,gas_flow_sccm_range_violation,vibration_g_range_violation,particle_count_range_violation,any_range_violation
2026-01-01 09:00:00,LOT-A,72.24377366380355,18.604572574957466,856.1849248348097,120.77938341064,0.0601618830006248,3,stabilize,False,False,False,False,False,False,False
2026-01-01 09:00:01,LOT-A,71.1680127150076,17.463148508279353,843.0695333517322,120.20510636745252,0.0727070880395143,4,stabilize,False,False,False,False,False,False,False
2026-01-01 09:00:02,LOT-A,72.60036095664516,18.302339804794364,865.2933666032949,119.70511502016366,0.0863034006421187,2,stabilize,False,False,False,False,False,False,False
2026-01-01 09:00:03,LOT-A,72.75245177311297,17.885016171906987,842.468949562757,123.17655221429852,0.0784640494008335,5,stabilize,False,False,False,False,False,False,False
2026-01-01 09:00:04,LOT-A,70.43917184907693,17.978536478959903,842.3606166027731,118.75558510941056,0.0702415456939161,8,stabilize,False,False,False,False,False,False,False
2026-01-01 09:00:05,LOT-A,70.95825639451014,17.63148552125362,856.4935793296544,124.12059634104816,0.0698868130741323,0,stabilize,False,False,False,False,False,False,False
2026-01-01 09:00:06,LOT-A,72.10227232253384,17.882940339675443,859.1551177880432,119.5491371015438,0.0693149440338093,6,stabilize,False,False,False,False,False,False,False
2026-01-01 09:00:07,LOT-A,71.74700592612514,18.455015608144635,855.3771923672344,117.44596711005954,0.0668073555701158,7,stabilize,False,False,False,False,False,False,False
2026-01-01 09:00:08,LOT-A,71.98655907399657,18.203929334695697,829.7728321913823,120.13983916198966,0.1142244931591409,5,stabilize,False,False,False,False,False,False,False
2026-01-01 09:00:09,LOT-A,71.31756485794114,18.60630906189348,856.456413279139,117.84750959936248,0.0844626660677833,2,stabilize,False,False,False,False,False,False,False
2026-01-01 09:00:10,LOT-A,72.70351837989027,18.412094161142196,837.5883033799072,118.496488304373,0.093301385816071,5,stabilize,False,False,False,False,False,False,False
2026-01-01 09:00:11,LOT-A,72.62223354834316,18.153680337625357,852.8233133390592,120.794066600031,0.0726638379782161,5,stabilize,False,False,False,False,False,False,False
2026-01-01 09:00:12,LOT-A,72.05282455804897,18.610377084158728,832.9151867752113,121.11116417730024,0.0772106498422092,3,stabilize,False,False,False,False,False,False,False
2026-01-01 09:00:13,LOT-A,72.90179296557443,18.153647605558405,855.3558657705167,118.75566459949148,0.0692966902794446,5,stabilize,False,False,False,False,False,False,False
2026-01-01 09:00:14,LOT-A,72.37400747380164,18.28979586187897,840.3208131483116,121.9748102900928,0.0402243749762119,2,stabilize,False,False,False,False,False,False,False
2026-01-01 09:00:15,LOT-A,71.31256602969341,17.89620016626285,834.6083841968738,122.31501551604228,0.059329860847282,3,stabilize,False,False,False,False,False,False,False
2026-01-01 09:00:16,LOT-A,72.295000627266,18.02329103555072,858.5658416377888,122.87260351312658,0.052840719800294,3,stabilize,False,False,False,False,False,False,False
2026-01-01 09:00:17,LOT-A,71.2328939193368,17.755901661844902,852.899734260121,121.05882681425145,0.0462532433307258,3,stabilize,False,False,False,False,False,False,False
2026-01-01 09:00:18,LOT-A,72.70276024104582,18.3463543771082,842.6322783832852,122.7268574241714,0.0620696153855284,7,stabilize,False,False,False,False,False,False,False
2026-01-01 09:00:19,LOT-A,71.960059271211,17.5875937319098,867.4141461882527,116.23840314405189,0.0998743351907244,4,stabilize,False,False,False,False,False,False,False
2026-01-01 09:00:20,LOT-A,71.85211010916379,18.273822619846182,844.7121709411631,119.36418690274309,0.0793334574844346,2,stabilize,False,False,False,False,False,False,False
2026-01-01 09:00:21,LOT-A,71.45525636447685,17.933272129873195,850.3852920876512,118.26598948735317,0.0993584564348176,6,stabilize,False,False,False,False,False,False,False
2026-01-01 09:00:22,LOT-A,72.97803307093922,18.40993648271356,853.2269613721433,120.23845172225478,0.0861647386535131,3,stabilize,False,False,False,False,False,False,False
2026-01-01 09:00:23,LOT-A,71.87637641434496,18.26280414605594,842.5640087904567,118.85710156160653,0.0917383823857273,3,stabilize,False,False,False,False,False,False,False
2026-01-01 09:00:24,LOT-A,71.65733774226952,18.637226155176386,855.6536355207992,119.66768431610052,0.0664865450704313,3,stabilize,False,False,False,False,False,False,False
2026-01-01 09:00:25,LOT-A,71.71829315960942,18.255771141898524,843.5985718340233,123.7643497604081,0.08785926431289,4,stabilize,False,False,False,False,False,False,False
2026-01-01 09:00:26,LOT-A,72.42584734844267,17.449785910521367,845.0603401334055,119.66056040715924,0.0909307135111151,4,stabilize,False,False,False,False,False,False,False
2026-01-01 09:00:27,LOT-A,72.29235525149126,17.97656638948563,866.3517116776401,120.82758463438044,0.0713502906164946,9,stabilize,False,False,False,False,False,False,False
2026-01-01 09:00:28,LOT-A,72.3301860892768,17.589797482591816,837.5129673698508,119.53546134015151,0.0883931055592425,2,stabilize,False,False,False,False,False,False,False
2026-01-01 09:00:29,LOT-A,72.3446568024063,17.818602055171805,821.0466360288461,120.15142657591366,0.0884928163786225,6,stabilize,False,False,False,False,False,False,False
2026-01-01 09:00:30,LOT-A,73.71331808069637,18.52892995164685,869.3312439401427,120.01203336087214,0.0717567106830487,8,stabilize,False,False,False,False,False,False,False
2026-01-01 09:00:31,LOT-A,71.67486798689231,18.223136833814195,880.591935431284,120.89664813194632,0.063158473515935,4,stabilize,False,False,False,False,False,False,False
2026-01-01 09:00:32,LOT-A,71.59020581674277,17.75537434999744,845.136768814608,122.33061507109436,0.0622380750215259,7,stabilize,False,False,False,False,False,False,False
2026-01-01 09:00:33,LOT-A,71.3489818174017,17.64519892174586,826.7579435125577,123.29478799520666,0.0812975831288219,4,stabilize,False,False,False,False,False,False,False
2026-01-01 09:00:34,LOT-A,72.4927835380604,18.01147373250669,846.2741922856487,120.61924016381832,0.0849051480318397,4,stabilize,False,False,False,False,False,False,False
2026-01-01 09:00:35,LOT-A,72.90317783417672,17.574203947716605,846.5653246019119,121.1790937720712,0.0681121125431312,2,stabilize,False,False,False,False,False,False,False
2026-01-01 09:00:36,LOT-A,71.9088420338761,17.765100902911197,847.7209139077329,117.69827098162888,0.0803987801198914,3,stabilize,False,False,False,False,False,False,False
2026-01-01 09:00:37,LOT-A,71.32787481842998,18.109203315042937,836.6393434969378,119.82424651516877,0.0885580555420772,5,stabilize,False,False,False,False,False,False,False
2026-01-01 09:00:38,LOT-A,71.34041502744701,18.404359212637345,856.9547337097177,121.88057892976718,0.0892728607199795,3,stabilize,False,False,False,False,False,False,False
2026-01-01 09:00:39,LOT-A,72.52047423025977,18.213066515278555,856.294088503433,121.7319372768343,0.1032782018018373,8,stabilize,False,False,False,False,False,False,False
2026-01-01 09:00:40,LOT-A,72.59460333696275,17.198048671990666,832.0671325621684,120.4232194655901,0.0991547124829706,6,stabilize,False,False,False,False,False,False,False
2026-01-01 09:00:41,LOT-A,72.43452341464416,18.10652835516059,858.3903607803386,121.77278791913592,0.0649806285086518,3,stabilize,False,False,False,False,False,False,False
2026-01-01 09:00:42,LOT-A,71.46759223416905,18.025211750631403,874.6322197833507,120.98153341798763,0.1052537931430703,1,stabilize,False,False,False,False,False,False,False
2026-01-01 09:00:43,LOT-A,72.18572905845338,18.144861599880443,852.0635239892447,122.40061251651863,0.0720353524316642,2,stabilize,False,False,False,False,False,False,False
2026-01-01 09:00:44,LOT-A,72.09334864731258,18.565673388577924,845.9520980551779,120.57871831391422,0.0956730921868164,6,stabilize,False,False,False,False,False,False,False
2026-01-01 09:00:45,LOT-A,72.17495087738321,17.27786660311834,848.2959614271098,119.28860336885792,0.0810197993907663,5,stabilize,False,False,False,False,False,False,False
2026-01-01 09:00:46,LOT-A,72.69714302235855,17.793113801183114,857.3830812036227,120.67168251386605,0.0738177593231455,3,stabilize,False,False,False,False,False,False,False
2026-01-01 09:00:47,LOT-A,72.17887643901975,18.20681721297768,829.2319407339133,114.13881124829445,0.052884547103376,4,stabilize,False,False,False,False,False,False,False
2026-01-01 09:00:48,LOT-A,72.54313085045752,17.44644196019112,851.9726884357276,120.7657714727701,0.0774265323467547,5,stabilize,False,False,False,False,False,False,False
2026-01-01 09:00:49,LOT-A,72.05406325559112,18.51658216681873,845.3144326064463,112.70317434957045,0.0566092514704158,6,stabilize,False,False,False,False,False,False,False
2026-01-01 09:00:50,LOT-A,72.23129551895198,18.12892481444523,872.1739001554726,116.55307318518916,0.0945094885376415,4,stabilize,False,False,False,False,False,False,False
2026-01-01 09:00:51,LOT-A,72.50503058067083,18.29630439504519,847.9099271943405,120.90353720188196,0.1027518898570887,2,stabilize,False,False,False,False,False,False,False
2026-01-01 09:00:52,LOT-A,70.83427534411547,17.800169718467373,870.0146513334342,120.9550586745336,0.0680463351605496,6,stabilize,False,False,False,False,False,False,False
2026-01-01 09:00:53,LOT-A,71.74426302691415,18.28481729148817,836.7551116266159,117.67514243972012,0.084529561137789,7,stabilize,False,False,False,False,False,False,False
2026-01-01 09:00:54,LOT-A,71.62370187656576,18.373965044596165,857.0471100016335,118.57579591624211,0.0691191271698803,7,stabilize,False,False,False,False,False,False,False
2026-01-01 09:00:55,LOT-A,71.48889772140532,18.08150730704801,853.8328031654947,122.74108197722826,0.0705727290479481,2,stabilize,False,False,False,False,False,False,False
2026-01-01 09:00:56,LOT-A,71.77988619901865,18.082040312444544,839.5714330256226,119.03193973685464,0.0916174205579805,3,stabilize,False,False,False,False,False,False,False
2026-01-01 09:00:57,LOT-A,73.19595304898752,18.0946201337486,852.1287533756433,124.48584062480596,0.0794219260723488,3,stabilize,False,False,False,False,False,False,False
2026-01-01 09:00:58,LOT-A,71.30733510744541,17.697829157341218,864.5502260419792,119.9961602936473,0.1060947206289651,5,stabilize,False,False,False,False,False,False,False
2026-01-01 09:00:59,LOT-A,72.77462268367319,17.948364961915875,846.1144995485608,120.81607235376254,0.0727665128194561,7,stabilize,False,False,False,False,False,False,False
2026-01-01 09:01:00,LOT-A,70.65370418270736,17.946617113641675,829.6964482099628,123.23374879699722,0.0949900449871173,8,stabilize,False,False,False,False,False,False,False
2026-01-01 09:01:01,LOT-A,71.73209197601138,18.134187852523723,849.7892460822707,120.26205423238684,0.0814612011943667,8,stabilize,False,False,False,False,False,False,False
2026-01-01 09:01:02,LOT-A,72.130202452084,18.349938486418605,839.1709228624899,117.9953120386184,0.0919366701461635,5,stabilize,False,False,False,False,False,False,False
2026-01-01 09:01:03,LOT-A,72.46897786508742,17.629512371307555,845.8919087360334,119.78054509661142,0.0732926351400508,3,stabilize,False,False,False,False,False,False,False
2026-01-01 09:01:04,LOT-A,72.56898126383429,17.956246839388147,849.0209467637785,119.9287785276198,0.0792566174367262,3,stabilize,False,False,False,False,False,False,False
2026-01-01 09:01:05,LOT-A,72.63467778815993,18.51850944168064,829.5321734078138,117.27051669559688,0.0782675168105159,2,stabilize,False,False,False,False,False,False,False
2026-01-01 09:01:06,LOT-A,71.72101994220125,17.739744119915603,830.6120999281519,119.48833585731836,0.0674591432773132,3,stabilize,False,False,False,False,False,False,False
2026-01-01 09:01:07,LOT-A,71.63011856586834,17.71221249394839,855.7848020263064,118.51561581200512,0.0899312230187262,1,stabilize,False,False,False,False,False,False,False
2026-01-01 09:01:08,LOT-A,72.68638070500572,18.07080716714092,843.7273756459639,121.84871551437487,0.0897537350836754,1,stabilize,False,False,False,False,False,False,False
2026-01-01 09:01:09,LOT-A,71.84695654009471,18.29553481666986,819.2230678981532,120.0692237483705,0.0889033204235835,4,stabilize,False,False,False,False,False,False,False
2026-01-01 09:01:10,LOT-A,70.97945094132966,18.00399911944623,859.4181284392977,119.43440850170488,0.1030544848087646,3,stabilize,False,False,False,False,False,False,False
2026-01-01 09:01:11,LOT-A,71.09337022879721,18.465136206652947,853.2684370632909,119.78763613875483,0.1017401720185445,3,stabilize,False,False,False,False,False,False,False
2026-01-01 09:01:12,LOT-A,71.2644381711987,18.299877893898284,841.4335021115622,120.44624403681232,0.0743758296522629,6,stabilize,False,False,False,False,False,False,False
2026-01-01 09:01:13,LOT-A,72.39772859524301,18.29463702341152,834.1980374673011,121.23362839937955,0.0855957847765126,3,stabilize,False,False,False,False,False,False,False
2026-01-01 09:01:14,LOT-A,72.11394058885645,18.19394077546343,860.0296947557721,118.00057554266124,0.0706459896611268,2,stabilize,False,False,False,False,False,False,False
2026-01-01 09:01:15,LOT-A,72.55238828325422,18.81467858512113,854.1922074707252,117.91682473475744,0.0803503297417183,6,stabilize,False,False,False,False,False,False,False
2026-01-01 09:01:16,LOT-A,71.65819788293078,17.928193408896885,878.5912273922089,122.20935843080504,0.071003758263217,3,stabilize,False,False,False,False,False,False,False
2026-01-01 09:01:17,LOT-A,72.12683175286138,17.29876719777672,855.0422631846992,119.17532625559052,0.1043010546370407,3,stabilize,False,False,False,False,False,False,False
2026-01-01 09:01:18,LOT-A,72.50047231517387,18.561489026531,854.6524376951442,117.16631581480624,0.0854554722551444,4,stabilize,False,False,False,False,False,False,False
2026-01-01 09:01:19,LOT-A,71.75252276822381,17.83980519916511,847.9968648386972,120.8876254187662,0.0767295630784336,2,stabilize,False,False,False,False,False,False,False
2026-01-01 09:01:20,LOT-A,72.36542019004592,18.037758155520063,859.8013104064095,120.92673961206538,0.0979042785778456,7,stabilize,False,False,False,False,False,False,False
2026-01-01 09:01:21,LOT-A,71.47045924714668,18.458342739701184,857.5010224149778,116.93856948548658,0.0474407688530688,4,stabilize,False,False,False,False,False,False,False
2026-01-01 09:01:22,LOT-A,71.70955692274794,17.439209160629375,865.0207001027824,120.4589634309272,0.0497884610770206,4,stabilize,False,False,False,False,False,False,False
2026-01-01 09:01:23,LOT-A,71.69460968480134,17.56192347506285,843.7441249763526,121.47116618485674,0.0919375798282966,4,stabilize,False,False,False,False,False,False,False
2026-01-01 09:01:24,LOT-A,71.04332828352877,17.4395527220084,844.7751103246725,120.74877290341252,0.0809070267217605,4,stabilize,False,False,False,False,False,False,False
2026-01-01 09:01:25,LOT-A,72.38957798462846,17.7220522984911,844.2507619490563,121.2639629675228,0.0837566945039114,6,stabilize,False,False,False,False,False,False,False
2026-01-01 09:01:26,LOT-A,71.62447812783782,18.15387281210595,859.4896206541479,117.1914618038185,0.0601040584502217,3,stabilize,False,False,False,False,False,False,False
2026-01-01 09:01:27,LOT-A,72.00999529498215,18.18346574498447,867.9804932835608,120.6620803099924,0.0796514943372445,2,stabilize,False,False,False,False,False,False,False
2026-01-01 09:01:28,LOT-A,72.38459732712472,18.096695962764997,844.4939140822084,119.39476048105912,0.1100526411560201,5,stabilize,False,False,False,False,False,False,False
2026-01-01 09:01:29,LOT-A,72.35722494082395,17.50553194063767,844.9027152664829,119.0344196825507,0.0923629942969379,6,stabilize,False,False,False,False,False,False,False
2026-01-01 09:01:30,LOT-A,72.53230808717822,17.191463797178574,853.7689266864376,121.74111121883944,0.0825455981771421,2,stabilize,False,False,False,False,False,False,False
2026-01-01 09:01:31,LOT-A,71.92121161239245,18.019023754886632,847.0508619998452,122.95854902134846,0.0734141913484259,1,stabilize,False,False,False,False,False,False,False
2026-01-01 09:01:32,LOT-A,71.66136135036467,17.83487838822658,861.4246438376787,123.58874010920071,0.074081407221959,3,stabilize,False,False,False,False,False,False,False
2026-01-01 09:01:33,LOT-A,71.93622543127488,18.16078502010081,822.9786725125714,122.6296157430118,0.0480620316619997,1,stabilize,False,False,False,False,False,False,False
2026-01-01 09:01:34,LOT-A,70.65013245283357,18.245683769177443,840.0795394369973,119.78053163673964,0.0838646063138174,3,stabilize,False,False,False,False,False,False,False
2026-01-01 09:01:35,LOT-A,70.84231002206153,18.04838450122054,840.6110039924627,120.70544032605268,0.0926822466272278,0,stabilize,False,False,False,False,False,False,False
2026-01-01 09:01:36,LOT-A,70.94184031011648,18.26604657988155,822.1557278513662,121.53364574356848,0.0563657100924407,4,stabilize,False,False,False,False,False,False,False
2026-01-01 09:01:37,LOT-A,71.20220253791881,18.080223980940275,838.4363386675743,120.24235589859892,0.0700787466153977,2,stabilize,False,False,False,False,False,False,False
2026-01-01 09:01:38,LOT-A,72.31981938137875,18.185522646960514,839.0181266098489,120.26152837582308,0.0626380305164986,3,stabilize,False,False,False,False,False,False,False
2026-01-01 09:01:39,LOT-A,71.27561675571195,17.75336435799554,847.586744145774,121.64750626375236,0.0655197320778685,2,stabilize,False,False,False,False,False,False,False
2026-01-01 09:01:40,LOT-B,71.69746995676849,17.93713600515899,863.3555906999231,119.88143470794812,0.0808022244023285,7,process,False,False,False,False,False,False,False
2026-01-01 09:01:41,LOT-B,73.03938263822886,18.068871633829936,847.0592721857116,118.54142612725268,0.0487339676751728,3,process,False,False,False,False,False,False,False
2026-01-01 09:01:42,LOT-B,71.71498882315086,18.287184966396097,837.6302353567462,119.17105386832829,0.0892140565753559,1,process,False,False,False,False,False,False,False
2026-01-01 09:01:43,LOT-B,72.59001245477367,17.8621905897214,849.3165455054376,121.26782075546748,0.0913078260490052,6,process,False,False,False,False,False,False,False
2026-01-01 09:01:44,LOT-B,71.2531058559921,18.18240853950624,862.5900834572961,120.00598658239991,0.0762334611794463,2,process,False,False,False,False,False,False,False
2026-01-01 09:01:45,LOT-B,71.8356499537059,17.906956422829616,838.2884942066212,120.68041995373667,0.0427893723502318,3,process,False,False,False,False,False,False,False
2026-01-01 09:01:46,LOT-B,71.23998235607154,17.958860241435154,839.0731013929426,121.34015848440438,0.0650537206099641,6,process,False,False,False,False,False,False,False
2026-01-01 09:01:47,LOT-B,71.72877353927954,18.290331664708425,856.7025875112906,119.2503170742048,0.0984935290115404,5,process,False,False,False,False,False,False,False
2026-01-01 09:01:48,LOT-B,72.67224650996592,17.302428870131045,847.3415666112304,121.5124963272596,0.0383300857890714,1,process,False,False,False,False,False,False,False
2026-01-01 09:01:49,LOT-B,70.61814366144613,17.546234685173832,857.7698162885137,120.7576852069168,0.0747871488170972,3,process,False,False,False,False,False,False,False
2026-01-01 09:01:50,LOT-B,72.34753891483669,17.481235110895014,849.8362384984564,117.53037382617704,0.0622999883229911,4,process,False,False,False,False,False,False,False
2026-01-01 09:01:51,LOT-B,72.19018848186582,17.18323435805309,858.4199637770748,122.88460958237248,0.0920685545237725,5,process,False,False,False,False,False,False,False
2026-01-01 09:01:52,LOT-B,71.52468003544257,17.762607445945687,837.5790626315123,118.99851051248616,0.069873290717848,2,process,False,False,False,False,False,False,False
2026-01-01 09:01:53,LOT-B,70.84315371648924,18.26230186490471,849.8549841905408,116.68980931362964,0.0860593103110341,4,process,False,False,False,False,False,False,False
2026-01-01 09:01:54,LOT-B,72.0577036061711,17.9002905767661,847.4717198276421,117.9099125808274,0.0884819062875364,5,process,False,False,False,False,False,False,False
2026-01-01 09:01:55,LOT-B,71.57640583274896,18.06922652867965,835.4093089107504,117.95790967864336,0.1075433875959503,4,process,False,False,False,False,False,False,False
2026-01-01 09:01:56,LOT-B,72.18614096908377,18.381226123848776,831.2382646255758,120.10434663731506,0.0769558708448694,2,process,False,False,False,False,False,False,False
2026-01-01 09:01:57,LOT-B,72.01748171641876,18.46469014629369,858.228988423296,119.45229898890751,0.0856406655443391,2,process,False,False,False,False,False,False,False
2026-01-01 09:01:58,LOT-B,73.28142311305673,17.97580172284585,845.7885714133843,119.32633606471882,0.0577241678130884,1,process,False,False,False,False,False,False,False
2026-01-01 09:01:59,LOT-B,71.80851549802158,18.47375506134929,837.732636620232,121.23940393096495,0.0978562034494061,3,process,False,False,False,False,False,False,False
2026-01-01 09:02:00,LOT-B,71.1812020059025,18.032244330451935,848.8458527569201,120.6797507223854,0.0685923672789295,2,process,False,False,False,False,False,False,False
2026-01-01 09:02:01,LOT-B,72.14342050796505,17.706910621660388,863.5362262881916,120.63209574128857,0.0715886875386838,6,process,False,False,False,False,False,False,False
2026-01-01 09:02:02,LOT-B,72.17599734717741,17.79195987673044,822.6311458555369,120.8196569146574,0.0796662830772618,9,process,False,False,False,False,False,False,False
2026-01-01 09:02:03,LOT-B,73.08735006019235,17.481812220602244,832.0403357211601,121.23226933600448,0.0565567348199022,4,process,False,False,False,False,False,False,False
2026-01-01 09:02:04,LOT-B,72.66808899673167,17.68915315119322,838.9253626972568,115.78409331644512,0.083431550433934,5,process,False,False,False,False,False,False,False
2026-01-01 09:02:05,LOT-B,72.2854968473196,17.87469415917395,867.534146400644,119.27112349547107,0.0945119940938751,1,process,False,False,False,False,False,False,False
2026-01-01 09:02:06,LOT-B,73.17064231297564,18.28125475678251,853.3910437950316,115.63957987102106,0.0843940073524593,4,process,False,False,False,False,False,False,False
2026-01-01 09:02:07,LOT-B,71.04898955654171,18.602269440908096,859.2078068855348,120.0721198535956,0.0561665365373191,4,process,False,False,False,False,False,False,False
2026-01-01 09:02:08,LOT-B,71.4881987738002,17.516236469618036,836.3180689704852,119.99073405555131,0.0781428605850551,3,process,False,False,False,False,False,False,False
2026-01-01 09:02:09,LOT-B,71.25873924687558,18.13748961389097,836.5655694967537,122.09106454957936,0.0911304335446923,4,process,False,False,False,False,False,False,False
2026-01-01 09:02:10,LOT-B,71.68815215747539,17.635809621294865,855.3737646006725,122.37526878544224,0.0518301685105113,6,process,False,False,False,False,False,False,False
2026-01-01 09:02:11,LOT-B,70.89865108195495,18.16614398096212,850.6992919712253,120.40555009650474,0.0638785097927343,4,process,False,False,False,False,False,False,False
2026-01-01 09:02:12,LOT-B,72.50812075745152,17.954119672259296,856.5848658263695,118.9992778452062,0.0931481540612228,3,process,False,False,False,False,False,False,False
2026-01-01 09:02:13,LOT-B,71.82222184232099,17.359182960953365,847.7479481088586,120.97032222509148,0.0840514315129593,3,process,False,False,False,False,False,False,False
2026-01-01 09:02:14,LOT-B,70.82335496439788,18.32490394704897,853.3377247174556,118.94416472535136,0.0861795737319013,4,process,False,False,False,False,False,False,False
2026-01-01 09:02:15,LOT-B,71.18753673503397,17.788249750516943,851.8974290188613,119.99721469711332,0.1078924221143496,4,process,False,False,False,False,False,False,False
2026-01-01 09:02:16,LOT-B,72.25081107796015,17.813134916569258,859.3332086690191,121.97227263392152,0.087028291677593,6,process,False,False,False,False,False,False,False
2026-01-01 09:02:17,LOT-B,72.67050125431551,17.625586656048608,859.6840993833337,118.88445730802115,0.0898683201564976,4,process,False,False,False,False,False,False,False
2026-01-01 09:02:18,LOT-B,73.59738471335343,17.771000853159357,830.5615360672988,121.611357278485,0.1206611829082748,4,process,False,False,False,False,False,False,False
2026-01-01 09:02:19,LOT-B,74.33108997280587,18.14976165424322,823.0327773359097,121.3548027373846,0.0767929316286426,2,process,False,False,False,False,False,False,False
2026-01-01 09:02:20,LOT-B,72.33152754662079,17.93376448067226,862.0209447718181,118.09041636573836,0.0680317585457225,3,process,False,False,False,False,False,False,False
2026-01-01 09:02:21,LOT-B,71.20836950397451,18.11503170079887,864.2527011191432,121.9477882564348,0.086416945973707,5,process,False,False,False,False,False,False,False
2026-01-01 09:02:22,LOT-B,70.29436297541496,18.126672648875097,837.7525237658399,121.397132690743,0.0865848654408334,2,process,False,False,False,False,False,False,False
2026-01-01 09:02:23,LOT-B,72.21416916987506,18.462231579434857,827.6819751214524,120.20385177474532,0.0720992691208068,3,process,False,False,False,False,False,False,False
2026-01-01 09:02:24,LOT-B,71.34964712375174,17.88002484719747,851.1884178520864,118.4753530839447,0.0645140447066772,4,process,False,False,False,False,False,False,False
2026-01-01 09:02:25,LOT-B,71.66771419185625,17.483099764103994,861.1700587162063,118.28158796284886,0.1146476663313511,7,process,False,False,False,False,False,False,False
2026-01-01 09:02:26,LOT-B,71.51032256075216,18.373527845800197,871.5711342692118,118.92467484619397,0.0849026520558203,4,process,False,False,False,False,False,False,False
2026-01-01 09:02:27,LOT-B,71.88736729086689,17.883979139765962,856.1955708652174,121.08518892658392,0.0690157192789688,5,process,False,False,False,False,False,False,False
2026-01-01 09:02:28,LOT-B,72.85278418463011,18.390107355602083,845.5393996409716,118.0887496651972,0.0937389545341939,5,process,False,False,False,False,False,False,False
2026-01-01 09:02:29,LOT-B,72.12563885395627,18.134181989613865,839.2824325409816,120.87502449723974,0.0783628227265799,5,process,False,False,False,False,False,False,False
2026-01-01 09:02:30,LOT-B,71.87309213036905,17.95410186442883,850.1374155000478,117.5164889422432,0.0762067783052325,3,process,False,False,False,False,False,False,False
2026-01-01 09:02:31,LOT-B,71.17147699773935,18.122071562916204,846.4088235533769,119.5918628311223,0.0884340930787174,6,process,False,False,False,False,False,False,False
2026-01-01 09:02:32,LOT-B,70.66025364423652,18.68285439604421,837.8191851312542,120.219295509148,0.0606217659765246,2,process,False,False,False,False,False,False,False
2026-01-01 09:02:33,LOT-B,71.61095367274133,18.72694318516881,874.5850678103594,124.89026029011784,0.0852894080587576,2,process,False,False,False,False,False,False,False
2026-01-01 09:02:34,LOT-B,71.95697395934535,18.02428339729647,871.4220208248656,117.24536868895926,0.1086943221159762,6,process,False,False,False,False,False,False,False
2026-01-01 09:02:35,LOT-B,73.41434393086391,18.05606670766097,863.6325842026652,122.94402913298026,0.0869926649329596,5,process,False,False,False,False,False,False,False
2026-01-01 09:02:36,LOT-B,72.1042196171783,18.376684055113238,838.9497952262905,120.29968482797456,0.074356818443248,3,process,False,False,False,False,False,False,False
2026-01-01 09:02:37,LOT-B,72.78619160881844,17.70401863853143,860.2602318915674,120.82234383603192,0.0723934207935763,4,process,False,False,False,False,False,False,False
2026-01-01 09:02:38,LOT-B,71.60056352116868,18.11657463041639,857.6755169139748,120.2366958267764,0.0738449003998233,2,process,False,False,False,False,False,False,False
2026-01-01 09:02:39,LOT-B,71.05204498686638,17.99094800321615,855.3105474904486,120.88945363639048,0.0761905598292832,3,process,False,False,False,False,False,False,False
2026-01-01 09:02:40,LOT-B,71.2279065902141,18.109867874010146,864.9959832045254,119.69262979127596,0.0743329020086259,5,process,False,False,False,False,False,False,False
2026-01-01 09:02:41,LOT-B,71.4198191483714,17.708320917917707,857.6244537143353,122.90810036291492,0.0937446716161185,5,process,False,False,False,False,False,False,False
2026-01-01 09:02:42,LOT-B,73.70277578594813,17.44365137734186,858.880170835652,119.08705771155056,0.0540018634518652,1,process,False,False,False,False,False,False,False
2026-01-01 09:02:43,LOT-B,71.3428906566205,17.274455797403046,857.6428754004666,122.2644691443585,0.092930000756182,3,process,False,False,False,False,False,False,False
2026-01-01 09:02:44,LOT-B,72.67079136298908,17.60891556045364,854.0894968960253,118.71126575957396,0.0743047021228615,3,process,False,False,False,False,False,False,False
2026-01-01 09:02:45,LOT-B,71.27765825753038,17.839463650271234,828.5966664434297,119.87949630719744,0.0856542167854305,2,process,False,False,False,False,False,False,False
2026-01-01 09:02:46,LOT-B,72.7452584102994,17.897382944672934,851.0034529289267,117.85607489541955,0.063095181346987,6,process,False,False,False,False,False,False,False
2026-01-01 09:02:47,LOT-B,72.30796077288468,18.67803090685033,843.3256964938105,120.91004744069504,0.0999294660027415,3,process,False,False,False,False,False,False,False
2026-01-01 09:02:48,LOT-B,71.87468968187353,18.387097679467555,834.6419085083197,122.89025191385306,0.098684524402578,5,process,False,False,False,False,False,False,False
2026-01-01 09:02:49,LOT-B,71.96738997909165,17.66326810928043,870.1817994316099,119.8452876403583,0.0943938578862511,3,process,False,False,False,False,False,False,False
2026-01-01 09:02:50,LOT-B,71.47616984365649,18.121697958357835,870.7479440906285,119.60622860259218,0.0572786783630969,4,process,False,False,False,False,False,False,False
2026-01-01 09:02:51,LOT-B,72.35685776118567,17.857522617277386,866.3106472035473,117.77076607386417,0.0924368160659908,4,process,False,False,False,False,False,False,False
2026-01-01 09:02:52,LOT-B,71.63601321572737,17.900472656685967,853.0625610022705,119.5414146928954,0.0860728263145356,3,process,False,False,False,False,False,False,False
2026-01-01 09:02:53,LOT-B,71.0195153889862,18.064863977295385,866.2075014514319,116.81441148055694,0.0559209312930114,4,process,False,False,False,False,False,False,False
2026-01-01 09:02:54,LOT-B,70.97764994054431,18.216709890941388,850.144638167222,118.17424402656236,0.0796355392434377,0,process,False,False,False,False,False,False,False
2026-01-01 09:02:55,LOT-B,72.1380703341777,17.881259530640595,852.4335673227733,120.45357209221828,0.0854680173354989,4,process,False,False,False,False,False,False,False
2026-01-01 09:02:56,LOT-B,73.26327300512835,18.372348036457023,836.8783435544563,122.6380263954828,0.0883411291073472,8,process,False,False,False,False,False,False,False
2026-01-01 09:02:57,LOT-B,72.12799329085875,17.60032162085016,854.7638956539861,125.618421722459,0.0826589205042328,7,process,False,False,False,False,False,False,False
2026-01-01 09:02:58,LOT-B,71.9050893391121,18.002218671826792,850.724631141093,118.8268298298582,0.0843684712527107,2,process,False,False,False,False,False,False,False
2026-01-01 09:02:59,LOT-B,72.22866091168203,18.909185804308542,834.3681745979865,122.87060031329088,0.1021041708837964,3,process,False,False,False,False,False,False,False
2026-01-01 09:03:00,LOT-B,73.04480139336546,18.078077909918846,849.3856346582008,120.48750496080328,0.0983905086486602,3,process,False,False,False,False,False,False,False
2026-01-01 09:03:01,LOT-B,72.17550600109108,18.50162507731216,849.0432452337183,119.69750470650725,0.0369941756932588,9,process,False,False,False,False,False,False,False
2026-01-01 09:03:02,LOT-B,71.67125821533301,18.032032062360624,871.5707339997357,120.8651889034523,0.0752384216774347,5,process,False,False,False,False,False,False,False
2026-01-01 09:03:03,LOT-B,72.88503096804791,18.20327198336543,860.7305599421609,120.12383296735992,0.0775302345868407,3,process,False,False,False,False,False,False,False
2026-01-01 09:03:04,LOT-B,72.34300515076929,17.980125881962557,850.1373452690976,120.22079145122444,0.0537185214090954,8,process,False,False,False,False,False,False,False
2026-01-01 09:03:05,LOT-B,73.22860479359679,17.940357346592528,852.9854477176129,119.18333367434666,0.0814127458734846,2,process,False,False,False,False,False,False,False
2026-01-01 09:03:06,LOT-B,72.14658754977752,17.727181161146103,850.5305485372504,117.2037806804023,0.0987313665861576,4,process,False,False,False,False,False,False,False
2026-01-01 09:03:07,LOT-B,71.0204247746236,18.150605475635142,847.5650321824535,116.91274959495584,0.0637014821061411,5,process,False,False,False,False,False,False,False
2026-01-01 09:03:08,LOT-B,70.90547264060346,17.70196198378498,837.0108736313406,121.30648976656244,0.085046014080348,5,process,False,False,False,False,False,False,False
2026-01-01 09:03:09,LOT-B,73.32074234578499,18.2329548327097,848.1873774687168,119.44659981982858,0.0662626478405534,2,process,False,False,False,False,False,False,False
2026-01-01 09:03:10,LOT-B,73.37893257662664,18.37985045155607,841.0468209201698,118.80782220068768,0.0699213196448048,3,process,False,False,False,False,False,False,False
2026-01-01 09:03:11,LOT-B,71.85638462937392,18.12828599253303,834.9962135329223,120.01701125344631,0.1021609045125505,5,process,False,False,False,False,False,False,False
2026-01-01 09:03:12,LOT-B,71.69345014309121,17.899812943255508,856.1346617745704,121.58986450583126,0.0718616326983226,3,process,False,False,False,False,False,False,False
2026-01-01 09:03:13,LOT-B,73.16915543379376,18.158887952758043,854.6951759191988,120.3607278860528,0.0869331873351593,7,process,False,False,False,False,False,False,False
2026-01-01 09:03:14,LOT-B,71.1143634543652,17.891964430558755,828.5595098635831,118.68789012671806,0.0519317282590851,4,process,False,False,False,False,False,False,False
2026-01-01 09:03:15,LOT-B,71.28421838483534,18.3274414939128,848.5277843500585,122.4525859112979,0.1079347634209232,6,process,False,False,False,False,False,False,False
2026-01-01 09:03:16,LOT-B,72.51466143575124,17.359007870524707,861.9484166307991,123.15837100596326,0.0890397866945974,3,process,False,False,False,False,False,False,False
2026-01-01 09:03:17,LOT-B,71.68431590171232,17.882537421158474,862.7106848667559,120.9891133106457,0.077262502360246,3,process,False,False,False,False,False,False,False
2026-01-01 09:03:18,LOT-B,71.99590250662395,17.3032158017066,862.3100421146229,121.9473270226882,0.0886331976499984,4,process,False,False,False,False,False,False,False
2026-01-01 09:03:19,LOT-B,71.86924568118039,17.476728709420478,850.4669584828175,122.48391999362762,0.0588527085657828,7,process,False,False,False,False,False,False,False
2026-01-01 09:03:20,LOT-C,72.27005963903915,18.47735178043487,839.8594560643702,122.26019863280902,0.0977379611262898,4,purge,False,False,False,False,False,False,False
2026-01-01 09:03:21,LOT-C,73.12598548905098,18.31331474369009,836.9956140717032,121.22819835422524,0.0751402283675535,4,purge,False,False,False,False,False,False,False
2026-01-01 09:03:22,LOT-C,72.0724679255214,17.748181918350323,854.1352588570043,121.19669409414976,0.0769389572742734,4,purge,False,False,False,False,False,False,False
2026-01-01 09:03:23,LOT-C,72.51515103462148,17.474123790385686,854.551360412382,121.039321146693,0.0726251657755177,5,purge,False,False,False,False,False,False,False
2026-01-01 09:03:24,LOT-C,70.35986231917518,16.962414906755424,865.4479733392608,117.80532465090592,0.0712902289588162,1,purge,False,False,False,False,False,False,False
2026-01-01 09:03:25,LOT-C,71.9610252784559,17.809776572223576,863.199755804105,121.40144631371918,0.0904200591744261,2,purge,False,False,False,False,False,False,False
2026-01-01 09:03:26,LOT-C,71.3254157837657,18.84714525428659,848.413256121626,117.2883720577469,0.0838386027515633,6,purge,False,False,False,False,False,False,False
2026-01-01 09:03:27,LOT-C,71.0249495516611,18.15220949501228,835.0695294536696,118.4108010897499,0.0897762221210456,3,purge,False,False,False,False,False,False,False
2026-01-01 09:03:28,LOT-C,71.29747810645699,17.80414969988268,846.1707208358692,122.60713013561616,0.0798680796577164,7,purge,False,False,False,False,False,False,False
2026-01-01 09:03:29,LOT-C,71.73270124743935,18.162778073325107,852.6067743377263,121.6804403253884,0.0876979971661577,3,purge,False,False,False,False,False,False,False
2026-01-01 09:03:30,LOT-C,72.73272203388481,17.453664576451946,847.5750010553271,122.97479657937173,0.0737172688411244,1,purge,False,False,False,False,False,False,False
2026-01-01 09:03:31,LOT-C,70.93888582580834,17.895936823055827,843.0652707030681,119.45665123262542,0.1134459776211432,3,purge,False,False,False,False,False,False,False
2026-01-01 09:03:32,LOT-C,72.02450519407553,18.03481711555551,853.0346177796388,117.69550231744648,0.0564810437535425,5,purge,False,False,False,False,False,False,False
2026-01-01 09:03:33,LOT-C,71.61266445333314,17.969864771862632,843.9525071030727,119.51912560585932,0.0989140598534447,5,purge,False,False,False,False,False,False,False
2026-01-01 09:03:34,LOT-C,71.73786152451044,18.27678214259153,842.4632069952955,120.20406259448114,0.1005186117608145,3,purge,False,False,False,False,False,False,False
2026-01-01 09:03:35,LOT-C,72.80220626024368,18.120625829182615,853.7374340116413,120.15797743268,0.0672176179105161,3,purge,False,False,False,False,False,False,False
2026-01-01 09:03:36,LOT-C,72.43049234960314,18.2339141063378,845.1760890384495,122.2673609575134,0.1134391041583396,6,purge,False,False,False,False,False,False,False
2026-01-01 09:03:37,LOT-C,73.06991848595419,17.759069701219236,852.9292526677402,119.2774591499931,0.0949323542441797,8,purge,False,False,False,False,False,False,False
2026-01-01 09:03:38,LOT-C,71.87639545660008,18.31423539294369,853.2784482742255,120.70406894360583,0.0945670851023436,4,purge,False,False,False,False,False,False,False
2026-01-01 09:03:39,LOT-C,71.44324591066344,18.570127931668395,836.3268519869011,118.0227457011308,0.0804203328053881,4,purge,False,False,False,False,False,False,False
2026-01-01 09:03:40,LOT-C,76.42878369203801,20.485927936014946,844.2251065136151,120.90063455608762,0.1770047808626338,16,purge,False,False,False,False,False,False,False
2026-01-01 09:03:41,LOT-C,77.13147522508703,20.17749807703889,867.2533232789975,120.00621710037127,0.2074621396422028,17,purge,False,False,False,False,False,False,False
2026-01-01 09:03:42,LOT-C,76.83620925373441,21.44556905984244,836.0550458471886,118.50037332343096,0.2031539933867591,15,purge,False,False,False,False,False,False,False
2026-01-01 09:03:43,LOT-C,77.28232157702072,20.335950364073906,824.6001466123537,119.52834127565028,0.228414106175374,24,purge,False,False,False,False,False,False,False
2026-01-01 09:03:44,LOT-C,77.02752644034649,20.83804512038376,827.6578581610898,119.63164850696955,0.2263174326112174,24,purge,False,False,False,False,False,False,False
2026-01-01 09:03:45,LOT-C,77.9551987399594,20.10310193089993,850.3493193589201,119.4596897413258,0.1827959087346645,18,purge,False,False,False,False,False,False,False
2026-01-01 09:03:46,LOT-C,78.91616806462329,21.475470886006363,850.3710073363924,123.54268248453536,0.2081548761092031,17,purge,False,False,False,False,False,False,False
2026-01-01 09:03:47,LOT-C,78.6311195097928,20.709909550405488,848.5886697348985,119.80310799538424,0.2150039028931618,15,purge,False,False,False,False,False,False,False
2026-01-01 09:03:48,LOT-C,75.65672328373032,20.523555941486883,864.570277947142,119.51220777964532,0.2196923664565508,22,purge,False,False,False,False,False,False,False
2026-01-01 09:03:49,LOT-C,76.54655701482673,21.297455846959167,817.9259868027648,115.80509808477971,0.2055153533447732,18,purge,False,False,False,False,False,False,False
2026-01-01 09:03:50,LOT-C,75.93451373392503,20.5109187699181,854.7512064931699,118.21158529604104,0.1896264620763115,13,purge,False,False,False,False,False,False,False
2026-01-01 09:03:51,LOT-C,77.32043630430914,20.563832760701384,868.7372584216429,119.4738531510873,0.1966370551954549,12,purge,False,False,False,False,False,False,False
2026-01-01 09:03:52,LOT-C,77.36347539171041,20.03343596064209,836.4666308212994,118.62829464764673,0.1907634917787686,10,purge,False,False,False,False,False,False,False
2026-01-01 09:03:53,LOT-C,78.65654307730708,20.60524486106225,845.4423218585213,122.7634151867556,0.1550207686430839,15,purge,False,False,False,False,False,False,False
2026-01-01 09:03:54,LOT-C,76.73709748490657,19.859480047948253,840.9652969932565,119.67012444920756,0.1913003111784981,13,purge,False,False,False,False,False,False,False
2026-01-01 09:03:55,LOT-C,71.47668284794577,18.223114815927893,839.2678474470697,122.5768884986365,0.0787482682516011,3,purge,False,False,False,False,False,False,False
2026-01-01 09:03:56,LOT-C,70.28216877620908,17.81143003883379,846.0848559397235,120.12340926810072,0.0734001844320543,4,purge,False,False,False,False,False,False,False
2026-01-01 09:03:57,LOT-C,71.86986726356407,18.40173443125675,867.1298234042141,120.07445567284316,0.0356657176348239,2,purge,False,False,False,False,False,False,False
2026-01-01 09:03:58,LOT-C,71.15006847051235,17.162008893284835,872.0486401058503,119.822407104575,0.0612902379545874,4,purge,False,False,False,False,False,False,False
2026-01-01 09:03:59,LOT-C,71.57644845810714,17.72470197871354,845.9687292995183,120.00759250324292,0.0968126097710475,1,purge,False,False,False,False,False,False,False
2026-01-01 09:04:00,LOT-C,71.29851137746593,17.409736147068063,872.8607225687737,123.43759000609973,0.070030609999053,3,purge,False,False,False,False,False,False,False
2026-01-01 09:04:01,LOT-C,71.92458995659796,17.710819686772616,850.4269177238154,115.36077854649756,0.0854088751648526,8,purge,False,False,False,False,False,False,False
2026-01-01 09:04:02,LOT-C,70.5938172869147,18.08668306538813,871.044292320413,115.99690851112264,0.0591397185503711,3,purge,False,False,False,False,False,False,False
2026-01-01 09:04:03,LOT-C,70.8263638036872,17.937270681092585,848.8804162041581,118.91365833788775,0.1015805822353884,6,purge,False,False,False,False,False,False,False
2026-01-01 09:04:04,LOT-C,73.70339768962263,17.911317850868194,851.5726939125537,120.02905576387514,0.0778395850991798,5,purge,False,False,False,False,False,False,False
2026-01-01 09:04:05,LOT-C,70.97006193498078,17.94428529501698,854.385693671714,121.38020884952805,0.084350605947253,1,purge,False,False,False,False,False,False,False
2026-01-01 09:04:06,LOT-C,71.12257153723628,18.07118588421698,888.1462441524104,120.94617439605496,0.1148866968782252,5,purge,False,False,False,False,False,False,False
2026-01-01 09:04:07,LOT-C,73.46953082265705,17.64701238531991,860.2154268981375,119.23150817423884,0.102746601508841,4,purge,False,False,False,False,False,False,False
2026-01-01 09:04:08,LOT-C,74.32405373539233,18.24739737431467,841.5128256405825,122.03808738648353,0.0754015156806941,9,purge,False,False,False,False,False,False,False
2026-01-01 09:04:09,LOT-C,71.06274669693973,18.23193308963492,861.6279744433103,122.06039080630546,0.0711016972269446,2,purge,False,False,False,False,False,False,False
2026-01-01 09:04:10,LOT-C,71.70540083456957,18.13476327817964,845.6580095549879,120.36811566254312,0.075116824827207,3,purge,False,False,False,False,False,False,False
2026-01-01 09:04:11,LOT-C,72.2732444407524,18.194786704962944,844.1229978051855,121.92531514497368,0.087648473727148,3,purge,False,False,False,False,False,False,False
2026-01-01 09:04:12,LOT-C,73.38295811552447,18.10374630028303,860.9032163187053,120.54529052686426,0.0784216379862369,1,purge,False,False,False,False,False,False,False
2026-01-01 09:04:13,LOT-C,71.21051433725741,18.712275655955874,850.3730270532538,118.87703394643424,0.0740713378249479,5,purge,False,False,False,False,False,False,False
2026-01-01 09:04:14,LOT-C,71.80377772324631,17.96951704013162,853.3429109741417,121.395633678,0.1020077187606356,4,purge,False,False,False,False,False,False,False
2026-01-01 09:04:15,LOT-C,72.62187006084939,17.8925208735829,850.1678226623835,120.22122624515735,0.0782868516233324,4,purge,False,False,False,False,False,False,False
2026-01-01 09:04:16,LOT-C,72.3478128595733,17.73626534687492,854.0389975192652,120.00267969350898,0.1144938363955598,6,purge,False,False,False,False,False,False,False
2026-01-01 09:04:17,LOT-C,71.69907514301592,17.638708065297756,855.0995907692338,122.94590714437916,0.0813611384562826,2,purge,False,False,False,False,False,False,False
2026-01-01 09:04:18,LOT-C,71.89294162838716,17.564434874339625,826.756396807535,115.09825574291985,0.1067797759133709,3,purge,False,False,False,False,False,False,False
2026-01-01 09:04:19,LOT-C,70.90008335330401,17.68892094036918,857.9988720233144,117.16463165968086,0.0853597913406594,1,purge,False,False,False,False,False,False,False
2026-01-01 09:04:20,LOT-C,71.80946100482026,17.975261866421775,838.2157669620364,117.62585914725126,0.0944444085987417,5,purge,False,False,False,False,False,False,False
2026-01-01 09:04:21,LOT-C,71.78689000799284,18.1170032949742,832.6924103732871,119.27347870486238,0.0691308342272341,7,purge,False,False,False,False,False,False,False
2026-01-01 09:04:22,LOT-C,72.185735911701,18.017899720493254,849.2990650736958,119.49078366046794,0.0671936116611888,2,purge,False,False,False,False,False,False,False
2026-01-01 09:04:23,LOT-C,71.55573822494479,17.7320626528996,851.0077720397735,116.98534870445393,0.0868955893252248,4,purge,False,False,False,False,False,False,False
2026-01-01 09:04:24,LOT-C,72.37723081803611,18.315064597406987,841.6779260251326,118.02968393537834,0.0948282986369797,2,purge,False,False,False,False,False,False,False
2026-01-01 09:04:25,LOT-C,72.81017265425587,18.258794435305333,859.9723822920157,118.27831664295286,0.0806038475300069,2,purge,False,False,False,False,False,False,False
2026-01-01 09:04:26,LOT-C,72.12434346213477,17.944123092402293,833.8938980035491,124.91484818415178,0.0607040999737445,3,purge,False,False,False,False,False,False,False
2026-01-01 09:04:27,LOT-C,72.28140512671936,17.77147934936735,845.1166750147293,123.60348389549428,0.0595961245056601,1,purge,False,False,False,False,False,False,False
2026-01-01 09:04:28,LOT-C,72.04252427806229,18.191949772290428,842.981510380804,119.17650116463072,0.0585929539672063,4,purge,False,False,False,False,False,False,False
2026-01-01 09:04:29,LOT-C,72.00006751447313,18.06579075562013,849.4409527559279,119.2728334193864,0.0534856683059092,2,purge,False,False,False,False,False,False,False
2026-01-01 09:04:30,LOT-C,71.42275357316572,17.493155459204733,853.3463714157668,117.7015920056234,0.0816422803917063,5,purge,False,False,False,False,False,False,False
2026-01-01 09:04:31,LOT-C,72.25319540933864,17.97620691040546,837.9052846045174,116.18373917354948,0.0968756588256203,6,purge,False,False,False,False,False,False,False
2026-01-01 09:04:32,LOT-C,71.92217072126921,18.091712534226037,858.6913921294747,119.76623962718296,0.0797987631961278,4,purge,False,False,False,False,False,False,False
2026-01-01 09:04:33,LOT-C,73.67453464714447,17.685106824729285,850.7560284200164,118.00429603351196,0.0460937786399322,6,purge,False,False,False,False,False,False,False
2026-01-01 09:04:34,LOT-C,73.2586839219802,18.066445187493105,827.296644960257,119.830298936676,0.0771385930949817,3,purge,False,False,False,False,False,False,False
2026-01-01 09:04:35,LOT-C,72.3086772420452,17.490812130159775,826.4969027152356,116.79958830191303,0.0775580150505109,2,purge,False,False,False,False,False,False,False
2026-01-01 09:04:36,LOT-C,71.38955423224418,18.46766513500426,849.8521684848482,118.47605108337947,0.1114399812533815,2,purge,False,False,False,False,False,False,False
2026-01-01 09:04:37,LOT-C,71.11007082241326,18.4367824947708,847.3483921865637,120.29725419060566,0.0581429313062066,6,purge,False,False,False,False,False,False,False
2026-01-01 09:04:38,LOT-C,72.95291436247109,17.911618932993964,848.7589586371043,120.73241919556789,0.074139835961012,5,purge,False,False,False,False,False,False,False
2026-01-01 09:04:39,LOT-C,72.21019938011771,18.12720901824368,849.6642105216374,120.83494391748404,0.1055877902081684,1,purge,False,False,False,False,False,False,False
2026-01-01 09:04:40,LOT-C,72.38411472271329,17.156527311970045,852.7067180741221,117.35902203168592,0.0867496751201982,4,purge,False,False,False,False,False,False,False
2026-01-01 09:04:41,LOT-C,70.60433121042064,17.595278318907134,861.3717953181796,121.70937146027111,0.0884496961027463,5,purge,False,False,False,False,False,False,False
2026-01-01 09:04:42,LOT-C,72.74195078524654,17.897177377946754,836.6667411889892,118.3995766067963,0.0817187665553581,4,purge,False,False,False,False,False,False,False
2026-01-01 09:04:43,LOT-C,72.36353627057149,17.624753442500598,835.9363408851905,121.2657158292146,0.0849491530798589,1,purge,False,False,False,False,False,False,False
2026-01-01 09:04:44,LOT-C,71.11165545246841,18.25003876892073,836.8801137053514,119.9787226467636,0.091664142954178,4,purge,False,False,False,False,False,False,False
2026-01-01 09:04:45,LOT-C,71.62278015404004,18.6990537857618,853.4670000060245,117.2472250018441,0.0678577052166085,4,purge,False,False,False,False,False,False,False
2026-01-01 09:04:46,LOT-C,72.21097376348521,17.588184848199745,864.9393685437574,119.36760459083764,0.093170878683623,4,purge,False,False,False,False,False,False,False
2026-01-01 09:04:47,LOT-C,72.04197343868499,17.706887808570183,844.8239267411259,120.73072748412754,0.0594049547467169,9,purge,False,False,False,False,False,False,False
2026-01-01 09:04:48,LOT-C,71.76626305135716,18.08240692890848,819.9796018700841,121.2259307609492,0.084925519592473,2,purge,False,False,False,False,False,False,False
2026-01-01 09:04:49,LOT-C,71.91720938554724,18.563890651974862,829.5520856486755,119.71802420511116,0.0826811144492949,2,purge,False,False,False,False,False,False,False
2026-01-01 09:04:50,LOT-C,71.79841809743449,17.572168990611033,840.0035593264479,123.0635577812021,0.0707556036771183,6,purge,False,False,False,False,False,False,False
2026-01-01 09:04:51,LOT-C,72.12205000968197,18.087162642807428,843.3072533500574,122.01502154197313,0.0796597208701153,3,purge,False,False,False,False,False,False,False
2026-01-01 09:04:52,LOT-C,73.17719357839452,18.63745459778459,845.0993364729433,119.4866917672005,0.0706618977100167,4,purge,False,False,False,False,False,False,False
2026-01-01 09:04:53,LOT-C,69.94667324725496,17.421884298137257,850.462973475771,121.50024362427388,0.0639244800970738,3,purge,False,False,False,False,False,False,False
2026-01-01 09:04:54,LOT-C,71.81051978839226,17.55162577760396,846.2590440301307,123.86758697037638,0.0746957788757953,8,purge,False,False,False,False,False,False,False
2026-01-01 09:04:55,LOT-C,72.14120993709795,17.851737687738705,862.5920753265209,123.92096920156604,0.063440170469425,4,purge,False,False,False,False,False,False,False
2026-01-01 09:04:56,LOT-C,72.23679519174968,17.817794055500606,841.8877923318236,117.544000238355,0.0848419619613987,3,purge,False,False,False,False,False,False,False
2026-01-01 09:04:57,LOT-C,71.70246833494296,18.28441045071377,839.6521844862934,118.1469337776857,0.0627487175877145,4,purge,False,False,False,False,False,False,False
2026-01-01 09:04:58,LOT-C,70.59462257401714,18.084580901937294,855.7465064622455,122.9698375734677,0.0906796553448657,5,purge,False,False,False,False,False,False,False
2026-01-01 09:04:59,LOT-C,72.26239638697129,17.378763279125256,831.5722951608866,117.88343789832471,0.0622778139810677,5,purge,False,False,False,False,False,False,False
