timestamp,chamber_temp_c,chamber_temp_k,chamber_pressure_pa,chamber_pressure_kpa,vibration_g,vibration_m_s2
2026-01-01 09:00:00,72.24377366380355,345.39377366380353,18.604572574957466,0.018604572574957467,0.0601618830006248,0.5899865299280771
2026-01-01 09:00:01,71.1680127150076,344.31801271500757,17.463148508279353,0.017463148508279354,0.0727070880395143,0.7130129649227028
2026-01-01 09:00:02,72.60036095664516,345.7503609566451,18.302339804794364,0.018302339804794364,0.0863034006421187,0.8463472439070332
2026-01-01 09:00:03,72.75245177311297,345.90245177311294,17.885016171906987,0.017885016171906985,0.0784640494008335,0.7694694700566838
2026-01-01 09:00:04,70.43917184907693,343.58917184907693,17.978536478959903,0.017978536478959903,0.0702415456939161,0.6888342540792423
2026-01-01 09:00:05,70.95825639451014,344.10825639451014,17.63148552125362,0.01763148552125362,0.0698868130741323,0.6853555154334395
2026-01-01 09:00:06,72.10227232253384,345.2522723225338,17.882940339675443,0.017882940339675444,0.0693149440338093,0.679747395909156
2026-01-01 09:00:07,71.74700592612514,344.89700592612513,18.455015608144635,0.018455015608144634,0.0668073555701158,0.6551563535016761
2026-01-01 09:00:08,71.98655907399657,345.1365590739965,18.203929334695697,0.0182039293346957,0.1142244931591409,1.1201596258390891
2026-01-01 09:00:09,71.31756485794114,344.4675648579411,18.60630906189348,0.01860630906189348,0.0844626660677833,0.828295804193627
2026-01-01 09:00:10,72.70351837989027,345.85351837989026,18.412094161142196,0.018412094161142197,0.093301385816071,0.9149740352131727
2026-01-01 09:00:11,72.62223354834316,345.77223354834314,18.153680337625357,0.018153680337625357,0.0726638379782161,0.7125888267090729
2026-01-01 09:00:12,72.05282455804897,345.202824558049,18.610377084158728,0.018610377084158726,0.0772106498422092,0.7571778192751007
2026-01-01 09:00:13,72.90179296557443,346.0517929655744,18.153647605558405,0.018153647605558404,0.0692966902794446,0.6795683877289154
2026-01-01 09:00:14,72.37400747380164,345.5240074738016,18.28979586187897,0.018289795861878972,0.0402243749762119,0.39446636686046843
2026-01-01 09:00:15,71.31256602969341,344.4625660296934,17.89620016626285,0.01789620016626285,0.059329860847282,0.581827179877998
2026-01-01 09:00:16,72.295000627266,345.445000627266,18.02329103555072,0.01802329103555072,0.052840719800294,0.5181904448295531
2026-01-01 09:00:17,71.2328939193368,344.38289391933677,17.755901661844902,0.017755901661844903,0.0462532433307258,0.45358936870926214
2026-01-01 09:00:18,72.70276024104582,345.8527602410458,18.3463543771082,0.018346354377108198,0.0620696153855284,0.6086949937204921
2026-01-01 09:00:19,71.960059271211,345.11005927121096,17.5875937319098,0.0175875937319098,0.0998743351907244,0.9794326491981175
2026-01-01 09:00:20,71.85211010916379,345.00211010916377,18.273822619846182,0.018273822619846183,0.0793334574844346,0.7779954508397305
2026-01-01 09:00:21,71.45525636447685,344.6052563644768,17.933272129873195,0.017933272129873196,0.0993584564348176,0.974373606796504
2026-01-01 09:00:22,72.97803307093922,346.1280330709392,18.40993648271356,0.018409936482713562,0.0861647386535131,0.8449874343164742
2026-01-01 09:00:23,71.87637641434496,345.02637641434495,18.26280414605594,0.018262804146055942,0.0917383823857273,0.8996462076229926
2026-01-01 09:00:24,71.65733774226952,344.8073377422695,18.637226155176386,0.018637226155176385,0.0664865450704313,0.652010277214945
2026-01-01 09:00:25,71.71829315960942,344.8682931596094,18.255771141898524,0.018255771141898525,0.08785926431289,0.8616050543740027
2026-01-01 09:00:26,72.42584734844267,345.57584734844266,17.449785910521367,0.017449785910521366,0.0909307135111151,0.8917256816537769
2026-01-01 09:00:27,72.29235525149126,345.4423552514912,17.97656638948563,0.01797656638948563,0.0713502906164946,0.6997073274742468
2026-01-01 09:00:28,72.3301860892768,345.4801860892768,17.589797482591816,0.017589797482591814,0.0883931055592425,0.8668402486325454
2026-01-01 09:00:29,72.3446568024063,345.49465680240627,17.818602055171805,0.017818602055171804,0.0884928163786225,0.8678180777394182
2026-01-01 09:00:30,73.71331808069637,346.86331808069633,18.52892995164685,0.01852892995164685,0.0717567106830487,0.7036929468199196
2026-01-01 09:00:31,71.67486798689231,344.8248679868923,18.223136833814195,0.018223136833814196,0.063158473515935,0.6193730443050439
2026-01-01 09:00:32,71.59020581674277,344.74020581674273,17.75537434999744,0.017755374349997438,0.0622380750215259,0.610347018409847
2026-01-01 09:00:33,71.3489818174017,344.49898181740167,17.64519892174586,0.017645198921745858,0.0812975831288219,0.7972569435902612
2026-01-01 09:00:34,72.4927835380604,345.64278353806037,18.01147373250669,0.01801147373250669,0.0849051480318397,0.8326350699464408
2026-01-01 09:00:35,72.90317783417672,346.0531778341767,17.574203947716605,0.017574203947716603,0.0681121125431312,0.6679516484710974
2026-01-01 09:00:36,71.9088420338761,345.0588420338761,17.765100902911197,0.017765100902911196,0.0803987801198914,0.788442697062733
2026-01-01 09:00:37,71.32787481842998,344.47787481842994,18.109203315042937,0.018109203315042937,0.0885580555420772,0.8684578553817113
2026-01-01 09:00:38,71.34041502744701,344.490415027447,18.404359212637345,0.018404359212637344,0.0892728607199795,0.8754676995795869
2026-01-01 09:00:39,72.52047423025977,345.67047423025974,18.213066515278555,0.018213066515278556,0.1032782018018373,1.0128131776999878
2026-01-01 09:00:40,72.59460333696275,345.7446033369627,17.198048671990666,0.017198048671990665,0.0991547124829706,0.9723755611711236
2026-01-01 09:00:41,72.43452341464416,345.58452341464414,18.10652835516059,0.018106528355160592,0.0649806285086518,0.6372422805643702
2026-01-01 09:00:42,71.46759223416905,344.617592234169,18.025211750631403,0.018025211750631404,0.1052537931430703,1.0321871105264904
2026-01-01 09:00:43,72.18572905845338,345.33572905845335,18.144861599880443,0.018144861599880442,0.0720353524316642,0.7064254889239797
2026-01-01 09:00:44,72.09334864731258,345.2433486473126,18.565673388577924,0.018565673388577925,0.0956730921868164,0.938232529493843
2026-01-01 09:00:45,72.17495087738321,345.3249508773832,17.27786660311834,0.01727786660311834,0.0810197993907663,0.7945328156954583
2026-01-01 09:00:46,72.69714302235855,345.8471430223585,17.793113801183114,0.017793113801183116,0.0738177593231455,0.7239049294663247
2026-01-01 09:00:47,72.17887643901975,345.3288764390197,18.20681721297768,0.01820681721297768,0.052884547103376,0.5186202438513222
2026-01-01 09:00:48,72.54313085045752,345.69313085045746,17.44644196019112,0.01744644196019112,0.0774265323467547,0.759294903438302
2026-01-01 09:00:49,72.05406325559112,345.2040632555911,18.51658216681873,0.01851658216681873,0.0566092514704158,0.5551471159323531
2026-01-01 09:00:50,72.23129551895198,345.38129551895196,18.12892481444523,0.01812892481444523,0.0945094885376415,0.9268214757676619
2026-01-01 09:00:51,72.50503058067083,345.6550305806708,18.29630439504519,0.01829630439504519,0.1027518898570887,1.0076518206670189
2026-01-01 09:00:52,70.83427534411547,343.9842753441154,17.800169718467373,0.017800169718467374,0.0680463351605496,0.6673065927022037
2026-01-01 09:00:53,71.74426302691415,344.89426302691413,18.28481729148817,0.018284817291488172,0.084529561137789,0.8289518207318985
2026-01-01 09:00:54,71.62370187656576,344.7737018765657,18.373965044596165,0.018373965044596166,0.0691191271698803,0.6778270884605067
2026-01-01 09:00:55,71.48889772140532,344.6388977214053,18.08150730704801,0.01808150730704801,0.0705727290479481,0.6920820533180603
2026-01-01 09:00:56,71.77988619901865,344.9298861990186,18.082040312444544,0.018082040312444543,0.0916174205579805,0.8984599773149194
2026-01-01 09:00:57,73.19595304898752,346.3459530489875,18.0946201337486,0.018094620133748598,0.0794219260723488,0.7788630313173993
2026-01-01 09:00:58,71.30733510744541,344.4573351074454,17.697829157341218,0.017697829157341218,0.1060947206289651,1.0404337920560407
2026-01-01 09:00:59,72.77462268367319,345.9246226836732,17.948364961915875,0.017948364961915875,0.0727665128194561,0.7135957229409192
2026-01-01 09:01:00,70.65370418270736,343.80370418270735,17.946617113641675,0.017946617113641674,0.0949900449871173,0.9315341246729139
2026-01-01 09:01:01,71.73209197601138,344.88209197601134,18.134187852523723,0.018134187852523725,0.0814612011943667,0.7988614886927361
2026-01-01 09:01:02,72.130202452084,345.280202452084,18.349938486418605,0.018349938486418606,0.0919366701461635,0.9015907462888741
2026-01-01 09:01:03,72.46897786508742,345.6189778650874,17.629512371307555,0.017629512371307554,0.0732926351400508,0.7187552203961791
2026-01-01 09:01:04,72.56898126383429,345.7189812638343,17.956246839388147,0.017956246839388148,0.0792566174367262,0.777241907385871
2026-01-01 09:01:05,72.63467778815993,345.7846777881599,18.51850944168064,0.01851850944168064,0.0782675168105159,0.7675421437298457
2026-01-01 09:01:06,71.72101994220125,344.8710199422012,17.739744119915603,0.017739744119915603,0.0674591432773132,0.6615482074204635
2026-01-01 09:01:07,71.63011856586834,344.7801185658683,17.71221249394839,0.01771221249394839,0.0899312230187262,0.8819240282165913
2026-01-01 09:01:08,72.68638070500572,345.8363807050057,18.07080716714092,0.01807080716714092,0.0897537350836754,0.8801834661583253
2026-01-01 09:01:09,71.84695654009471,344.9969565400947,18.29553481666986,0.01829553481666986,0.0889033204235835,0.871843747231935
2026-01-01 09:01:10,70.97945094132966,344.12945094132965,18.00399911944623,0.01800399911944623,0.1030544848087646,1.0106192634498712
2026-01-01 09:01:11,71.09337022879721,344.2433702287972,18.465136206652947,0.018465136206652945,0.1017401720185445,0.9977302579256594
2026-01-01 09:01:12,71.2644381711987,344.4144381711987,18.299877893898284,0.018299877893898284,0.0743758296522629,0.7293777298593639
2026-01-01 09:01:13,72.39772859524301,345.547728595243,18.29463702341152,0.01829463702341152,0.0855957847765126,0.8394079027785872
2026-01-01 09:01:14,72.11394058885645,345.2639405888564,18.19394077546343,0.018193940775463432,0.0706459896611268,0.692800494510289
2026-01-01 09:01:15,72.55238828325422,345.7023882832542,18.81467858512113,0.01881467858512113,0.0803503297417183,0.7879675611616217
2026-01-01 09:01:16,71.65819788293078,344.80819788293076,17.928193408896885,0.017928193408896884,0.071003758263217,0.696309005971977
2026-01-01 09:01:17,72.12683175286138,345.27683175286137,17.29876719777672,0.017298767197776718,0.1043010546370407,1.0228439374563352
2026-01-01 09:01:18,72.50047231517387,345.65047231517383,18.561489026531,0.018561489026531,0.0854554722551444,0.8380319069909118
2026-01-01 09:01:19,71.75252276822381,344.9025227682238,17.83980519916511,0.017839805199165108,0.0767295630784336,0.7524599697631208
2026-01-01 09:01:20,72.36542019004592,345.5154201900459,18.037758155520063,0.018037758155520063,0.0979042785778456,0.9601129935154296
2026-01-01 09:01:21,71.47045924714668,344.62045924714664,18.458342739701184,0.018458342739701185,0.0474407688530688,0.4652350158729471
2026-01-01 09:01:22,71.70955692274794,344.8595569227479,17.439209160629375,0.017439209160629375,0.0497884610770206,0.488258011820964
2026-01-01 09:01:23,71.69460968480134,344.8446096848013,17.56192347506285,0.01756192347506285,0.0919375798282966,0.9015996672231649
2026-01-01 09:01:24,71.04332828352877,344.19332828352873,17.4395527220084,0.0174395527220084,0.0809070267217605,0.7934268936009526
2026-01-01 09:01:25,72.38957798462846,345.5395779846284,17.7220522984911,0.0177220522984911,0.0837566945039114,0.8213725881567827
2026-01-01 09:01:26,71.62447812783782,344.7744781278378,18.15387281210595,0.01815387281210595,0.0601040584502217,0.5894194648008666
2026-01-01 09:01:27,72.00999529498215,345.15999529498214,18.18346574498447,0.01818346574498447,0.0796514943372445,0.7811143269423387
2026-01-01 09:01:28,72.38459732712472,345.5345973271247,18.096695962764997,0.018096695962764996,0.1100526411560201,1.0792477333926844
2026-01-01 09:01:29,72.35722494082395,345.5072249408239,17.50553194063767,0.01750553194063767,0.0923629942969379,0.905771558022066
2026-01-01 09:01:30,72.53230808717822,345.68230808717817,17.191463797178574,0.017191463797178574,0.0825455981771421,0.8094957903638705
2026-01-01 09:01:31,71.92121161239245,345.0712116123924,18.019023754886632,0.01801902375488663,0.0734141913484259,0.7199472795870409
2026-01-01 09:01:32,71.66136135036467,344.8113613503647,17.83487838822658,0.01783487838822658,0.074081407221959,0.7264904321332242
2026-01-01 09:01:33,71.93622543127488,345.08622543127484,18.16078502010081,0.018160785020100812,0.0480620316619997,0.4713275227981494
2026-01-01 09:01:34,70.65013245283357,343.80013245283357,18.245683769177443,0.018245683769177443,0.0838646063138174,0.8224308415073973
2026-01-01 09:01:35,70.84231002206153,343.9923100220615,18.04838450122054,0.018048384501220538,0.0926822466272278,0.9089023538869034
2026-01-01 09:01:36,70.94184031011648,344.0918403101165,18.26604657988155,0.01826604657988155,0.0563657100924407,0.5527587908780336
2026-01-01 09:01:37,71.20220253791881,344.3522025379188,18.080223980940275,0.018080223980940276,0.0700787466153977,0.6872377404958898
2026-01-01 09:01:38,72.31981938137875,345.4698193813787,18.185522646960514,0.018185522646960516,0.0626380305164986,0.614269241964621
2026-01-01 09:01:39,71.27561675571195,344.4256167557119,17.75336435799554,0.01775336435799554,0.0655197320778685,0.6425290805814291
2026-01-01 09:01:40,71.69746995676849,344.84746995676846,17.93713600515899,0.01793713600515899,0.0808022244023285,0.7923991339350946
2026-01-01 09:01:41,73.03938263822886,346.18938263822884,18.068871633829936,0.018068871633829937,0.0487339676751728,0.47791696410173334
2026-01-01 09:01:42,71.71498882315086,344.86498882315084,18.287184966396097,0.018287184966396097,0.0892140565753559,0.8748910279147138
2026-01-01 09:01:43,72.59001245477367,345.74001245477365,17.8621905897214,0.0178621905897214,0.0913078260490052,0.8954238923234767
2026-01-01 09:01:44,71.2531058559921,344.40310585599207,18.18240853950624,0.018182408539506242,0.0762334611794463,0.747594872075417
2026-01-01 09:01:45,71.8356499537059,344.9856499537059,17.906956422829616,0.017906956422829617,0.0427893723502318,0.41962039835840065
2026-01-01 09:01:46,71.23998235607154,344.3899823560715,17.958860241435154,0.017958860241435153,0.0650537206099641,0.6379590692197045
2026-01-01 09:01:47,71.72877353927954,344.8787735392795,18.290331664708425,0.018290331664708424,0.0984935290115404,0.9658915662810227
2026-01-01 09:01:48,72.67224650996592,345.8222465099659,17.302428870131045,0.017302428870131045,0.0383300857890714,0.375889735803397
2026-01-01 09:01:49,70.61814366144613,343.7681436614461,17.546234685173832,0.01754623468517383,0.0747871488170972,0.7334113929471862
2026-01-01 09:01:50,72.34753891483669,345.4975389148367,17.481235110895014,0.017481235110895013,0.0622999883229911,0.6109541804876606
2026-01-01 09:01:51,72.19018848186582,345.34018848186577,17.18323435805309,0.017183234358053093,0.0920685545237725,0.9028840902205535
2026-01-01 09:01:52,71.52468003544257,344.6746800354425,17.762607445945687,0.017762607445945686,0.069873290717848,0.685222906418184
2026-01-01 09:01:53,70.84315371648924,343.99315371648925,18.26230186490471,0.018262301864904712,0.0860593103110341,0.8439535354617025
2026-01-01 09:01:54,72.0577036061711,345.2077036061711,17.9002905767661,0.0179002905767661,0.0884819062875364,0.8677110862946688
2026-01-01 09:01:55,71.57640583274896,344.7264058327489,18.06922652867965,0.01806922652867965,0.1075433875959503,1.054640361967826
2026-01-01 09:01:56,72.18614096908377,345.3361409690838,18.381226123848776,0.018381226123848775,0.0769558708448694,0.7546792908208385
2026-01-01 09:01:57,72.01748171641876,345.1674817164187,18.46469014629369,0.01846469014629369,0.0856406655443391,0.839848032760393
2026-01-01 09:01:58,73.28142311305673,346.4314231130567,17.97580172284585,0.017975801722845852,0.0577241678130884,0.5660807102842234
2026-01-01 09:01:59,71.80851549802158,344.95851549802154,18.47375506134929,0.01847375506134929,0.0978562034494061,0.9596415375571182
2026-01-01 09:02:00,71.1812020059025,344.33120200590247,18.032244330451935,0.018032244330451936,0.0685923672789295,0.672661338575914
2026-01-01 09:02:01,72.14342050796505,345.29342050796504,17.706910621660388,0.01770691062166039,0.0715886875386838,0.7020452026512335
2026-01-01 09:02:02,72.17599734717741,345.3259973471774,17.79195987673044,0.01779195987673044,0.0796662830772618,0.7812593549396294
2026-01-01 09:02:03,73.08735006019235,346.23735006019234,17.481812220602244,0.017481812220602244,0.0565567348199022,0.5546321035215939
2026-01-01 09:02:04,72.66808899673167,345.81808899673166,17.68915315119322,0.01768915315119322,0.083431550433934,0.8181840140629388
2026-01-01 09:02:05,72.2854968473196,345.4354968473196,17.87469415917395,0.01787469415917395,0.0945119940938751,0.9268460468807003
2026-01-01 09:02:06,73.17064231297564,346.3206423129756,18.28125475678251,0.01828125475678251,0.0843940073524593,0.827622492202995
2026-01-01 09:02:07,71.04898955654171,344.1989895565417,18.602269440908096,0.018602269440908096,0.0561665365373191,0.5508055655337003
2026-01-01 09:02:08,71.4881987738002,344.6381987738002,17.516236469618036,0.017516236469618036,0.0781428605850551,0.7663196837564306
2026-01-01 09:02:09,71.25873924687558,344.40873924687554,18.13748961389097,0.01813748961389097,0.0911304335446923,0.8936842661210567
2026-01-01 09:02:10,71.68815215747539,344.83815215747535,17.635809621294865,0.017635809621294865,0.0518301685105113,0.5082803220236056
2026-01-01 09:02:11,70.89865108195495,344.0486510819549,18.16614398096212,0.01816614398096212,0.0638785097927343,0.6264341880589177
2026-01-01 09:02:12,72.50812075745152,345.6581207574515,17.954119672259296,0.017954119672259294,0.0931481540612228,0.9134713450244906
2026-01-01 09:02:13,71.82222184232099,344.97222184232095,17.359182960953365,0.017359182960953366,0.0840514315129593,0.8242629708465622
2026-01-01 09:02:14,70.82335496439788,343.97335496439786,18.32490394704897,0.01832490394704897,0.0861795737319013,0.8451329167379498
2026-01-01 09:02:15,71.18753673503397,344.33753673503395,17.788249750516943,0.017788249750516943,0.1078924221143496,1.0580632213276864
2026-01-01 09:02:16,72.25081107796015,345.40081107796016,17.813134916569258,0.01781313491656926,0.087028291677593,0.8534559965800673
2026-01-01 09:02:17,72.67050125431551,345.8205012543155,17.625586656048608,0.017625586656048606,0.0898683201564976,0.8813071618627171
2026-01-01 09:02:18,73.59738471335343,346.7473847133534,17.771000853159357,0.017771000853159358,0.1206611829082748,1.183281989367433
2026-01-01 09:02:19,74.33108997280587,347.4810899728059,18.14976165424322,0.018149761654243222,0.0767929316286426,0.753081402956028
2026-01-01 09:02:20,72.33152754662079,345.4815275466208,17.93376448067226,0.01793376448067226,0.0680317585457225,0.6671636449424095
2026-01-01 09:02:21,71.20836950397451,344.3583695039745,18.11503170079887,0.01811503170079887,0.086416945973707,0.8474607432330536
2026-01-01 09:02:22,70.29436297541496,343.44436297541495,18.126672648875097,0.018126672648875096,0.0865848654408334,0.8491074706753488
2026-01-01 09:02:23,72.21416916987506,345.364169169875,18.462231579434857,0.018462231579434857,0.0720992691208068,0.70705229752356
2026-01-01 09:02:24,71.34964712375174,344.49964712375174,17.88002484719747,0.01788002484719747,0.0645140447066772,0.6326666565227359
2026-01-01 09:02:25,71.66771419185625,344.8177141918562,17.483099764103994,0.017483099764103994,0.1146476663313511,1.1243095370283442
2026-01-01 09:02:26,71.51032256075216,344.66032256075215,18.373527845800197,0.018373527845800198,0.0849026520558203,0.8326105927832101
2026-01-01 09:02:27,71.88736729086689,345.0373672908669,17.883979139765962,0.017883979139765964,0.0690157192789688,0.6768130034670993
2026-01-01 09:02:28,72.85278418463011,346.00278418463006,18.390107355602083,0.018390107355602082,0.0937389545341939,0.9192651184827525
2026-01-01 09:02:29,72.12563885395627,345.27563885395625,18.134181989613865,0.018134181989613866,0.0783628227265799,0.7684767754916147
2026-01-01 09:02:30,71.87309213036905,345.02309213036904,17.95410186442883,0.017954101864428827,0.0762067783052325,0.7473332024670082
2026-01-01 09:02:31,71.17147699773935,344.3214769977393,18.122071562916204,0.018122071562916203,0.0884340930787174,0.8672421988904039
2026-01-01 09:02:32,70.66025364423652,343.81025364423647,18.68285439604421,0.01868285439604421,0.0606217659765246,0.594496441313685
2026-01-01 09:02:33,71.61095367274133,344.7609536727413,18.72694318516881,0.01872694318516881,0.0852894080587576,0.8364033735394151
2026-01-01 09:02:34,71.95697395934535,345.10697395934534,18.02428339729647,0.018024283397296472,0.1086943221159762,1.065927173978638
2026-01-01 09:02:35,73.41434393086391,346.56434393086386,18.05606670766097,0.01805606670766097,0.0869926649329596,0.8531066175648082
2026-01-01 09:02:36,72.1042196171783,345.25421961717825,18.376684055113238,0.018376684055113238,0.074356818443248,0.7291912935864779
2026-01-01 09:02:37,72.78619160881844,345.93619160881843,17.70401863853143,0.01770401863853143,0.0723934207935763,0.709936940025325
2026-01-01 09:02:38,71.60056352116868,344.75056352116866,18.11657463041639,0.018116574630416393,0.0738449003998233,0.7241710925059271
2026-01-01 09:02:39,71.05204498686638,344.2020449868663,17.99094800321615,0.01799094800321615,0.0761905598292832,0.7471741535498401
2026-01-01 09:02:40,71.2279065902141,344.3779065902141,18.109867874010146,0.018109867874010147,0.0743329020086259,0.7289567534828911
2026-01-01 09:02:41,71.4198191483714,344.5698191483714,17.708320917917707,0.017708320917917707,0.0937446716161185,0.9193211839042085
2026-01-01 09:02:42,73.70277578594813,346.8527757859481,17.44365137734186,0.01744365137734186,0.0540018634518652,0.5295773742202339
2026-01-01 09:02:43,71.3428906566205,344.4928906566205,17.274455797403046,0.017274455797403047,0.092930000756182,0.9113319919156122
2026-01-01 09:02:44,72.67079136298908,345.82079136298904,17.60891556045364,0.017608915560453638,0.0743047021228615,0.7286802070731597
2026-01-01 09:02:45,71.27765825753038,344.42765825753037,17.839463650271234,0.017839463650271236,0.0856542167854305,0.839980925038842
2026-01-01 09:02:46,72.7452584102994,345.8952584102994,17.897382944672934,0.017897382944672934,0.063095181346987,0.61875236015643
2026-01-01 09:02:47,72.30796077288468,345.4579607728847,18.67803090685033,0.018678030906850333,0.0999294660027415,0.9799732977757848
2026-01-01 09:02:48,71.87468968187353,345.0246896818735,18.387097679467555,0.018387097679467553,0.098684524402578,0.9677645912325414
2026-01-01 09:02:49,71.96738997909165,345.1173899790916,17.66326810928043,0.01766326810928043,0.0943938578862511,0.9256875264402042
2026-01-01 09:02:50,71.47616984365649,344.6261698436565,18.121697958357835,0.018121697958357837,0.0572786783630969,0.5617119511694642
2026-01-01 09:02:51,72.35685776118567,345.50685776118564,17.857522617277386,0.017857522617277386,0.0924368160659908,0.9064955022735486
2026-01-01 09:02:52,71.63601321572737,344.78601321572734,17.900472656685967,0.017900472656685967,0.0860728263145356,0.8440860821774404
2026-01-01 09:02:53,71.0195153889862,344.16951538898616,18.064863977295385,0.018064863977295384,0.0559209312930114,0.5483970008646102
2026-01-01 09:02:54,70.97764994054431,344.1276499405443,18.216709890941388,0.018216709890941388,0.0796355392434377,0.7809578609216583
2026-01-01 09:02:55,72.1380703341777,345.2880703341777,17.881259530640595,0.017881259530640594,0.0854680173354989,0.8381549322031703
2026-01-01 09:02:56,73.26327300512835,346.4132730051283,18.372348036457023,0.01837234803645702,0.0883411291073472,0.8663305337605665
2026-01-01 09:02:57,72.12799329085875,345.2779932908587,17.60032162085016,0.017600321620850158,0.0826589205042328,0.8106071027628345
2026-01-01 09:02:58,71.9050893391121,345.0550893391121,18.002218671826792,0.018002218671826793,0.0843684712527107,0.8273720686103954
2026-01-01 09:02:59,72.22866091168203,345.378660911682,18.909185804308542,0.018909185804308542,0.1021041708837964,1.001299867397582
2026-01-01 09:03:00,73.04480139336546,346.1948013933654,18.078077909918846,0.018078077909918847,0.0983905086486602,0.9648812816393835
2026-01-01 09:03:01,72.17550600109108,345.32550600109107,18.50162507731216,0.018501625077312157,0.0369941756932588,0.3627889330622964
2026-01-01 09:03:02,71.67125821533301,344.821258215333,18.032032062360624,0.018032032062360624,0.0752384216774347,0.7378368679430151
2026-01-01 09:03:03,72.88503096804791,346.03503096804786,18.20327198336543,0.01820327198336543,0.0775302345868407,0.7603118750110414
2026-01-01 09:03:04,72.34300515076929,345.49300515076925,17.980125881962557,0.017980125881962558,0.0537185214090954,0.5267987379765053
2026-01-01 09:03:05,73.22860479359679,346.37860479359676,17.940357346592528,0.017940357346592526,0.0814127458734846,0.7983863043202077
2026-01-01 09:03:06,72.14658754977752,345.2965875497775,17.727181161146103,0.0177271811611461,0.0987313665861576,0.9682239561321423
2026-01-01 09:03:07,71.0204247746236,344.1704247746236,18.150605475635142,0.018150605475635143,0.0637014821061411,0.6246981394961886
2026-01-01 09:03:08,70.90547264060346,344.05547264060345,17.70196198378498,0.01770196198378498,0.085046014080348,0.8340164939810446
2026-01-01 09:03:09,73.32074234578499,346.47074234578497,18.2329548327097,0.018232954832709702,0.0662626478405534,0.649814595445563
2026-01-01 09:03:10,73.37893257662664,346.52893257662663,18.37985045155607,0.01837985045155607,0.0699213196448048,0.685693909294725
2026-01-01 09:03:11,71.85638462937392,345.0063846293739,18.12828599253303,0.01812828599253303,0.1021609045125505,1.0018562342380033
2026-01-01 09:03:12,71.69345014309121,344.8434501430912,17.899812943255508,0.01789981294325551,0.0718616326983226,0.7047218803010054
2026-01-01 09:03:13,73.16915543379376,346.31915543379375,18.158887952758043,0.018158887952758045,0.0869331873351593,0.8525233415803399
2026-01-01 09:03:14,71.1143634543652,344.2643634543652,17.891964430558755,0.017891964430558755,0.0519317282590851,0.5092762829319568
2026-01-01 09:03:15,71.28421838483534,344.43421838483533,18.3274414939128,0.0183274414939128,0.1079347634209232,1.0584784477017966
2026-01-01 09:03:16,72.51466143575124,345.6646614357512,17.359007870524707,0.017359007870524707,0.0890397866945974,0.8731820241885736
2026-01-01 09:03:17,71.68431590171232,344.83431590171233,17.882537421158474,0.017882537421158473,0.077262502360246,0.7576863187711064
2026-01-01 09:03:18,71.99590250662395,345.14590250662394,17.3032158017066,0.0173032158017066,0.0886331976499984,0.8691947477343568
2026-01-01 09:03:19,71.86924568118039,345.01924568118034,17.476728709420478,0.017476728709420478,0.0588527085657828,0.5771479144566338
2026-01-01 09:03:20,72.27005963903915,345.4200596390391,18.47735178043487,0.01847735178043487,0.0977379611262898,0.9584819764791298
2026-01-01 09:03:21,73.12598548905098,346.275985489051,18.31331474369009,0.01831331474369009,0.0751402283675535,0.7368739205206686
2026-01-01 09:03:22,72.0724679255214,345.22246792552136,17.748181918350323,0.01774818191835032,0.0769389572742734,0.7545134253537532
2026-01-01 09:03:23,72.51515103462148,345.66515103462143,17.474123790385686,0.017474123790385685,0.0726251657755177,0.7122095819524806
2026-01-01 09:03:24,70.35986231917518,343.50986231917517,16.962414906755424,0.016962414906755423,0.0712902289588162,0.6991183238189749
2026-01-01 09:03:25,71.9610252784559,345.1110252784559,17.809776572223576,0.017809776572223577,0.0904200591744261,0.8867178733028857
2026-01-01 09:03:26,71.3254157837657,344.4754157837657,18.84714525428659,0.01884714525428659,0.0838386027515633,0.8221758336736181
2026-01-01 09:03:27,71.0249495516611,344.1749495516611,18.15220949501228,0.01815220949501228,0.0897762221210456,0.8804039886633519
2026-01-01 09:03:28,71.29747810645699,344.44747810645697,17.80414969988268,0.017804149699882678,0.0798680796577164,0.7832383033753445
2026-01-01 09:03:29,71.73270124743935,344.88270124743934,18.162778073325107,0.018162778073325107,0.0876979971661577,0.8600235639095003
2026-01-01 09:03:30,72.73272203388481,345.88272203388476,17.453664576451946,0.017453664576451946,0.0737172688411244,0.7229194544808125
2026-01-01 09:03:31,70.93888582580834,344.08888582580835,17.895936823055827,0.017895936823055826,0.1134459776211432,1.1125249964383839
2026-01-01 09:03:32,72.02450519407553,345.1745051940755,18.03481711555551,0.018034817115555508,0.0564810437535425,0.5538898277256775
2026-01-01 09:03:33,71.61266445333314,344.7626644533331,17.969864771862632,0.01796986477186263,0.0989140598534447,0.9700155650617834
2026-01-01 09:03:34,71.73786152451044,344.8878615245104,18.27678214259153,0.018276782142591527,0.1005186117608145,0.9857508440241914
2026-01-01 09:03:35,72.80220626024368,345.95220626024366,18.120625829182615,0.018120625829182616,0.0672176179105161,0.6591796526821627
2026-01-01 09:03:36,72.43049234960314,345.5804923496031,18.2339141063378,0.0182339141063378,0.1134391041583396,1.112457590794381
2026-01-01 09:03:37,73.06991848595419,346.21991848595417,17.759069701219236,0.017759069701219234,0.0949323542441797,0.9309683717486849
2026-01-01 09:03:38,71.87639545660008,345.0263954566001,18.31423539294369,0.01831423539294369,0.0945670851023436,0.9273863051188979
2026-01-01 09:03:39,71.44324591066344,344.5932459106634,18.570127931668395,0.018570127931668394,0.0804203328053881,0.7886540567059591
2026-01-01 09:03:40,76.42878369203801,349.578783692038,20.485927936014946,0.020485927936014947,0.1770047808626338,1.7358239342465476
2026-01-01 09:03:41,77.13147522508703,350.281475225087,20.17749807703889,0.02017749807703889,0.2074621396422028,2.034508591722208
2026-01-01 09:03:42,76.83620925373441,349.9862092537344,21.44556905984244,0.02144556905984244,0.2031539933867591,1.992260109246261
2026-01-01 09:03:43,77.28232157702072,350.43232157702073,20.335950364073906,0.020335950364073905,0.228414106175374,2.239977194324731
2026-01-01 09:03:44,77.02752644034649,350.17752644034647,20.83804512038376,0.02083804512038376,0.2263174326112174,2.219415850516795
2026-01-01 09:03:45,77.9551987399594,351.1051987399594,20.10310193089993,0.02010310193089993,0.1827959087346645,1.7926154983927975
2026-01-01 09:03:46,78.91616806462329,352.0661680646233,21.475470886006363,0.021475470886006362,0.2081548761092031,2.0413020157963166
2026-01-01 09:03:47,78.6311195097928,351.7811195097928,20.709909550405488,0.020709909550405487,0.2150039028931618,2.108468024307225
2026-01-01 09:03:48,75.65672328373032,348.8067232837303,20.523555941486883,0.020523555941486884,0.2196923664565508,2.154446145511134
2026-01-01 09:03:49,76.54655701482673,349.6965570148267,21.297455846959167,0.021297455846959166,0.2055153533447732,2.01541713987852
2026-01-01 09:03:50,75.93451373392503,349.084513733925,20.5109187699181,0.020510918769918098,0.1896264620763115,1.8596003443206601
2026-01-01 09:03:51,77.32043630430914,350.47043630430915,20.563832760701384,0.020563832760701384,0.1966370551954549,1.9283507773325077
2026-01-01 09:03:52,77.36347539171041,350.51347539171036,20.03343596064209,0.020033435960642092,0.1907634917787686,1.8707507966522612
2026-01-01 09:03:53,78.65654307730708,351.8065430773071,20.60524486106225,0.02060524486106225,0.1550207686430839,1.5202344208136986
2026-01-01 09:03:54,76.73709748490657,349.8870974849066,19.859480047948253,0.019859480047948252,0.1913003111784981,1.8760151966186183
2026-01-01 09:03:55,71.47668284794577,344.62668284794574,18.223114815927893,0.018223114815927893,0.0787482682516011,0.7722567048495639
2026-01-01 09:03:56,70.28216877620908,343.43216877620904,17.81143003883379,0.01781143003883379,0.0734001844320543,0.7198099186606053
2026-01-01 09:03:57,71.86986726356407,345.01986726356404,18.40173443125675,0.01840173443125675,0.0356657176348239,0.3497612098435458
2026-01-01 09:03:58,71.15006847051235,344.3000684705123,17.162008893284835,0.017162008893284834,0.0612902379545874,0.6010519120373545
2026-01-01 09:03:59,71.57644845810714,344.72644845810714,17.72470197871354,0.01772470197871354,0.0968126097710475,0.9494073796112429
2026-01-01 09:04:00,71.29851137746593,344.44851137746593,17.409736147068063,0.017409736147068065,0.070030609999053,0.6867656815472131
2026-01-01 09:04:01,71.92458995659796,345.07458995659795,17.710819686772616,0.017710819686772617,0.0854088751648526,0.8375749456354017
2026-01-01 09:04:02,70.5938172869147,343.7438172869147,18.08668306538813,0.018086683065388128,0.0591397185503711,0.5799625209219966
2026-01-01 09:04:03,70.8263638036872,343.97636380368715,17.937270681092585,0.017937270681092583,0.1015805822353884,0.9961652167786716
2026-01-01 09:04:04,73.70339768962263,346.8533976896226,17.911317850868194,0.017911317850868195,0.0778395850991798,0.7633455672128716
2026-01-01 09:04:05,70.97006193498078,344.12006193498075,17.94428529501698,0.01794428529501698,0.084350605947253,0.8271968698126285
2026-01-01 09:04:06,71.12257153723628,344.2725715372363,18.07118588421698,0.01807118588421698,0.1148866968782252,1.126653625940847
2026-01-01 09:04:07,73.46953082265705,346.619530822657,17.64701238531991,0.01764701238531991,0.102746601508841,1.0075999596866756
2026-01-01 09:04:08,74.32405373539233,347.4740537353923,18.24739737431467,0.018247397374314668,0.0754015156806941,0.7394362737500788
2026-01-01 09:04:09,71.06274669693973,344.2127466969397,18.23193308963492,0.01823193308963492,0.0711016972269446,0.6972694591106161
2026-01-01 09:04:10,71.70540083456957,344.85540083456954,18.13476327817964,0.01813476327817964,0.075116824827207,0.7366444101917294
2026-01-01 09:04:11,72.2732444407524,345.4232444407524,18.194786704962944,0.018194786704962943,0.087648473727148,0.8595379048763359
2026-01-01 09:04:12,73.38295811552447,346.5329581155245,18.10374630028303,0.01810374630028303,0.0784216379862369,0.7690535561577301
2026-01-01 09:04:13,71.21051433725741,344.36051433725737,18.712275655955874,0.018712275655955873,0.0740713378249479,0.7263916850810253
2026-01-01 09:04:14,71.80377772324631,344.9537777232463,17.96951704013162,0.01796951704013162,0.1020077187606356,1.000353995183987
2026-01-01 09:04:15,72.62187006084939,345.7718700608494,17.8925208735829,0.0178925208735829,0.0782868516233324,0.7677317534719527
2026-01-01 09:04:16,72.3478128595733,345.4978128595733,17.73626534687492,0.01773626534687492,0.1144938363955598,1.1228009806885164
2026-01-01 09:04:17,71.69907514301592,344.8490751430159,17.638708065297756,0.017638708065297756,0.0813611384562826,0.7978802084423037
2026-01-01 09:04:18,71.89294162838716,345.04294162838715,17.564434874339625,0.017564434874339625,0.1067797759133709,1.0471518894608587
2026-01-01 09:04:19,70.90008335330401,344.050083353304,17.68892094036918,0.01768892094036918,0.0853597913406594,0.8370935977508774
2026-01-01 09:04:20,71.80946100482026,344.95946100482024,17.975261866421775,0.017975261866421774,0.0944444085987417,0.9261832595848503
2026-01-01 09:04:21,71.78689000799284,344.9368900079928,18.1170032949742,0.0181170032949742,0.0691308342272341,0.6779418954745052
2026-01-01 09:04:22,72.185735911701,345.33573591170097,18.017899720493254,0.018017899720493256,0.0671936116611888,0.6589442317971971
2026-01-01 09:04:23,71.55573822494479,344.70573822494475,17.7320626528996,0.0177320626528996,0.0868955893252248,0.8521546310562157
2026-01-01 09:04:24,72.37723081803611,345.52723081803606,18.315064597406987,0.018315064597406987,0.0948282986369797,0.9299479348283369
2026-01-01 09:04:25,72.81017265425587,345.96017265425587,18.258794435305333,0.018258794435305332,0.0806038475300069,0.7904537213801421
2026-01-01 09:04:26,72.12434346213477,345.27434346213477,17.944123092402293,0.017944123092402293,0.0607040999737445,0.5953038620075215
2026-01-01 09:04:27,72.28140512671936,345.43140512671937,17.77147934936735,0.01777147934936735,0.0595961245056601,0.5844383343834315
2026-01-01 09:04:28,72.04252427806229,345.19252427806225,18.191949772290428,0.01819194977229043,0.0585929539672063,0.5746005920225036
2026-01-01 09:04:29,72.00006751447313,345.1500675144731,18.06579075562013,0.01806579075562013,0.0534856683059092,0.5245152290921444
2026-01-01 09:04:30,71.42275357316572,344.5727535731657,17.493155459204733,0.017493155459204733,0.0816422803917063,0.8006372690033265
2026-01-01 09:04:31,72.25319540933864,345.40319540933865,17.97620691040546,0.017976206910405457,0.0968756588256203,0.9500256796222692
2026-01-01 09:04:32,71.92217072126921,345.0721707212692,18.091712534226037,0.018091712534226038,0.0797987631961278,0.7825585410973067
2026-01-01 09:04:33,73.67453464714447,346.82453464714445,17.685106824729285,0.017685106824729284,0.0460937786399322,0.4520255542992911
2026-01-01 09:04:34,73.2586839219802,346.4086839219802,18.066445187493105,0.018066445187493105,0.0771385930949817,0.7564711839749022
2026-01-01 09:04:35,72.3086772420452,345.45867724204516,17.490812130159775,0.017490812130159773,0.0775580150505109,0.7605843082950926
2026-01-01 09:04:36,71.38955423224418,344.53955423224414,18.46766513500426,0.01846766513500426,0.1114399812533815,1.0928528921584737
2026-01-01 09:04:37,71.11007082241326,344.26007082241324,18.4367824947708,0.0184367824947708,0.0581429313062066,0.5701873772940109
2026-01-01 09:04:38,72.95291436247109,346.1029143624711,17.911618932993964,0.017911618932993964,0.074139835961012,0.7270634223270582
2026-01-01 09:04:39,72.21019938011771,345.3601993801177,18.12720901824368,0.01812720901824368,0.1055877902081684,1.0354625028449347
2026-01-01 09:04:40,72.38411472271329,345.5341147227133,17.156527311970045,0.017156527311970045,0.0867496751201982,0.8507237015174915
2026-01-01 09:04:41,70.60433121042064,343.7543312104206,17.595278318907134,0.017595278318907136,0.0884496961027463,0.867395212285997
2026-01-01 09:04:42,72.74195078524654,345.89195078524654,17.897177377946754,0.017897177377946754,0.0817187665553581,0.8013873420401025
2026-01-01 09:04:43,72.36353627057149,345.5135362705715,17.624753442500598,0.0176247534425006,0.0849491530798589,0.8330666120505982
2026-01-01 09:04:44,71.11165545246841,344.2616554524684,18.25003876892073,0.018250038768920732,0.091664142954178,0.8989181675015897
2026-01-01 09:04:45,71.62278015404004,344.77278015404,18.6990537857618,0.018699053785761803,0.0678577052166085,0.6654567648624538
2026-01-01 09:04:46,72.21097376348521,345.36097376348516,17.588184848199745,0.017588184848199746,0.093170878683623,0.9136941974427515
2026-01-01 09:04:47,72.04197343868499,345.19197343868495,17.706887808570183,0.017706887808570184,0.0594049547467169,0.5825635994668913
2026-01-01 09:04:48,71.76626305135716,344.91626305135713,18.08240692890848,0.01808240692890848,0.084925519592473,0.8328348467115253
2026-01-01 09:04:49,71.91720938554724,345.06720938554724,18.563890651974862,0.018563890651974863,0.0826811144492949,0.8108247510141778
2026-01-01 09:04:50,71.79841809743449,344.94841809743446,17.572168990611033,0.017572168990611033,0.0707556036771183,0.6938754408002122
2026-01-01 09:04:51,72.12205000968197,345.27205000968195,18.087162642807428,0.01808716264280743,0.0796597208701153,0.7811950016709162
2026-01-01 09:04:52,73.17719357839452,346.3271935783945,18.63745459778459,0.01863745459778459,0.0706618977100167,0.6929564991779352
2026-01-01 09:04:53,69.94667324725496,343.09667324725496,17.421884298137257,0.017421884298137257,0.0639244800970738,0.6268850027439687
2026-01-01 09:04:54,71.81051978839226,344.9605197883922,17.55162577760396,0.017551625777603958,0.0746957788757953,0.732515359912318
2026-01-01 09:04:55,72.14120993709795,345.29120993709796,17.851737687738705,0.017851737687738706,0.063440170469425,0.6221355477339867
2026-01-01 09:04:56,72.23679519174968,345.3867951917497,17.817794055500606,0.017817794055500605,0.0848419619613987,0.8320154262687506
2026-01-01 09:04:57,71.70246833494296,344.85246833494296,18.28441045071377,0.018284410450713773,0.0627487175877145,0.6153547113315604
2026-01-01 09:04:58,70.59462257401714,343.7446225740171,18.084580901937294,0.018084580901937295,0.0906796553448657,0.8892636420877272
2026-01-01 09:04:59,72.26239638697129,345.4123963869713,17.378763279125256,0.017378763279125256,0.0622778139810677,0.6107367244774375
