sample_id,surface,surface_id,command_speed_mps,command_yaw_rps,duration_s,slip_ratio,true_distance_m,odom_distance_m,distance_error_m,true_yaw_change_rad,odom_yaw_change_rad,yaw_error_rad,imu_accel_std,wheel_speed_diff_mps,motor_current_a,risk_label
0,gravel,3,0.28303044336073957,0.060134716043788394,3.2640438509390415,0.11981359751200041,0.8131371279372966,0.9325053413315963,0.1193682133942997,0.18334783815719524,0.23549252448606017,0.05214468632886493,0.06438482872254173,0.08056031613179777,3.9776311279034897,0
1,gravel,3,0.2503628255684135,0.05231048237470359,3.8544837011497926,0.05359890362474934,0.9132954470744175,0.9753041613406322,0.06200871426621479,0.1956859737942104,0.18426735225083798,-0.01141862154337242,0.033416384333120316,0.02924289947810748,3.340063553645397,0
2,tile,2,0.17106233198299864,-0.5811012934651673,3.510586292201739,0.1469956680148917,0.5122539048221781,0.6035557869504422,0.09130188212826407,-1.8750765916041654,-2.0853899039660617,-0.21031331236189632,0.07700354965900039,0.11851958698820701,3.2494368631855233,1
3,wet,1,0.25684921696513036,-0.72287097724235,3.5748717370121503,0.07717816630890609,0.8473377820688884,0.9241951570677734,0.07685737499888501,-2.4744781563795004,-2.690548513922352,-0.21607035754285153,0.047988378698541355,0.05834130463651316,3.326272024371438,0
4,dry,0,0.18011756005797427,-0.5453800105575298,1.373962761344469,0.041015839769287854,0.23732443261228708,0.23951023447119632,0.0021858018589092365,-0.7324278645436837,-0.7561336521897857,-0.023705787646101983,0.03636008406599979,0.05520612287068158,2.8372640692574147,0
5,tile,2,0.14452310492818057,0.5096056221758696,1.972542329250361,0.11821620821650271,0.25137710867310575,0.27990583660775215,0.028528727934646392,0.9398604347755487,0.9344508509734402,-0.005409583802108542,0.0534517720919357,0.05197056365315688,2.766523174646083,0
6,wet,1,0.2102870417485907,0.6713939820824348,1.9370563237676564,0.07327532489259242,0.37749003116348406,0.4119857675023558,0.03449573633887176,1.2481148239429227,1.2824750414931734,0.03436021755025065,0.055796320608275274,0.066404997462416,3.1705936694710033,0
7,dry,0,0.17449025490876463,0.08725371534534654,4.702977871613514,0.0005483402253151776,0.8201738266045367,0.8147110204615015,-0.0054628061430352925,0.41022853551754335,0.4314665471237522,0.021238011606208862,0.03616323930704443,0.019867448180882097,2.8011751902088156,0
8,tile,2,0.3260766253582587,0.16082098527988742,1.2626210654377807,0.18010518619157845,0.33755989088699034,0.4074863388941781,0.06992644800718778,0.18294167608881048,0.17875718293211004,-0.004184493156700442,0.07945269405128395,0.1170885758559262,4.404031532355842,1
9,wet,1,0.14310265902226538,-0.7888521153356111,4.893730511262709,0.02780103156196407,0.6808366236973449,0.7083714356889821,0.02753481199163721,-3.8014015058537542,-4.070687478812788,-0.2692859729590338,0.029257201125655087,0.007134279753335356,2.7328381465098994,0
10,wet,1,0.24764277465426426,0.0649228097486454,3.592819351448832,0.14743324236012478,0.7585591261122199,0.894482554903812,0.13592342879159214,0.21434160450837092,0.2281258448622012,0.013784240353830274,0.07586429422981364,0.06353401001064693,3.7276708811165755,1
11,gravel,3,0.19788028181467793,0.27123832827029415,3.0292801270172247,0.08899718278797644,0.5460867962992627,0.6288244606063097,0.08273766430704699,0.7814380464901369,0.8460391343482241,0.06460108785808716,0.05214868294834562,0.05633746865928748,3.2089087994063,0
12,tile,2,0.15670349849134457,0.8435117395907357,4.819654278213012,0.0845222007079142,0.6914207296373519,0.739359410040396,0.047938680403044054,3.876444233925171,4.287040938082036,0.4105967041568652,0.060418745244077955,0.048542603895113244,2.7698538151363628,0
13,gravel,3,0.1689721743471172,-0.8360175796643095,2.560138277755393,0.02851839968552363,0.42025529611691853,0.4438657305336969,0.023610434416778348,-2.1067494213926095,-2.2067752323273484,-0.10002581093473895,0.034424577402092885,0.052449347930932845,2.7644710734990605,0
14,tile,2,0.27023182491624426,0.30418467184996656,2.5584116017025433,0.24660878907409173,0.5208677389621835,0.6950548311327595,0.17418709217057593,0.6726745517971207,0.760767377634415,0.08809282583729439,0.09562833775417438,0.15264910584309715,4.137258254919772,1
15,wet,1,0.23485146857688283,0.8998190726305797,1.8198983049038029,0.10687203915833451,0.38172806128810904,0.4321363271360585,0.05040826584794944,1.5413229190935753,1.5919304557822962,0.05060753668872087,0.0487616340046446,0.06316281500311062,3.4793873254446748,0
16,tile,2,0.26231211307890934,0.9082701317653492,4.516888011508435,0.2178605348475437,0.9267057742881922,1.1925883649792095,0.2658825906910173,3.610972878364672,4.068011957804699,0.457039079440027,0.08992693163139878,0.14191796359206998,3.7743977693131243,1
17,dry,0,0.2616107589537417,-1.0275854085730822,2.210391884705877,0.012703336744651062,0.5709164378379671,0.56248793905453,-0.0084284987834371,-2.255496784879753,-2.3015854031527088,-0.04608861827295563,0.03434140698660312,0.0010863164151605036,3.3456624233451864,0
18,gravel,3,0.29004952661597977,0.8931631017156694,3.726584838081047,0.049328992723390655,1.0275747476228037,1.0884577699842906,0.060883022361486905,3.238144127867571,3.458938596289655,0.22079446842208394,0.036264811118194414,0.04192332879539373,3.8489916531194983,0
19,dry,0,0.10013723384202783,-0.8769749560777749,3.264594015893982,0.02049378745234058,0.32020784330219076,0.3201120603502269,-9.578295196388531e-05,-2.8306970210674955,-2.7758715758566717,0.05482544521082389,0.03690067156846324,0.01395075963009806,2.118939461336629,0
20,wet,1,0.11896451492609837,-0.8710559368321958,4.675147397144167,0.0632209258237118,0.521014640060952,0.5672897990428333,0.04627515898188128,-3.9307143609693527,-4.280301074926761,-0.3495867139574087,0.04306562912348545,0.037621163493626916,2.435879785303004,0
21,wet,1,0.10168278438894804,0.7469955206049048,3.3308407111770615,0.09817856304378575,0.3054371430305036,0.34346757606834827,0.038030433037844646,2.3537688987297,2.5028008752559314,0.14903197652623135,0.04343965032041035,0.0433987910345776,2.4653765205616702,0
22,wet,1,0.14048601826117224,1.0888557377747379,2.333923439554669,0.12037690582755654,0.28841399639179344,0.3461985433267183,0.05778454693492485,2.373052929235004,2.522306348823112,0.14925341958810812,0.060313089740944834,0.08038319208099723,2.7362537167724845,1
23,tile,2,0.18154163743306634,-0.5921557568840939,4.846883805698902,0.1443584457915193,0.7528886060148107,0.877272559637907,0.12438395362309629,-2.642231596335096,-2.8201602796402128,-0.17792868330511658,0.07278949222966118,0.07585587468095514,3.038761424834689,1
24,gravel,3,0.3360116827164755,-0.22565073868211372,1.03686735931544,0.026932583918357254,0.3390162461433685,0.33367602785450345,-0.005340218288865051,-0.2305041080776581,-0.21503306904677766,0.015471039030880429,0.03797983162382169,0.031204599715584154,4.0142193972467854,0
25,tile,2,0.3194508835746193,0.45801081912789887,1.3905916110529182,0.09416219780891225,0.4023964488328724,0.4461970574015845,0.043800608568712096,0.6039211448863687,0.6475319829811989,0.04361083809483013,0.062311879221875935,0.04737310230712963,4.019583762942783,0
26,gravel,3,0.32888235092107526,-0.2911734941696783,4.00797101978231,0.03896223120546694,1.2667928300562654,1.3184311296974456,0.05163829964118016,-1.1420066984012185,-1.1867995010766341,-0.04479280267541563,0.03175615385616466,0.04005672102598662,4.003943543003381,0
27,dry,0,0.2747055222880953,0.35660495390316016,1.6141123200738772,0.04084303132562962,0.42529554041712886,0.4445728885810166,0.019277348163887764,0.5626703525401059,0.5932302418102553,0.03055988927014941,0.03793250633879215,0.02270558493788089,3.5448526580688338,0
28,wet,1,0.280539848557486,0.2334499388683855,3.873115760333449,0.09397854928503965,0.9844496653775239,1.0902273621289986,0.10577769675147475,0.857443269325331,0.9319172090639758,0.0744739397386448,0.05412709908379645,0.07599715263355314,3.741359941206045,0
29,wet,1,0.32374140613453556,1.0792641244622403,3.083003843003471,0.1214938118136235,0.876833511747053,0.9930446470132442,0.1162111352661912,3.105034904062808,3.4438936203055577,0.33885871624274966,0.06562518541773318,0.09546704074090193,4.128066656163007,1
30,gravel,3,0.11996385842207147,0.44923089779564584,1.6399095055096367,0.0759435521728046,0.18178950646523015,0.20160306219099539,0.019813555725765236,0.7059269140014985,0.7260520243377351,0.02012511033623654,0.05495147990197306,0.01698234283939954,2.517997605631897,0
31,dry,0,0.12908937841466572,-0.9662218117873254,1.7856293432200472,0.043988147561535254,0.22036625964306897,0.2406027670475573,0.02023650740448832,-1.6835726669704028,-1.721087727219976,-0.037515060249573295,0.04348352211633672,0.0188408565638105,2.5409440275130017,0
32,wet,1,0.2013415746985584,-0.9255237256005076,2.915157222905992,0.09525470020768212,0.5310333285697999,0.5799707445341707,0.048937415964370845,-2.5566962525851933,-2.7366404478693407,-0.1799441952841474,0.05095714983337607,0.07338862230845317,3.0254646366246267,0
33,wet,1,0.10737848171980852,0.9850738224265108,3.4679344604102837,0.10428859281761711,0.3335463905711335,0.37464674577689394,0.04110035520576044,3.2202242122239846,3.4430536478769374,0.22282943565295277,0.06023621524696244,0.043994573824741284,2.575708357998871,0
34,gravel,3,0.14179370341968808,-0.36541758822504344,4.673890304310579,0.16858320717674258,0.5510033675488915,0.6573341348822856,0.1063307673333942,-1.5495619157453386,-1.7474305312795577,-0.19786861553421908,0.07321871364172346,0.11237259095988626,2.990540129284118,1
35,tile,2,0.3001160815340704,-0.781770961823051,1.5523092460710317,0.05542973782043273,0.44004975177166955,0.46790600796880566,0.02785625619713611,-1.176553566352555,-1.1611898378613315,0.015363728491223583,0.05277920721295166,0.01659557946237865,3.8328160630846217,0
36,wet,1,0.12357413133356854,0.8149172834275502,1.1703710382217212,0.08661982555253574,0.13209996825659726,0.1397490516642012,0.0076490834076039516,0.9083178086554622,0.911958940619078,0.003641131963615818,0.05813206890093554,0.052976122365494094,2.7565090197530657,0
37,dry,0,0.29930746656440493,0.6376281611894192,4.6352805754565995,0.003145791218683802,1.3830096966387992,1.366652802070877,-0.01635689456792222,2.9504717198450834,2.9851303171868255,0.03465859734174215,0.019816914888949932,0.007005885711838553,3.6260298639511936,0
38,tile,2,0.19167655729645572,-0.7566907201576051,1.98633499812945,0.1552652338292488,0.321619123198641,0.3682180016036495,0.04659887840500848,-1.3746877312120958,-1.4806387566729704,-0.10595102546087465,0.07631343297886589,0.09482641768376454,3.0998494597211095,1
39,dry,0,0.23486625666557837,-0.29129586252395046,4.425817982979121,0.030593584911490775,1.0076740264198019,1.04178656167109,0.0341125352512881,-1.2675294013728442,-1.3087074790533997,-0.04117807768055548,0.04164171395182714,0.04901606119957905,3.1107981124707647,0
40,dry,0,0.12725123393466325,0.45636202326766173,3.2472825582001317,-0.004339309090333282,0.4150138048593921,0.4167052498070804,0.0016914449476883031,1.4854732575241028,1.5014067717777413,0.015933514253638537,0.03735522677270514,0.03513942360442495,2.4769344424446063,0
41,tile,2,0.3485510762449677,0.7385142002258236,3.2484401185612186,0.13364272037618374,0.9809306902058477,1.127242541288061,0.14631185108221323,2.222682860697046,2.4075119698028766,0.18482910910583072,0.07125482765346959,0.08068291699811161,4.165927630752181,1
42,gravel,3,0.1839592573107021,-0.3210008862627878,4.678319664559277,0.021669685344556634,0.8419708417818302,0.8700501734596718,0.0280793316778416,-1.483846473532137,-1.5355329732185645,-0.05168649968642747,0.03382564333025071,0.0435821453073702,2.9355176698433536,0
43,dry,0,0.26619050791327575,0.7310487573850522,1.0884294060609139,0.05879275500577175,0.27269557642229525,0.2787584601730761,0.006062883750780845,0.769965360283464,0.8040844717241888,0.03411911144072488,0.041659181186597456,0.06952942578540465,3.762329846355553,0
44,gravel,3,0.197356973411016,0.2473371326330589,1.5176842691650427,0.07121897025076435,0.2781936710150126,0.2826082873317441,0.004414616316731512,0.36067589071417955,0.3723715265170708,0.011695635802891235,0.04415975315893127,0.03745842069488836,2.8705288765855554,0
45,wet,1,0.21477383133528144,-0.07459702503175625,4.015658664077273,0.03038291925333403,0.8362543927947712,0.8610142206184381,0.024759827823666924,-0.29455042454218017,-0.2836637669279732,0.010886657614206985,0.03300364752587273,0.03403186090618566,3.372561281153932,0
46,gravel,3,0.25781057882732594,-0.8741093925864509,2.4397769183711655,0.04465987277531949,0.6009092261819569,0.6106517986921997,0.009742572510242797,-2.0802482315367556,-2.1147743212198957,-0.03452608968314008,0.0394589313671895,0.02578553072356661,3.4158176299013037,0
47,tile,2,0.27885937838161695,-0.13061216986390878,2.5688585776804747,0.10287500297454377,0.6426557662491188,0.7089742646389265,0.06631849838980775,-0.3165398141156741,-0.34335738358390105,-0.026817569468226943,0.06369697092326303,0.061331173680714515,3.6502884766864514,0
48,gravel,3,0.3397579851772406,-1.0506385049293174,1.1875478926846688,0.05983242749557585,0.3793377585271096,0.4020456748608621,0.02270791633375252,-1.2066249782003802,-1.2274301169474704,-0.020805138747090224,0.04577269107029956,0.020437829510489162,4.284983438517667,0
49,wet,1,0.09169086382572551,-0.1697591215183588,3.0915209040766545,0.06762179283626843,0.26429586331794014,0.2895015033506936,0.02520564003275344,-0.5052950025892717,-0.5325789538112999,-0.027283951222028202,0.04791541561838737,0.06097685709653909,2.315997877193241,0
50,wet,1,0.2508558913667293,-1.051974281692476,3.781806815275796,0.11549685219587091,0.8391179818919897,0.933712106773847,0.09459412488185726,-3.7256448538637925,-4.092933410378164,-0.3672885565143713,0.05556621669288802,0.10009085130753745,3.641266960210749,0
51,gravel,3,0.16633924316594365,-0.05298282106063823,4.229085973120837,0.04410253988080999,0.6724384568022346,0.7133504223391599,0.04091196553692533,-0.21863380105474253,-0.20365967165972673,0.0149741293950158,0.03859178973166901,0.022708297306378668,2.811015121537559,0
52,wet,1,0.28113362294647226,0.9773942817138406,4.815066270885765,0.09042150761962002,1.2312755079892057,1.362571903210265,0.1312963952210593,4.472169397628617,4.778664672657283,0.3064952750286656,0.05839551677761088,0.06817101275979076,3.898030916435376,1
53,tile,2,0.09712795189242082,1.0803957567573286,1.5916309370160988,0.07664004312024078,0.14274392679482345,0.14706044071593033,0.004316513921106879,1.6471070569662187,1.7367434298484739,0.08963637288225512,0.05264296909226694,0.0575953194954542,2.435229386473422,0
54,wet,1,0.14949784622397555,-1.000874745451654,2.8492447378981534,0.0937158278077248,0.3860371370593791,0.41074533203275077,0.024708194973371678,-2.704748005022802,-2.9444357286504004,-0.23968772362759827,0.059351469469492865,0.08300282743624127,2.9643394404269157,0
55,tile,2,0.21452487069881754,-0.9045843881934925,4.839285405351716,0.1378616236528923,0.8950264343894997,1.039891998533551,0.14486556414405138,-4.045619749343128,-4.2393089602854115,-0.1936892109422832,0.059713536805081076,0.07724639413481786,3.2669613267173796,1
56,wet,1,0.13640778060698708,0.1263473383523661,4.48658771500183,0.07570877687988317,0.565671286919912,0.6091382356041575,0.0434669486842455,0.543264113136828,0.5571969645870064,0.013932851450178418,0.055013891570132804,0.05561372690895386,2.7226429880553833,0
57,gravel,3,0.3442859730191028,-0.25715399350303203,3.4276257324883788,0.0899933516834055,1.0738837945825728,1.197062323781119,0.12317852919854633,-0.8378001999041792,-0.9113085236112639,-0.07350832370708471,0.05315891151195338,0.01982427686334863,4.187890666255365,1
58,wet,1,0.21868104556542073,-0.9311261054665625,3.7268048198602157,0.09654494774676428,0.736299221088508,0.8229160265295846,0.08661680544107664,-3.285862573824122,-3.2369007239568695,0.04896184986725238,0.05966629935274109,0.058026846462217,3.1925018801300196,0
59,wet,1,0.14327497325883481,-0.6829362337726756,2.3959428022103166,0.08731350423834684,0.3133057798477945,0.34577785543892126,0.03247207559112675,-1.5576982009927494,-1.6952437744352453,-0.13754557344249596,0.05568790916277549,0.035823014971707874,2.5541127477456067,0
60,dry,0,0.3287009568155124,0.9887910933593558,2.098003291128349,0.02359725426691505,0.6733426524315709,0.7039667300372773,0.0306240776057064,2.0475632600534333,2.0215976423762045,-0.025965617677228714,0.03675758458699536,0.018898450172877643,3.9565008300419273,0
61,wet,1,0.16658958069013446,-0.5140160278131904,3.345582088123907,0.01957581422872337,0.5464287502037892,0.5577125886998783,0.01128383849608905,-1.701167510427977,-1.6725031697518795,0.028664340676097577,0.034793607770671635,0.0013269511893192233,3.008293059065603,0
62,tile,2,0.2724147152113967,0.5899162436364465,4.697608438930809,0.09599821320029456,1.156848975783066,1.2752036916373266,0.1183547158542606,2.6248791240464953,2.656533513555322,0.0316543895088266,0.05985358280532667,0.05447027856850962,3.7524936746927753,0
63,gravel,3,0.2535540156549816,-0.31596815407124335,4.200558821385752,0.06308889027078933,0.9978745638239482,1.0634754668673474,0.06560090304339916,-1.281188964821336,-1.363492593515512,-0.08230362869417607,0.051761557107050354,0.031706355419569586,3.5033630057303493,0
64,dry,0,0.19089786906477407,1.0244675048631073,4.879276316700116,0.034702933488889524,0.8991196312924172,0.9149518083472407,0.015832177054823426,4.903252542031595,4.78000220635102,-0.12325033568057453,0.03035282928562765,0.03778501898250817,2.9049672802390503,0
65,gravel,3,0.17633483707830275,-0.5274263054198647,1.751740311901353,0.05169232055842084,0.29292545466977304,0.30681614504407806,0.013890690374305015,-0.8976463307529664,-0.8892189174528886,0.00842741330007779,0.03802145140802789,0.06404958558588639,2.692004534501544,0
66,tile,2,0.21012079901698982,0.3267809809082134,4.792577503855304,0.11798716082239331,0.8882047584659246,0.9901683857024212,0.10196362723649655,1.4644928428034996,1.5992936940525841,0.13480085124908459,0.06619349454133579,0.06877492729732888,3.202649355107967,0
67,wet,1,0.32273687170147825,0.018677117427347012,1.3006328282553752,0.15409241915511862,0.3550800019438616,0.4238920236765762,0.06881202173271461,0.02223329878040918,0.026418470961824318,0.004185172181415137,0.0660862933027111,0.1064581125269321,4.17029771138838,1
68,dry,0,0.1606618613803612,0.28174150069422454,1.1741997677151885,0.0380470232162798,0.18147158285321105,0.19306085040774867,0.011589267554537624,0.3238980939112292,0.30630911454189025,-0.017588979369338953,0.033032132356209915,0.023149448082235624,2.64345605137857,0
69,wet,1,0.25132199568795954,0.29518892158497856,4.454317766467801,0.08205814124621962,1.0276065647298702,1.1249360080848652,0.09732944335499494,1.2555227884024454,1.2868696776599022,0.03134688925745688,0.0527312655052273,0.03953331078225296,3.638145667896954,0
70,gravel,3,0.32780699902434723,0.1873864343158793,4.155814326066325,0.10146703401948362,1.2240759726439143,1.376665597684934,0.1525896250410197,0.7352840071426455,0.7516300786387575,0.016346071496112002,0.06374647949431371,0.07516125302681809,4.18618510604207,1
71,wet,1,0.29456846385224617,-0.4733775292930601,3.943494800028492,0.031245766269576716,1.1253332108081928,1.1597561172173225,0.034422906409129705,-1.8346812031980746,-1.9210063520189415,-0.08632514882086695,0.03917413631789679,0.040776019245748314,3.7498158096928207,0
72,dry,0,0.23688048636461662,-0.1919011937666858,4.944712773191624,0.039300480244435464,1.1252730796445658,1.1742178755361679,0.048944795891602055,-0.9283856401938126,-0.9405986970869387,-0.012213056893126017,0.04714939664996024,0.028931504406517903,3.4285680148223907,0
73,wet,1,0.1800726767505324,0.05593204410095587,1.0666408616755332,0.05606566854852196,0.18130418094125897,0.1909448994877588,0.009640718546499838,0.05781973932014566,0.03478676714232755,-0.023032972177818113,0.03873207821275623,0.052504880313933175,2.776772028415584,0
74,tile,2,0.2414137043588656,-0.6249926038590854,3.8371692228199556,0.15329899980211242,0.784337438131526,0.9374249660258015,0.1530875278942755,-2.1959992692820207,-2.4892787246193,-0.2932794553372795,0.07620618883028006,0.07990647959049871,3.690699410812767,1
75,gravel,3,0.15479177130530286,0.432790026474424,1.8395660872109567,0.05068031160757597,0.2703184898974708,0.2831889597731969,0.012870469875726098,0.7739539495600987,0.7746744987559321,0.0007205491958334198,0.04823530788762081,0.04256126680081218,2.792691419463394,0
76,wet,1,0.17074591224597635,0.06362185176567525,4.542506057610554,0.05618293720659665,0.7320380488900887,0.7757042624011513,0.04366621351106259,0.2800722873777656,0.26062414835373476,-0.019448139024030864,0.04559670658231055,0.046826232394628645,2.761211726090334,0
77,dry,0,0.2736430938180581,1.060154746562965,2.4665129811507893,0.061297010835401164,0.6335721785216353,0.6624009096604468,0.02882873113881157,2.526728880645,2.5685947255171326,0.04186584487213274,0.04963668925902308,0.0425093742251105,3.7018393261529594,0
78,gravel,3,0.19987433992233036,-0.42005526966453355,4.905258781035961,0.0178819330490212,0.9629032815233436,0.9819227174045788,0.019019435881235225,-2.0402148510341114,-2.027917233110665,0.012297617923446413,0.032106599128882155,0.02444610686859608,3.0896007688282974,0
79,gravel,3,0.12449630303853856,-0.11885169803711826,4.182628846989173,0.07907838492235447,0.47954398724624003,0.5132564387396543,0.033712451493414286,-0.4754915694589043,-0.5030500805968945,-0.027558511137990183,0.05294943813399015,0.03414733684175836,2.7169463931321225,0
80,tile,2,0.3015075396637342,-0.06028541298948653,1.2688326551071611,0.1491825001260783,0.32549096516055687,0.37720752354206155,0.051716558381504685,-0.0702158950813387,-0.07962710141075985,-0.009411206329421148,0.07052311742458157,0.07624796790973036,4.093907384350895,1
81,wet,1,0.342214985662185,-1.0216104544182012,2.9539096085828587,0.1211818203737561,0.8883728089431092,1.0118349732159364,0.12346216427282719,-2.816612233809852,-3.052342054087887,-0.2357298202780349,0.06540924887007718,0.04730511975829743,4.222701660515262,1
82,wet,1,0.15414235935791967,-0.885641820293868,1.3162626122738277,0.10081930089331828,0.18243641267832184,0.2003009644983997,0.017864551820077873,-1.1010963697951048,-1.1294197732437368,-0.028323403448631934,0.05501601756699703,0.10098477978610804,2.765627646772963,0
83,tile,2,0.1809412069141868,0.08976645287299134,1.2562153807476149,0.11613721456650493,0.20090300736316197,0.22980639231735664,0.028903384954194672,0.10556301782671214,0.1154788967612618,0.009915878934549663,0.052274031782090793,0.08495560591442194,3.1689658009811934,0
84,gravel,3,0.134529110795115,0.5986791369762068,4.8915730526756,0.06367814538763944,0.6161549981989026,0.6555852873553781,0.039430289156475506,2.8259185415293255,2.902118359723302,0.07619981819397648,0.04912677949162784,0.03464754826544526,2.685563809489864,0
85,tile,2,0.1960464907208596,-0.34768590497357377,2.84086224393672,0.104340759882247,0.49882941872184206,0.5745365573373631,0.07570713861552103,-0.9310446144082302,-0.9837515043081114,-0.05270688989988126,0.0589665609693614,0.08015072995883928,3.13444089599293,0
86,dry,0,0.30041028958598165,0.9427716526976937,3.69825121010304,0.03029751878148521,1.0773323942797008,1.092925663582257,0.015593269302556223,3.4285068677612314,3.5443406922945684,0.11583382453333702,0.04256943709746028,0.011913282995472375,3.8175917227881384,0
87,tile,2,0.14008072788863868,-1.0464251351256542,1.892972447788098,0.15509867557274248,0.2240416041147645,0.26254119328529846,0.03849958917053395,-1.8118786462299508,-1.9967838890119958,-0.184905242782045,0.06584425252532206,0.10062891763816265,2.977303326323139,1
88,dry,0,0.14201423648769917,-0.7139559757590581,4.2778927581794886,-0.008734013367397701,0.6128277762493249,0.5935900380470652,-0.019237738202259713,-3.0688987115259185,-3.0806706796982386,-0.011771968172320069,0.03108781401812945,0.0022028851165679887,2.647969274017576,0
89,tile,2,0.3286283439991474,-0.9604069695467216,4.207731401567183,0.12034029420459624,1.2163756742383867,1.3825549656720546,0.16617929143366794,-3.7736633367490238,-4.084658206974217,-0.3109948702251937,0.06607272714824634,0.06378890362494496,4.24555176394733,1
90,gravel,3,0.18450835901128265,0.5274084389884104,4.944879783391228,0.11462470341825064,0.8077913240554597,0.9135073985014462,0.10571607444598652,2.4435554605750665,2.520261164707255,0.07670570413218858,0.07135787088769033,0.0911355673541592,3.19074883719039,0
91,wet,1,0.2972007785631138,-1.0235945705185867,1.8658185231941298,0.10680720399865985,0.4952956967140763,0.5498646171740642,0.0545689204599879,-1.797650040700725,-1.82002924935225,-0.022379208651525095,0.04966008120329251,0.08767906941572376,4.098797521238454,0
92,dry,0,0.290985919947285,0.5906018729300171,3.2763769354825265,0.02710457877039181,0.9275386053737296,0.945992518150352,0.01845391277662245,1.9061877944236536,1.8671598570571466,-0.039027937366507004,0.03093204527749227,0.021796041171752382,3.7005124625380734,0
93,tile,2,0.08861179483369781,-0.3842491052500884,3.3852901302955183,0.22529979886751636,0.2323919590653757,0.3018842800889082,0.06949232102353253,-1.1396068717817773,-1.2783073851824516,-0.13870051340067424,0.08003983609823835,0.10912441553319424,2.726699976969643,1
94,tile,2,0.27541073284368617,-0.12715960044201002,4.610250296334867,0.047426927044538894,1.209493854741435,1.255609046715661,0.0461151919742262,-0.5709456896574289,-0.5701272020440186,0.0008184876134103014,0.042905595629227626,0.04607884040765707,3.5174326370989752,0
95,tile,2,0.13319946690042078,0.39531682651629874,3.252420509050382,0.13071901115282947,0.376590499310034,0.42241953135126226,0.045829032041228235,1.1932979381066051,1.2710040712024009,0.07770613309579577,0.0574526963138831,0.08429498886877762,2.8611118310625527,1
96,wet,1,0.1059272456327965,-0.5675792290549178,4.348586066227224,0.0992905051118275,0.414897187240313,0.4508093731525993,0.03591218591228629,-2.3333810685439027,-2.4993011055254257,-0.16592003698152302,0.049228969826746724,0.0824978274769201,2.535304878334631,0
97,dry,0,0.15129065690348498,-0.26584043947790814,1.7486308128822525,0.031766833901924224,0.25614754066503903,0.27578581940412666,0.019638278739087633,-0.45673491825002116,-0.4742524966464751,-0.01751757839645396,0.03717109558397541,0.02316906379298024,2.563354417855056,0
98,wet,1,0.21588149827428216,-0.8219306865748361,2.7680574781207983,0.11633676083814867,0.5280527588056415,0.5916553999347215,0.06360264112907998,-2.129575325167276,-2.262104267982549,-0.13252894281527272,0.06855716598815284,0.09918083101756305,3.370635842850711,0
99,gravel,3,0.20908893945132861,0.012403572953731734,4.850383395099284,0.09421045559252098,0.9186169011687548,1.0137927857643858,0.09517588459563098,0.05704474074074423,0.04852871225093841,-0.008516028489805823,0.06136251226578298,0.057082023598631924,3.2263552252911265,0
100,tile,2,0.17664802715254824,-0.7910752881538714,1.347243400958087,0.19503901396428908,0.1915709656921984,0.25193413319654184,0.06036316750434345,-0.9514441570192669,-0.9975791094978106,-0.04613495247854371,0.0635958984629104,0.10143501371556332,3.0326888338550755,1
101,gravel,3,0.19185678196578013,0.7480127225872355,4.689275076804597,0.07355156326649992,0.8334971479938822,0.9063523662689345,0.07285521827505226,3.3657416986887285,3.6270601920554704,0.26131849336674184,0.049897263392726945,0.057565960607091377,2.9487658744597454,0
102,gravel,3,0.23677065278349013,0.9149291336591192,1.0118745935525237,0.04306163006155152,0.22926540763806122,0.23864771584353678,0.009382308205475559,0.9038671467132574,0.9066460290657883,0.002778882352530876,0.04683096505189229,0.046832792887480074,3.307850880724592,0
103,dry,0,0.2419746000377344,0.4817624019283189,3.593858334307717,0.02823881050624378,0.845065329937895,0.8842226768706591,0.03915734693276418,1.7044950714282352,1.7403780306015835,0.03588295917334827,0.02176636919445501,0.023744813646618124,3.2447552468069056,0
104,dry,0,0.15687031554008285,-1.0651732965884275,1.2053261174840197,0.0706278127887689,0.1757255894199087,0.18785834257477532,0.012132753154866616,-1.2340084476865594,-1.2516857392048495,-0.017677291518290117,0.04693651767865255,0.035094591736014924,2.709661351400393,0
105,tile,2,0.26911081787034913,0.031985073167300815,2.115616270566368,0.10239539879093153,0.5110379174754468,0.5624967458289826,0.05145882835353577,0.06385724274055868,0.0616677285254625,-0.0021895142150961805,0.0526751190428175,0.07707121480044761,3.6339927014723847,0
106,tile,2,0.1881402554013408,0.6813454176351776,2.2956629058174154,0.17839797812545466,0.35485534027065246,0.4398751299204589,0.08501978964980644,1.4106677826283496,1.5828875148179362,0.17221973218958664,0.07198738308404488,0.13400063781535262,3.2218256827819323,1
107,tile,2,0.13426281610045848,0.061286904282070065,1.2943225700557361,0.15468489606090843,0.14689834582369551,0.16970968414392093,0.022811338320225416,0.07257631280611622,0.05698546751120602,-0.0155908452949102,0.06312261868666104,0.09093098004471453,2.7103182783855875,1
108,gravel,3,0.18566314975487788,0.5791024612712934,3.2529468101678276,0.04616205910107432,0.5760726666507869,0.608971912546016,0.03289924589522908,1.835961722819215,1.9243732305223133,0.08841150770309825,0.046111399022133334,0.06016151727037268,2.930836410445141,0
109,gravel,3,0.11868354554351894,-0.39737470880129755,3.3637048528525586,0.11425640853546878,0.3536033839381556,0.3983286728790138,0.0447252889408582,-1.2526547030415043,-1.3365268432914013,-0.08387214024989698,0.0582582813796842,0.06363742555791241,2.628174594871829,0
110,gravel,3,0.09198272531466407,-0.0106620290352748,4.532083233592328,0.11363454219406936,0.3695021529464639,0.41451945610198027,0.045017303155516386,-0.045301176245521386,-0.04129645737896293,0.004004718866558454,0.05954667049785162,0.07837966417822091,2.4354418377729297,0
111,tile,2,0.21201988611962214,0.4648231338568771,3.077489197463003,0.06425254771424763,0.6105648344103376,0.6523845483044258,0.04181971389408823,1.379936292894547,1.4619576480957934,0.08202135520124654,0.04200681604644044,0.039265320666406936,3.1643163650665715,0
112,wet,1,0.3477983117409752,-1.044312094385758,4.131185451036693,0.10316976816724907,1.288583008663884,1.4413034973867342,0.15272048872285016,-4.069442010058789,-4.485231698056362,-0.4157896879975729,0.05489708493945713,0.06264170764852703,4.276678183999548,1
113,dry,0,0.26050378651323436,0.8756267013195482,2.6738018129920667,0.012226379408811248,0.6880193894163874,0.716473176713464,0.028453787297076594,2.325508490350061,2.3446982142337864,0.019189723883725307,0.0420410657843712,0.01924409985539513,3.2941194863014505,0
114,tile,2,0.15939055769064092,-1.0434661765128448,2.20396448401427,0.1574807344500455,0.29596954335678927,0.3556060321143457,0.05963648875755645,-2.1005698443874743,-2.385066609298268,-0.2844967649107937,0.0601787460959335,0.0839430568615976,3.1448808094475162,1
115,tile,2,0.16473991598743348,0.8601886919951309,4.421450315542399,0.17298494353451646,0.6023889623343897,0.7427135495447542,0.14032458721036456,3.441430818054453,3.6586473876373105,0.2172165695828574,0.07098515430159344,0.12019547226738689,2.8644497799224395,1
116,wet,1,0.17363027549136648,-0.5476032771846405,4.23975843026232,0.04230778008332862,0.7050055340053099,0.7461832924057399,0.04117775840043003,-2.2676811951609497,-2.3285484613801675,-0.060867266219217786,0.04344998306977388,0.04933924486291648,2.998357513486858,0
117,gravel,3,0.3005270841423186,0.026050392883559148,1.0420780619626577,0.08299906410673068,0.28717964194946444,0.2946729549960637,0.0074933130465992814,0.025907317218181795,0.02775692378738277,0.0018496065692009747,0.04413012454456129,0.08212630488756155,3.8153478264656093,0
118,wet,1,0.1808093583387857,-0.2348075902058232,2.1686290239133696,0.06772945295120562,0.36555113334947337,0.38827319671847993,0.022722063369006562,-0.4902418513697907,-0.5310629424426018,-0.040821091072811067,0.04026960402562877,0.008002536574492528,3.135196726030976,0
119,tile,2,0.10358429287266609,-0.6298928473673046,1.821527063198762,0.15394863028529096,0.15963432001982072,0.18807117044561728,0.02843685042579655,-1.0502173115916096,-1.0782661630529282,-0.028048851461318636,0.07092942954659037,0.10780587399110841,2.6958652842022133,1
120,dry,0,0.3463704843681428,-0.4645441007021085,2.7918938798575557,-0.003809605188482647,0.9707136365874206,0.9743396929228723,0.003626056335451655,-1.2996753251807829,-1.3149392844002323,-0.015263959219449452,0.03002272195845736,-0.011693825788891922,4.314057942843524,0
121,dry,0,0.3344081419515401,0.31403679571137477,2.568181283686617,0.025253298347618816,0.8371326751184216,0.8488733372747232,0.011740662156301651,0.7953016418031085,0.7717275573106704,-0.02357408449243803,0.04539612908398898,-0.010678516044234372,3.901933682628847,0
122,wet,1,0.1437955767877895,-0.21970365731286745,3.3622147270168647,0.05534711112108028,0.45671284925706807,0.5047166843553006,0.04800383509823253,-0.7162044490136075,-0.7432736460869208,-0.027069197073313345,0.03420453263591983,0.03221452669493828,2.63349243109649,0
123,wet,1,0.33027220313607586,0.5202876467338748,3.529218940606472,0.11837322469288691,1.0276267391198264,1.1401682091407177,0.11254147002089132,1.7166621269857818,1.801601298268276,0.08493917128249429,0.06480333271107591,0.06347063706575308,4.315680633891453,0
124,tile,2,0.19969726930126575,-0.39299874775562216,1.3355645075446074,0.17394365047471894,0.22031632022147993,0.2716471707348257,0.051330850513345766,-0.4746608914373905,-0.5081056284494128,-0.033444737012022274,0.0773015501087494,0.08313570063010191,3.373435584807569,1
125,dry,0,0.11428843096641564,0.9745142566830651,1.3217863653734625,0.004684994828957581,0.15035715154391868,0.17137406675208094,0.021016915208162262,1.2847805502171143,1.2660455143349991,-0.018735035882115225,0.03173829388447814,0.008276713847906344,2.3209176259349715,0
126,dry,0,0.3399888297610914,1.0039855740364922,1.4601980502638319,0.04427810987563862,0.474469113236975,0.509913959695756,0.03544484645878104,1.430315904768721,1.4407465134392585,0.010430608670537467,0.04583232146516808,0.02240475022800912,4.115799688069797,0
127,tile,2,0.15470630022817267,-0.056608485855834,4.666389580651469,0.08253193152792943,0.6623384263771874,0.7016575256802284,0.039319099303041005,-0.2521664742005608,-0.2625853516835088,-0.010418877482948008,0.057366796608183473,0.059766795228982414,2.871038979756557,0
128,wet,1,0.24484432384052512,0.2671226384882759,4.511867230793458,0.07690628452578874,1.0197463180760098,1.1004766165203679,0.08073029844435808,1.154242853981256,1.1719484099810091,0.01770555599975321,0.05598205209088708,0.052704723496950386,3.65947296034949,0
129,wet,1,0.11222199251069626,-0.11058745816206605,1.3162191138283146,0.014003519864397254,0.14564028937828843,0.1633074671286571,0.017667177750368662,-0.14443625298286678,-0.14769469052461034,-0.0032584375417435696,0.03942460241068482,0.007444609559573134,2.5338603753074618,0
130,wet,1,0.2455234625048901,-0.8754249115940526,4.669913503251103,0.06818932693962512,1.0683892690580499,1.1576967111556575,0.08930744209760766,-3.9348357842992825,-4.162579243203255,-0.2277434589039724,0.05419206293139858,0.0563955770547484,3.4642111602590773,0
131,tile,2,0.13757034706442178,-0.46287912127245323,3.8130841055040885,0.14490611487597246,0.44855429379829986,0.5255916191807279,0.07703732538242808,-1.6243296465714958,-1.7469242035509314,-0.12259455697943555,0.06219881948781602,0.10399797710644598,2.768664936095961,1
132,tile,2,0.24197099832133667,0.7525168085119758,1.455150555301865,0.21266508713445786,0.27722395527342764,0.35311441624484047,0.07589046097141283,0.9669447494588428,1.0817032320446163,0.11475848258577348,0.08285525032123851,0.13535592009047032,3.637043395535143,1
133,wet,1,0.2450891851099461,0.8751470050012371,3.186912574284151,0.09941792299774728,0.7034246726909028,0.785685284955844,0.08226061226494119,2.6365139423416437,2.740939037051038,0.1044250947093941,0.05398701905944325,0.050732340301536186,3.5439316196396344,0
134,tile,2,0.2176118677015254,-0.2840342674553875,3.5865291663596075,0.05660363918614292,0.7362937940052362,0.7783994253975822,0.04210563139234602,-0.986983102145874,-1.0579407288095597,-0.07095762666368566,0.0465555504511988,0.03549396141943616,3.3384611342746937,0
135,dry,0,0.24995213351980983,1.0347489783440906,4.074188150003514,0.031078602187155413,0.9867030631243138,1.0168128717792289,0.030109808654915082,4.143701030794221,4.125636509410108,-0.01806452138411263,0.03354799010895736,0.0032155040044509024,3.436552125708184,0
136,gravel,3,0.2786169045809049,-0.41638387180282466,2.177315799258638,0.05141194998403683,0.5754485977843891,0.6212631675278583,0.0458145697434692,-0.8809636651245768,-0.9085406893015652,-0.027577024176988374,0.043027891517038154,0.05767891024357945,3.482071659147897,0
137,wet,1,0.32323240974712547,0.6579264559852398,3.62542162750702,0.07538933494513762,1.0835084927099403,1.1963255580793084,0.11281706536936809,2.2863580287597727,2.3562003749326697,0.06984234617289697,0.05885291782028959,0.029729725121292114,4.058424895512216,0
138,wet,1,0.16074637109587153,0.965381508535152,4.661244512083327,0.07918288119920967,0.6899481381546092,0.7487827449120223,0.058834606757413144,4.303906886111223,4.551089162420107,0.24718227630888379,0.04815301095524287,0.042013934633684843,2.8528367346249586,0
139,wet,1,0.10609245392182126,0.04278130181522344,2.0128642101743086,0.08239770455909042,0.19595369809369734,0.20246590098104258,0.0065122028873452475,0.08221042105308751,0.11089394507170276,0.02868352401861525,0.057646012901305894,0.059166877622513936,2.5881256982046343,0
140,gravel,3,0.1723192929715166,0.71992022570106,4.771684841510712,0.09754631557134286,0.742045572616184,0.838863030295282,0.096817457679098,3.2509305815052807,3.569320587470176,0.3183900059648952,0.05694079488284155,0.053618919051753984,3.046912928989864,0
141,wet,1,0.16971889536131923,-0.08141809981759818,3.3672134130259,0.134337600960636,0.49470852351384714,0.5646734023235126,0.06996487880966545,-0.2538962019792549,-0.2793229347414406,-0.02542673276218571,0.06663362904693415,0.07644845929282477,2.940175057826045,1
142,wet,1,0.10095102319766804,0.6124171561302252,3.460199572124715,0.08585673401300635,0.31932001250892833,0.3450173182321519,0.025697305723223596,2.0190198096818426,2.085946259748708,0.0669264500668656,0.04602842541326383,0.020707161100822928,2.491182167099679,0
143,wet,1,0.1275469201576364,-0.827574923361366,4.659766423882479,0.03820354115075859,0.5716330070767119,0.5869917325960039,0.01535872551929196,-3.7752773447361476,-3.7602285918201095,0.015048752916038133,0.05013397204465769,0.039619236224159755,2.6860884808246808,0
144,dry,0,0.11893585302089557,-0.07204441717401044,1.2158701571796695,0.02222125810668211,0.14139712585461228,0.1330842596071458,-0.008312866247466494,-0.0865260774768556,-0.09068979922144209,-0.004163721744586485,0.03491475385343484,0.04455351165530855,2.427437562029056,0
145,wet,1,0.33323786055891136,1.0715083363490674,4.226013883241835,0.03318065201332652,1.3615405804961067,1.412932456138725,0.05139187564261838,4.4455721936067265,4.608546159764942,0.1629739661582157,0.045912259324893026,0.01963153545922705,4.118337929067603,0
146,tile,2,0.34735513109909677,-0.7736629933196755,2.032724182772845,0.19989570138186977,0.5649353828699379,0.7133691506008129,0.1484337677308749,-1.3997429069929617,-1.5276853262416277,-0.127942419248666,0.09184095441318295,0.1288021304351019,4.589513301526864,1
147,wet,1,0.18780472544265353,0.8910642751750768,1.0502649999667577,0.057164371127626436,0.18596935901433867,0.19155465864642673,0.005585299632088064,0.9064300048975202,0.9143890877832427,0.007959082885722446,0.04462332934319377,0.05164967066248065,2.9662680990916592,0
148,tile,2,0.22691164110328044,-1.0664210166702772,4.2210104298891356,0.16034383970728067,0.8042196507234705,0.9509944732246947,0.1467748225012242,-4.104402038265171,-4.455535254431505,-0.3511332161663345,0.07369086899964014,0.10075179052940401,3.5496946411007917,1
149,tile,2,0.16061523945507133,-1.0720605135003418,4.071958807018994,0.12978449733542466,0.569137158550624,0.6466027881278343,0.07746562957721037,-4.053778546561043,-4.401739488427812,-0.34796094186676907,0.066551879426449,0.08014588361289918,2.9468128027746316,1
150,dry,0,0.25098580662764297,-0.5837783927480679,4.994645656731301,0.03747811833875815,1.206603155663441,1.2510865735288001,0.044483417865359254,-2.8556636266671203,-2.801385214290763,0.05427841237635711,0.034619659742186934,0.027812450776354757,3.495265581743215,0
151,gravel,3,0.18411440471701507,-0.08363914711197484,4.056706627785127,0.07309043417071724,0.6923070175839088,0.7625232460571459,0.07021622847323716,-0.325659731864796,-0.3411878400454181,-0.015528108180622058,0.05555219254180986,0.051846369873475094,3.02014143554985,0
152,dry,0,0.13569179777025037,-0.5021098738910615,4.9489477620949645,0.010483095059949519,0.6644918891129307,0.6667548250751488,0.00226293596221816,-2.4705882535359,-2.500745359610649,-0.030157106074748974,0.0330763613089324,0.02696994908814515,2.345517210480495,0
153,dry,0,0.3380964611792223,0.2943259024528395,1.0582728177086307,0.03257534406533367,0.34614289207590826,0.34250872438679475,-0.00363416768911351,0.3058965415400026,0.3138996509358549,0.008003109395852304,0.0414959251844527,0.05543251138250413,4.136455476868179,0
154,tile,2,0.3098763758201948,-0.9302534416389199,3.25560109669735,0.12894352789415886,0.8787512708379037,1.0033250214646752,0.12457375062677145,-2.813753693885957,-2.926103022149423,-0.11234932826346622,0.05280965802460881,0.10717650991802558,4.256513371958651,1
155,wet,1,0.21891219081662294,1.0575918235910975,4.857892974055964,0.03928972460666123,1.0216692577382647,1.054806454527609,0.03313719678934435,5.0266462331733806,5.129812211849916,0.1031659786765351,0.03532476420673501,0.036432106970617016,3.3042500982985996,0
156,tile,2,0.1433926369482803,-0.5836484256636815,2.9592986435664392,0.153106040061021,0.35937236849465914,0.4211941379132442,0.06182176941858508,-1.5817462231258002,-1.7168433378264694,-0.1350971147006692,0.07355516662451181,0.09460624073217255,2.8879529453187676,1
157,gravel,3,0.3299117980523724,0.8505802742092949,3.183827172614848,0.07634150137058411,0.9701943970748501,1.0475366859356532,0.07734228886080308,2.59439333384125,2.648178940924439,0.053785607083189024,0.055817575759036425,0.046509858377570185,4.034779814512006,0
158,gravel,3,0.19588401269849837,-0.0692508603798736,4.441930087829833,0.10204975061581661,0.7813092864132722,0.8777411981312939,0.09643191171802168,-0.2903422836691137,-0.3071756297772616,-0.016833346108147906,0.04586924423045073,0.09071778498478628,3.5003909404982045,0
159,gravel,3,0.194140534608638,0.9446774132856373,1.9065076773602931,0.042244267542009495,0.35449453124218816,0.3689437769852652,0.014449245743077044,1.7591888746583921,1.8275964506889621,0.06840757603057002,0.043730448512521544,0.03098221376824485,2.967638625819149,0
160,wet,1,0.13004628988816389,0.41274464343124984,2.8260619091333354,0.10248659879186009,0.32985310768047615,0.36460535298319224,0.03475224530271609,1.100692349493745,1.1896666084870622,0.08897425899331712,0.05588416196828348,0.03591468558956743,2.6164087937437626,0
161,wet,1,0.10527657477794983,-0.664621022782536,4.674629709143224,0.06745892695327685,0.4589305095923887,0.4965320255259945,0.037601515933605834,-2.991585290121069,-3.061742818475847,-0.07015752835477773,0.041091083433802245,0.061417487893392644,2.408043576980648,0
162,gravel,3,0.19870136697193674,0.12815766311819288,1.0791528655136249,0.06315814987092934,0.20088620118531306,0.21668375506698995,0.01579755388167689,0.13349752534249193,0.13032626697055033,-0.0031712583719415988,0.04518428043117034,0.048545398137651206,3.074989339766557,0
163,gravel,3,0.3228574228408224,1.0085228108168436,3.3365147151611305,0.06047733246753967,1.0120712382901278,1.082177437205534,0.07010619891540615,3.2530243990510854,3.4316464105406617,0.17862201148957624,0.04691050541044252,0.05849489480050715,3.93104392988579,0
164,tile,2,0.08521986964036676,0.9629510221860569,3.1228139198885807,0.14084875960992643,0.22864230701496893,0.26012666140752616,0.03148435439255723,2.774165082690578,3.0612579554454515,0.2870928727548736,0.06513663582288969,0.09351638741148094,2.348315780198731,1
165,wet,1,0.18705246998212763,-0.1373952436177006,3.8170996860167614,0.13717301055050551,0.6160566796155431,0.703550446074699,0.08749376645915585,-0.4848840281199799,-0.5006977517466438,-0.01581372362666389,0.05983925220497935,0.11451527887947602,3.3194967830272297,1
166,dry,0,0.2652537128950278,-0.7607753362126234,3.8144510578261674,0.03987000545868215,0.971456941641634,0.9959800102387116,0.024523068597077646,-2.8383050797106693,-2.801567184498466,0.03673789521220305,0.05525044754023261,0.02062078331027166,3.5537141574055817,0
167,dry,0,0.14737914300543897,0.8967035800582788,2.3804281157086855,0.04079386610547542,0.3365139290138284,0.3528768594311359,0.01636293041730752,2.0866465725984686,2.147454161021141,0.06080758842267242,0.046267407310333034,0.0628238207753897,2.7727019981429533,0
168,wet,1,0.1637381005923218,-0.4464709412075527,4.235572039585697,0.10220660879963839,0.6226417313052319,0.7031528278406987,0.08051109653546673,-1.7847564880375928,-1.8755153045992858,-0.09075881656169305,0.04318455542544487,0.0817461746640272,2.906437109900934,0
169,dry,0,0.2566091595814745,-0.8507230506043209,1.414008252170063,0.04624914664791781,0.34606608341535633,0.364356584453568,0.01829050103821167,-1.1723304614878645,-1.21325799983533,-0.04092753834746543,0.04638821095526913,0.03467671690492861,3.6294812349622982,0
170,tile,2,0.1893391402241717,-0.24358793440235815,3.2047701296073665,0.17038734357919338,0.5033993537946656,0.6157771061997153,0.11237775240504966,-0.7074868767284435,-0.7822679362745163,-0.07478105954607284,0.07050159890779437,0.0986846154519645,3.306444074364873,1
171,wet,1,0.1865220913319662,-0.8603099731305612,2.8174412144846785,0.0658948216588638,0.490886308512378,0.522795122958343,0.03190881444596494,-2.3360264101832118,-2.3879910479312687,-0.05196463774805693,0.05509749305237788,0.03791309985326499,3.0672032314886697,0
172,gravel,3,0.10090467214139862,-1.0688261412365974,4.015509281451996,0.10813859713327095,0.3613676563008905,0.4366679534414552,0.07530029714056469,-4.036616378400917,-4.302946926786791,-0.26633054838587356,0.054455505100316125,0.05026124796111635,2.289568345177284,0
173,gravel,3,0.34752704538095913,0.08395827679542789,4.261177559161304,0.04664881438930339,1.4117934097679907,1.4562143144125133,0.04442090464452253,0.3485821022131678,0.38741617456466215,0.03883407235149433,0.04498120918030429,0.042452793825262576,4.049058141778142,0
174,dry,0,0.20779618140206169,-0.5558044361249519,4.406831826543252,0.03181383491673099,0.8865901708324702,0.9137904822139103,0.02720031138144019,-2.4064791424403387,-2.500725236957229,-0.09424609451689037,0.03864190465634675,0.041463960061454516,2.9197190753664515,0
175,dry,0,0.3243920900744255,0.672850091406288,1.789511769271087,0.049751988502508934,0.5516222614274683,0.5877966456765324,0.03617438424906416,1.1711253888874833,1.2308103358394566,0.05968494695197335,0.04308216766084612,0.03396596470034058,3.9587305531369763,0
176,wet,1,0.3091493561400175,-0.4213898644310514,2.7597061420735667,0.12068563961990059,0.7501970504805603,0.8550143982364143,0.10481734775585405,-1.085721455798547,-1.1495448513918027,-0.06382339559325567,0.05120060822353003,0.06595737237221146,4.039415911963626,1
177,tile,2,0.2325470336944353,-0.959596788574832,3.4532913991981062,0.07070706193126247,0.7462711763976824,0.8059089907472272,0.05963781434954485,-3.184898622918216,-3.243879221079151,-0.05898059816093504,0.04610286270596939,0.0720276149323068,3.2937433134301344,0
178,tile,2,0.2336193313802411,0.5892391252181317,1.1701217355948135,0.14737220300589207,0.2330769414984824,0.28283741073367413,0.04976046923519173,0.6335957830691055,0.6672362206802602,0.03364043761115476,0.07210305513393968,0.08768765915443905,3.4547575531235633,1
179,dry,0,0.14234419416966562,0.34254579135976004,1.6407629802098098,0.06272727530469854,0.21890293562791363,0.22373191221014394,0.004828976582230304,0.5426461950476366,0.5635662878249909,0.020920092777354293,0.03500582859078988,0.050122609572554024,2.468397498733515,0
180,gravel,3,0.1584137439036204,-0.5598448554391561,1.8188665724961575,0.028032145630875277,0.28005646420281716,0.3051956890965315,0.02513922489371434,-1.0025835303609096,-0.9593831622513769,0.04320036810953276,0.03006220887139787,0.021490642164744375,2.6858691361232396,0
181,gravel,3,0.3078164380598759,0.3586735819622222,1.3736131457512926,0.09550828821270503,0.3824378239657881,0.4267667607663846,0.04432893680059646,0.4667985501349998,0.4933164906884322,0.026517940553432373,0.05173730997882317,0.05198355762328982,3.7440102327720792,0
182,dry,0,0.12073636485064555,-1.0266979669186702,1.254960964621759,0.047794609528265114,0.1442776131489488,0.16049425380262453,0.01621664065367573,-1.2545959231838273,-1.337374128283404,-0.08277820509957667,0.03929431133631868,0.021320710600548215,2.6799370029642953,0
183,tile,2,0.22068322941136248,-0.7664206050873394,2.1758353740457026,0.054757473409261015,0.4538774603607423,0.4902887456718095,0.03641128531106724,-1.6173824519761337,-1.7140590886941967,-0.09667663671806292,0.0373573226961982,0.015263082240469385,3.1270666826559936,0
184,wet,1,0.33745720780311955,1.0858443422221762,4.952892473690781,0.07321786668600669,1.5490137083560283,1.6594679105407573,0.11045420218472901,5.161496312552944,5.339981313765094,0.17848500121214972,0.04735394654743536,0.0664931690059823,4.323101708321259,0
185,gravel,3,0.16649898523359774,-0.4399965131558249,2.370236782124142,0.052485147582079034,0.3739291743783945,0.40929342923891493,0.03536425486052042,-1.0127908190524049,-1.0320316267551766,-0.0192408077027717,0.03554690818183119,0.026920670910809647,2.7487459880011653,0
186,gravel,3,0.2863244044180064,0.8493149343993645,3.7501751281486113,0.034198368429797246,1.0370455921830204,1.0737552366361558,0.036709644453135404,3.125171251159444,3.2165228080094903,0.09135155685004648,0.03797440583148033,0.02217710985247906,3.6511397042412304,0
187,gravel,3,0.17929673215940323,0.09181802982321519,4.069301653816198,0.07054122115920314,0.6781447327741891,0.7270576795833743,0.04891294680918523,0.35913908245640247,0.3695575894455749,0.010418506989172405,0.04741389532683649,0.06012856386535095,2.7662510515104772,0
188,tile,2,0.0827768214218501,-0.6871587432435922,1.0620481668388373,0.1027786767926005,0.07887739256950892,0.09478650335255544,0.01590911078304652,-0.6885415945106028,-0.7578726647790478,-0.06933107026844498,0.05146012973308614,0.08117560217502916,2.4740153465158756,0
189,dry,0,0.20932078019258538,-0.6404649782791558,4.463942785888296,0.014432562870239802,0.9209102578537829,0.9479673490409058,0.02705709118712296,-2.836304543701921,-2.8136993150032503,0.022605228698670654,0.029543962235565966,0.030664040138937226,2.8971129138375606,0
190,dry,0,0.12376482167789363,-0.2343502124601995,4.027513684753782,0.017972990988928947,0.48950561479839927,0.4865008052998687,-0.0030048094985305474,-0.9345186065309071,-0.9530159667448633,-0.018497360213956204,0.02898327047668469,0.054233295495110447,2.3518990466034557,0
191,dry,0,0.08538830885076604,-0.4287690125666187,2.7102329770580136,0.023844242546588873,0.22590412318466996,0.23127477221011022,0.005370649025440266,-1.1468242237530508,-1.1882374687963166,-0.04141324504326582,0.032791484823530226,0.022532358802256482,2.248433254175848,0
192,dry,0,0.19738552321022113,-0.2843019462576474,1.472857862551181,0.038276613569230136,0.27959301133740433,0.3089326909733013,0.029339679635896954,-0.40992106153826563,-0.4000572397253655,0.009863821812900131,0.040585163468396294,0.01992072427675113,2.898857465926853,0
193,gravel,3,0.17730286242881002,-0.20636030460055355,3.252532982100562,0.03277850732996244,0.5577805865585909,0.5811798138878831,0.023399227329292227,-0.6590932967769317,-0.6891636685548076,-0.03007037177787586,0.043502902124900295,0.04361478741592013,2.7791635447745042,0
194,wet,1,0.3218741665614783,0.08718466336718178,2.3446217849914768,0.06144823763298063,0.7082998458651125,0.7617441966343419,0.053444350769229376,0.19750654116197733,0.19714867494512342,-0.0003578662168539082,0.05114678062400563,0.06609887133501743,4.002903238819995,0
195,tile,2,0.3181056266379374,-0.5502602635336837,2.4712580891468,0.05665152954724291,0.7415861401359796,0.7959718062752612,0.05438566613928164,-1.3174649204492592,-1.2778471674920249,0.03961775295723435,0.048983763175086625,0.04209271396932685,3.7747057139686646,0
196,tile,2,0.20475184195217808,-0.2000632391754783,3.4296935268493636,0.09514019490936373,0.635425190671493,0.7076714477784591,0.0722462571069662,-0.6502510589139071,-0.687603628859845,-0.03735256994593794,0.047557680786682904,0.0633320831125679,3.156763302182255,0
197,tile,2,0.19683703680214656,-0.84959727503302,2.0941115428160697,0.1922065312065657,0.33297142644634725,0.4067764883033827,0.07380506185703545,-1.591070968510582,-1.7747938947336328,-0.18372292622305086,0.07584380560989801,0.08470021970292223,3.14297124548418,1
198,dry,0,0.10772328416241933,-0.8465341425344879,3.4081354220810214,0.030416554635822317,0.3559685423093499,0.3691603825549654,0.013191840245615538,-2.836837806053858,-2.976246651845825,-0.1394088457919671,0.037764368464709305,0.02136422136460634,2.2702239798692836,0
199,tile,2,0.18369544389340475,1.0722649206159018,1.1779025739754059,0.18067286166514204,0.17728218500646467,0.21234969663010844,0.03506751162364377,1.137516860496154,1.3270087001304025,0.18949183963424843,0.07723226515827794,0.10534650152057334,2.9833320564700925,1
200,wet,1,0.1321116563600065,-0.6105245552828047,2.947715775872973,0.05744266087559262,0.3670578552838124,0.40279698845583023,0.03573913317201782,-1.7427955961530388,-1.7184977907408427,0.02429780541219606,0.03712838117421048,0.0327246706734128,2.532413408281547,0
201,gravel,3,0.15308296874289884,0.27174386952175267,2.4608249273227045,0.08005347309853322,0.3465534107250422,0.36951616585221286,0.022962755127170664,0.6392710010778682,0.6554957840391075,0.016224782961239304,0.049768718822546264,0.07539339638037135,2.7949271690514617,0
202,gravel,3,0.2673472295011371,0.16268828647080724,4.522897504835055,0.06101063238111044,1.13541102957754,1.2005783260369554,0.06516729645941544,0.7111312989672446,0.7276152927266513,0.01648399375940668,0.04300352750583479,0.04836431206212449,3.8213608957372585,0
203,wet,1,0.3438045066128751,0.7562591160036534,1.1563157247741782,0.11425370145365286,0.3521253915793324,0.38540620605690723,0.033280814477574805,0.8195227482656537,0.852763841129519,0.03324109286386523,0.06215922536804735,0.08014072572614978,4.132510486719138,0
204,wet,1,0.27534273674827836,-0.9098488763378592,1.9827891825100106,0.08916049340983452,0.4972697316840414,0.5440390898778026,0.04676935819376116,-1.7155715797101794,-1.8008635978497223,-0.0852920181395429,0.05430771239422157,0.05686826415174785,3.6465752538779768,0
205,wet,1,0.0827778834315182,-0.19136854510615042,3.8790690412590836,0.07056405577337559,0.298442927232396,0.32423771677589025,0.025794789543494234,-0.7135217304432883,-0.7194202395542153,-0.0058985091109270416,0.04997967925529005,0.022211779763989727,2.212735053276479,0
206,dry,0,0.31352765224928403,0.8476547112579469,1.1562544741178065,0.006645353439725717,0.3601086920914907,0.3634083408242079,0.0032996487327172086,0.9765223247618219,0.9672235000651362,-0.009298824696685637,0.02447086881147355,0.02804701462977853,3.8768859482904765,0
207,dry,0,0.17703679808573258,0.014408793891433458,3.8771572890486974,0.04847254938273468,0.653127977880034,0.6790279368447364,0.02589995896470243,0.05437580055579054,0.0285712361867471,-0.02580456436904344,0.04097645084821739,0.026872872778799038,3.090805671525709,0
208,wet,1,0.21214532920934598,-0.7012597565909069,2.8081713476256174,0.10014974841462072,0.5360771803307909,0.6015747777862384,0.06549759745544748,-1.8607861988795966,-1.880707390038342,-0.019921191158745355,0.05463689541234662,0.04682584580448261,3.0760038279499677,0
209,wet,1,0.27121469511912516,-0.399273644269988,3.7527225887563884,0.1357069185066747,0.8796718914812737,1.0290763444586883,0.14940445297741467,-1.3865271831879962,-1.4964023236667976,-0.10987514047880143,0.06735576369530663,0.05917492570431382,3.5722628105367766,1
210,tile,2,0.2314578349739725,0.5831471852350743,4.377255909969213,0.13437182599961592,0.8770113368810305,1.0013849173726483,0.12437358049161784,2.3639369735343196,2.6343033706794268,0.27036639714510713,0.07123102863664438,0.08055279386415262,3.5006234309815665,1
211,tile,2,0.1111182586641544,0.9014678504997815,3.317760506155687,0.1014226122917439,0.3312729274869738,0.35970497724675304,0.028432049759779254,2.8240172837468407,3.032206359302674,0.2081890755558331,0.06475635043812437,0.05769218819872947,2.4266345903061586,0
212,tile,2,0.27695487644364974,-0.3084771706361027,4.333861176631483,0.11314240429118537,1.064480970610693,1.1933435214324943,0.1288625508218013,-1.2537043616760428,-1.302883828072306,-0.04917946639626325,0.0458662861087414,0.08370784053864952,3.7016239187343873,1
213,tile,2,0.19022434440996244,0.8424176529082339,4.884736896064086,0.17601807540265424,0.76564060431365,0.9187895788842994,0.15314897457064935,3.716616786400649,4.0023081600342385,0.2856913736335893,0.06535309808104604,0.11712504786987403,3.3190153801076216,1
214,wet,1,0.2523084442648569,-0.06085213154827174,3.4762658946894383,0.07025345436685199,0.815472550353428,0.8673524471038745,0.051879896750446464,-0.20336448082103692,-0.19858800115543362,0.004776479665603295,0.04917995201292715,0.041992367961154325,3.253677969287477,0
215,wet,1,0.17294797705332876,-0.45208911943358554,4.43782056788387,0.07894230082121358,0.7069229194689042,0.7611739244197387,0.05425100495083457,-1.9191807438938067,-1.9729994510563647,-0.05381870716255799,0.04471729747867399,0.06531265995573189,3.0825730166417693,0
216,dry,0,0.2455082931144097,-0.1909589238006243,4.6635093108389665,0.03495121902968855,1.1049135042549016,1.13983844932606,0.0349249450711584,-0.8734197415272597,-0.8839440495004385,-0.010524307973178826,0.04399593119222108,0.030209256987685403,3.3652920130452206,0
217,gravel,3,0.21865798169091122,0.32501048769331176,4.676679905584061,0.047479454031459846,0.9740412133555064,1.017668598004183,0.04362738464867666,1.4802779762987723,1.5252165752869757,0.044938598988203404,0.038271639535433034,0.01557269207736249,3.0725718773236816,0
218,dry,0,0.30600332629933086,0.1565091204314928,1.3576394972926442,0.015187539882266846,0.409132657073929,0.40824600738749295,-0.0008866496864360363,0.2107080621682692,0.19952819113363326,-0.011179871034635941,0.024414178699601323,0.010780196336251,3.6762456272338113,0
219,dry,0,0.09166963282500623,-0.028183365339381705,2.158392360053736,0.03495745578652028,0.19094238666560956,0.18065874654089728,-0.010283640124712279,-0.05966119168913589,-0.06120224857460727,-0.0015410568854713827,0.03735869592493164,0.00562523847096684,2.1807473728553193,0
220,gravel,3,0.3088373642524391,0.41566215063179834,2.95726194062057,0.04802483818673138,0.8694512749159152,0.9184964628475097,0.049045187931594514,1.196753608759779,1.1686092550776617,-0.028144353682117318,0.04988223378227331,0.04223673656695477,3.9162615900173865,0
221,wet,1,0.22048161878818845,0.20580178642679914,1.3241559950188462,0.12001637284060619,0.2569130303481599,0.2788866449703336,0.02197361462217373,0.2545253131074018,0.29168452158394315,0.03715920847654136,0.05916466394999238,0.07370462793868338,3.529369320312854,1
222,gravel,3,0.33393759975094517,-0.7315001375488913,2.7551063632621013,0.05218691147925207,0.8720198936517138,0.9296483040052927,0.05762841035357891,-1.9575141864089365,-2.0346698041806044,-0.0771556177716679,0.03392473331506029,0.05309785694616393,4.080451582514696,0
223,dry,0,0.14020206947554925,-0.29621889659867107,1.31390024757812,0.04893435271254868,0.17519726162645027,0.19334107668351144,0.01814381505706117,-0.3787271380132853,-0.3714424507788948,0.007284687234390463,0.04101573070396597,0.02668518910705361,2.4812788419455574,0
224,dry,0,0.33050521935648014,-0.16359517645434873,3.694834211417815,0.05610106877901658,1.1526534986533006,1.2180464937157633,0.06539299506246277,-0.5858061770439665,-0.5921999375313021,-0.006393760487335531,0.052722336731979805,0.052843039917459624,3.986693983706734,0
225,dry,0,0.12912939264220796,-0.13479871138270938,3.330128493221302,0.05743802048102947,0.40531811751546676,0.4233130153969687,0.017994897881501937,-0.43471596339526203,-0.4692817975899161,-0.03456583419465409,0.04862474448168331,0.07437597792004784,2.5657483447573295,0
226,tile,2,0.21010108639058528,-0.10264924485044924,2.911667815645175,0.20360576500735383,0.48718984985189884,0.6286349363530662,0.14144508650116738,-0.2654109161813132,-0.29035449652061457,-0.024943580339301386,0.07237076176984772,0.10871961615002394,3.4019367173215667,1
227,dry,0,0.33760236038506247,1.071504203373817,1.3618269639488614,-0.012759534319328192,0.4656222698933327,0.4585382132164421,-0.007084056676890604,1.4694436312741426,1.5110482571432422,0.04160462586909963,0.031099274093764513,0.02924976035899839,3.9552903931986507,0
228,gravel,3,0.18929566309452808,-0.26624186601311695,1.9355180882919876,0.029878600602293227,0.35543810349621974,0.37929515797525204,0.023857054479032302,-0.5068476418698833,-0.5042400566226417,0.002607585247241584,0.04019166234589063,0.05115465672286476,2.6062584433371407,0
229,wet,1,0.26861410330933927,-0.9135314254919044,3.479327629976273,0.09595721295296344,0.8449151988099025,0.9446929559063126,0.09977775709641012,-3.010726441385211,-3.0605716251098376,-0.04984518372462654,0.052793363756980606,0.040136350608733676,3.7285565732343664,0
230,tile,2,0.3199535796492038,0.3846978305591364,1.105121006829445,0.12681756069386788,0.3087463277203167,0.3475393294943348,0.03879300177401812,0.3954844477126246,0.41514056645408004,0.019656118741455453,0.06044983188772421,0.09791757451922233,4.072188831358323,1
231,gravel,3,0.29178058203538054,0.06857854215590886,1.1063247111625159,0.12311007386166653,0.2830636354711768,0.3204328240315364,0.03736918856035959,0.07073292792747105,0.06951961317598598,-0.0012133147514850617,0.06751806784201206,0.08039322216190556,3.834513499103787,1
232,tile,2,0.325465023039412,-0.8827649016894693,3.3329807365388664,0.2274820067410452,0.8380033023535888,1.072336452493187,0.23433315013959832,-2.574119948145858,-3.1096862855241607,-0.5355663373783028,0.08926881306728289,0.16545993237692436,4.372542470145765,1
233,tile,2,0.2464189568155009,1.0525064686405292,2.656904455028751,0.1412513406307477,0.5622327295265693,0.6554351132876913,0.093202383761122,2.579161029618428,2.7629933799550273,0.18383235033659906,0.0588352239777331,0.10339184760268964,3.591852919253123,1
234,wet,1,0.2828539860947443,-0.4992852267769733,1.7692467443145712,0.005531009899338871,0.49767056375012075,0.507843945065897,0.010173381315776275,-0.880671535628136,-0.8610476113285089,0.019623924299627116,0.027205002574900956,0.0469464721318052,3.5568071285938974,0
235,tile,2,0.1886784781870865,-0.03724200667342936,4.505971750058293,0.03903572320457788,0.8169925055951268,0.8555934793890548,0.03860097379392802,-0.16420857769363226,-0.19638686247005094,-0.03217828477641868,0.03512589244598808,0.017988112864712164,2.7260933895378634,0
236,dry,0,0.2159317435229377,-0.968281013884945,2.171133927308995,0.0680002103669402,0.4369370977865894,0.467972982226154,0.03103588443956462,-2.0236427029390445,-2.2063124802987244,-0.18266977735967993,0.04882542556620377,0.027904869271306216,2.9173463948279705,0
237,wet,1,0.20936269359543702,-0.4343841300461554,4.088080536794104,0.12736675438674916,0.7468794236287927,0.8557657097236151,0.10888628609482243,-1.6513996608037986,-1.774338711443628,-0.12293905063982935,0.06081675441881481,0.08715812519935832,3.3231767359746582,1
238,wet,1,0.2887255463338152,0.847093269384134,2.9863435043346556,0.057236994484016396,0.8128819965978713,0.8626532478612902,0.04977125126341886,2.45007528739455,2.557828855545348,0.10775356815079817,0.03789862735504911,0.04027544452060758,3.7305936639258817,0
239,wet,1,0.2073809057863895,-0.33224206518672994,1.4059782658902042,0.09858302687438111,0.2628288928374157,0.2780081081816829,0.01517921534426725,-0.44179728798014906,-0.4905403883940618,-0.04874310041391272,0.05906049142173718,0.048725212999478,3.3823766790767618,0
240,gravel,3,0.2042180469302522,0.41642756171285655,4.403986206647635,0.056119729641974155,0.8489008663043205,0.8904332469182409,0.041532380613920394,1.7773350803052106,1.8695046064252598,0.09216952612004925,0.03747810843069696,0.033006220616135104,3.191474823845765,0
241,gravel,3,0.31958162083910696,1.093752726918333,2.5149271782306917,0.08468740080599628,0.7356591647109505,0.8016257729671082,0.06596660825615774,2.6225857668096806,2.780145744059882,0.1575599772502012,0.050513928424576755,0.04336693874921735,4.124254381471692,0
242,wet,1,0.20381518813402216,1.0067967104652786,3.976159323900981,0.0018452070539619475,0.8089063017909478,0.8317699739114691,0.022863672120521317,3.999121440614559,4.032616302968145,0.033494862353585564,0.03305801609353406,-0.0030485975880752882,3.147682038609519,0
243,gravel,3,0.19727290452687324,0.12637286918933355,1.152729754906522,0.08095069479055075,0.20899396890762095,0.2160723311207749,0.007078362213153944,0.13918795059021977,0.1666060853996222,0.027418134809402445,0.04917113058719315,0.034178826693832154,2.8918559061939884,0
244,tile,2,0.2218024679487895,-1.0148636961463755,3.149418685985665,0.17219761170596048,0.5782603957374747,0.6811033054810404,0.10284290974356569,-2.893519878322459,-3.3197209652929214,-0.4262010869704622,0.0747276000872139,0.11363672033753652,3.6649190191044902,1
245,dry,0,0.2930784998939532,0.1671404328681909,4.680847182849259,0.017239346304867884,1.3482057755968326,1.3561280495278567,0.00792227393102407,0.7749407792422532,0.7966367552549604,0.02169597601270712,0.040413542940399005,0.010957169720297168,3.8671440019624397,0
246,tile,2,0.14804058745689902,-0.8528661914179119,4.593941047191725,0.09601388028176777,0.6147916773201381,0.6909457340614095,0.0761540567412714,-3.711115795929336,-4.133041355607217,-0.4219255596778808,0.053729449678257664,0.057101284354639514,2.865020596446741,0
247,gravel,3,0.3314005769036035,-0.6495922202584778,4.791543526459822,0.08350479442911134,1.4553213316308051,1.5926870660120445,0.13736573438123933,-2.9695973591297795,-3.1592684308884826,-0.18967107175870312,0.041480710008232766,0.06832268556908586,4.200024204972193,1
248,wet,1,0.14193948026115838,-0.39100295256746753,4.865443419534309,0.11027243691306016,0.6144445295595228,0.6834278737830575,0.06898334422353469,-1.7870223200594808,-1.919034292887924,-0.13201197282844324,0.0643323941527268,0.07029466398542268,2.6376269624329884,0
249,gravel,3,0.2193102967939468,-1.0700123454417043,3.826230698558941,0.005848840425468058,0.8342238421668215,0.8334441708136899,-0.0007796713531316168,-4.080943882987675,-4.113738553647492,-0.03279467065981656,0.02814736952097012,0.008660785678115568,3.2319964281891616,0
250,gravel,3,0.2654164062015193,0.04685251669435253,1.4900206458173058,0.028016006966370757,0.38439626870965543,0.3806739054623034,-0.003722363247352034,0.06873550983227258,0.06784499072808388,-0.0008905191041887056,0.03238966016301598,0.013465607849138462,3.61907859179541,0
251,dry,0,0.19981152120100978,-0.9441199662892781,4.052132782368204,0.03995618607888901,0.7773117772420507,0.8132458625943156,0.035934085352264944,-3.741626268031612,-3.8721520872010604,-0.13052581916944828,0.04386027662423553,0.047405686358707774,3.013154006668945,0
252,tile,2,0.26987098763424383,-0.7274931964478897,4.539131551852286,0.10492681792078962,1.0964466704127835,1.2258978897295458,0.1294512193167623,-3.111618917436949,-3.2930022554782146,-0.1813833380412655,0.05329805228413817,0.08561231714029224,3.881764372045144,1
253,gravel,3,0.089887089707109,0.6879193558951762,4.073371266257926,0.09182369917140315,0.33252283888619544,0.3632553338850398,0.03073249499884434,2.660633812195787,2.9111364646486813,0.2505026524528944,0.05740559109919886,0.05908012911839484,2.2816520658786383,0
254,gravel,3,0.24163623483101776,-0.3655944384447023,4.886025580764517,0.048259155458647104,1.1236640955276211,1.1803725537983996,0.05670845827077842,-1.7388907469693669,-1.7291278715768448,0.009762875392522075,0.03784507052030891,0.04015813377184406,3.467408148867521,0
255,dry,0,0.1481862700501827,-0.006671814227008577,1.8330867965882036,0.02435280511720607,0.2650231406025645,0.2792850633119584,0.014261922709393915,-0.012066205230062485,-0.019349595420214416,-0.007283390190151931,0.034848538240377314,0.014859466832007501,2.629827121935245,0
256,wet,1,0.26485232047631646,0.3868928515660035,3.237047237122429,0.11462219759628119,0.7590693378487585,0.8414844882874717,0.08241515043871317,1.1734369769974322,1.2283275794695476,0.05489060247211541,0.059113472660721374,0.06957529752490983,3.778840782519795,0
257,tile,2,0.34161402555135145,0.7503781450259606,3.1919967589695877,0.1792354324353785,0.8949870152191803,1.1041754768065664,0.20918846158738602,2.159086563503152,2.3864302493985443,0.22734368589539233,0.07093355644426357,0.10391556423414038,4.278408071107169,1
258,tile,2,0.08991344488904254,-0.2944393171807237,2.09546654090647,0.12711823224883112,0.16446019098335732,0.20239596661825518,0.03793577563489786,-0.5738510227003704,-0.6054940348141645,-0.03164301211379417,0.07281522658766179,0.06852175893494815,2.2995543203795106,1
259,dry,0,0.24134759338289657,0.5418458711167862,4.648459462107173,0.011419297029712588,1.1090832575390002,1.1069215399951469,-0.002161717543853303,2.5029292806827077,2.462378953277279,-0.04055032740542863,0.03793243976450297,0.029794103402540517,3.241243575789817,0
260,wet,1,0.2319706108751819,0.6898990316563969,4.981412985665889,0.1261374065021782,1.0097844163261391,1.1684029219926124,0.1586185056664733,3.198250904238768,3.5114996820974613,0.3132487778586932,0.062033036539772546,0.06808532926028107,3.3092589917379813,1
261,wet,1,0.10582669523035082,-0.7323387177110061,4.11823260727482,0.059514982123413857,0.409881190176958,0.4225911379328027,0.012709947755844664,-2.9172196596460283,-3.023004523590238,-0.10578486394420983,0.04757824187279347,0.04595997473850129,2.291837058585257,0
262,dry,0,0.3279433315714826,-0.01942686948669725,2.0092938656971118,0.049977448670658106,0.6260026580511863,0.6617021708692318,0.03569951281804551,-0.03796133087418024,-0.014213169142643412,0.023748161731536824,0.04685875182197121,0.028088849441482447,4.013314033414433,0
263,wet,1,0.3302593643031296,-0.41255160384736533,2.139521078628925,0.13576571243226837,0.6106652437010939,0.7056843902457071,0.09501914654461319,-0.8167534094031338,-0.8333152082042676,-0.016561798801133842,0.05335876883075853,0.0962399128061767,4.296743196206444,1
264,wet,1,0.21749917639133254,-0.7864339452649155,1.7269425095349913,0.017382874198943882,0.3690794169178629,0.36276419010423866,-0.006315226813624231,-1.3451417356294568,-1.2856421200663426,0.05949961556311423,0.030515598084198306,0.009508323470337159,3.2347353607116482,0
265,tile,2,0.1282505090288877,1.0732984761414324,2.1189506592256353,0.09470443898081846,0.24601995371907248,0.28448387096274047,0.03846391724366799,2.155805789722699,2.2076040608464664,0.051798271123767226,0.05161400209788437,0.09187461490651579,2.5577099423917993,0
266,wet,1,0.1154337559442789,-0.4051007959919798,4.076636890371878,0.05398148071373406,0.4451788212849492,0.47034711997455964,0.025168298689610458,-1.6024176394465937,-1.697478522420377,-0.09506088297378334,0.04174615202258532,0.059022063914145384,2.373937439816297,0
267,tile,2,0.2162028415366256,-1.0436033180807356,1.2035362455713163,0.13476043810534044,0.2251422180108763,0.26285907164590155,0.03771685363502525,-1.162920839931694,-1.2429655558947177,-0.08004471596302376,0.07556915147094617,0.08322019428741452,3.242527094363852,1
268,gravel,3,0.18405708806299775,-0.8441753502773546,3.9394370377252166,0.10699864379982912,0.6474985929811002,0.7082474114440518,0.06074881846295155,-3.1298679953120714,-3.20543934686056,-0.0755713515484886,0.0606542680137948,0.0731295837686079,3.1506774260932007,0
269,dry,0,0.27790477832010707,0.022286938454199268,1.072304117546448,0.06780925188979867,0.2777913869280532,0.3112956257652624,0.033504238837209155,0.02300708382785046,0.03891718564314943,0.01591010181529897,0.0470288499252425,0.04070831956824974,3.7348689993344313,0
270,dry,0,0.24454721783019545,-0.9024554877790288,3.299033626758722,0.03927723124181943,0.7750818229400251,0.810002489544453,0.03492066660442783,-2.91291543607188,-2.8576433729013657,0.05527206317051414,0.035764761968690294,0.015298147065137702,3.52412145840399,0
271,gravel,3,0.14622862576268914,0.03134836810003527,1.988649585686734,0.02536480305827747,0.2834214748216551,0.28477376795278453,0.001352293131129445,0.061471223407725796,0.07664160460749689,0.015170381199771092,0.0363026862137546,0.01629483744408827,2.6812814754702465,0
272,dry,0,0.1849488715248297,0.7070309948506004,3.556146051882437,0.0419861149981209,0.6300907131415914,0.6485914089685565,0.01850069582696512,2.4562442254127457,2.5952239857784125,0.13897976036566684,0.0398728647799647,0.03475785076705977,2.9871546646212193,0
273,wet,1,0.08365677056545096,0.337881239673939,3.8808943514126275,0.13528802425874198,0.28074006057296047,0.33168909696224574,0.050949036389285274,1.2137110264889348,1.3034942573138182,0.08978323082488338,0.0696557258571552,0.09553494954515132,2.2928812927179374,1
274,gravel,3,0.2914761868458564,-0.3400091645365587,4.883271309450343,0.08373276285374236,1.3041756613040407,1.4026766732910498,0.09850101198700911,-1.5838925448041525,-1.6980889374863317,-0.11419639268217918,0.05028728600326625,0.048921853574373717,3.917120993804272,0
275,dry,0,0.3225060787856809,1.0488741661813221,2.681467829768014,-0.004384974329376859,0.8685817556943556,0.8648652123676054,-0.003716543326750199,2.819305395119646,2.7286619366423586,-0.09064345847728728,0.025733459741971564,0.009485484960271781,3.9414392122383153,0
276,tile,2,0.17754698018928777,0.2086945386870258,3.52367201652273,0.0476236040727093,0.5958231738904158,0.6297984402971792,0.033975266406763405,0.7161095436540511,0.7362685464993577,0.020159002845306584,0.04922288141241401,0.022589972642977327,2.9335602429811627,0
277,dry,0,0.11890960601441966,-0.8805231682287874,2.5982715297806,0.007041135949400673,0.3067840184771696,0.317351874033738,0.010567855556568417,-2.2789783401258537,-2.340105076141989,-0.061126736016135386,0.03938320524402669,-0.02217505642785835,2.2994082956336706,0
278,wet,1,0.3056435191899421,-0.7881849086315541,3.3494351163768354,0.05799013947625844,0.9643667089091527,1.0094100684820935,0.04504335957294081,-2.555773351173123,-2.576913819816151,-0.02114046864302832,0.05067970417144081,0.04209261094785662,3.9326497985770157,0
279,gravel,3,0.10793323502861162,-0.9804203820842421,2.1868352501724533,0.08017325750880687,0.21710873243216436,0.2389896184978659,0.021880886065701544,-2.049476759106587,-2.088288150246389,-0.03881139113980181,0.049469355572298486,0.062017452447112625,2.6024274798234424,0
280,gravel,3,0.21611883490270106,-0.24057161587823472,2.0936309463574725,0.05673118094839764,0.42680374861943227,0.46668236866701845,0.03987862004758619,-0.48795264996193544,-0.5176488303141069,-0.029696180352171475,0.0465859330944951,0.0645263444213222,3.0998640258889556,0
281,dry,0,0.10006159182223302,-1.057079402764493,4.35607881387857,0.02849566276966945,0.42345559957891954,0.4388103163882806,0.015354716809361069,-4.532553170756395,-4.544752083028499,-0.01219891227210379,0.04090327175728039,0.031120295768452485,2.426404430876707,0
282,wet,1,0.31895988133624403,-0.9123214747014059,3.8647633026690307,0.11212212926962409,1.094490997344384,1.233395066227027,0.13890406888264306,-3.308473872818229,-3.4561203760180708,-0.14764650319984174,0.0561685100156547,0.0848159349210856,4.106943781434246,1
283,tile,2,0.22556075686127114,0.33392591623572354,2.3848429019946917,0.1390034402722998,0.46315327052818656,0.5515689357012359,0.08841566517304933,0.7354775572241952,0.8072975729197136,0.07182001569551844,0.06964422594625203,0.08896487869228589,3.309286449362979,1
284,dry,0,0.13177009189172245,-0.24212072041702581,2.4295882072824604,0.019980215923658323,0.3137504539199039,0.3260217550864118,0.012271301166507875,-0.5817892578765201,-0.5869909943738825,-0.00520173649736233,0.034135158527682334,0.025825227665183612,2.448161007567043,0
285,wet,1,0.28418496600098414,-0.5934892230540685,4.215483968489117,0.1117965790191077,1.0640474191079976,1.1905529437833107,0.12650552467531306,-2.3480106062441872,-2.5220387509849416,-0.17402814474075434,0.06309060704996632,0.07828804713013789,3.810217521352171,1
286,wet,1,0.10954076669507341,-0.8990998434681247,2.8378914228115324,0.11148732967263464,0.2762073155598444,0.31635406957938206,0.040146754019537656,-2.3950918501598237,-2.539139620818259,-0.14404777065843533,0.0500848715917451,0.08500469372009697,2.44946021997142,0
287,gravel,3,0.1413251477573665,0.4675817234798829,1.2882369573748038,0.09116513073572796,0.16546272927016203,0.1788078021523525,0.013345072882190473,0.5721534290136082,0.6039492236017843,0.03179579458817605,0.06040076013528431,0.06374571771373568,2.542867969077511,0
288,gravel,3,0.25039723455830754,0.7760313154643212,3.6601775550807525,0.07459811974737698,0.8481292850342796,0.9254056944744925,0.07727640944021286,2.7238732193922974,2.910230889859926,0.18635767046762863,0.04892029445164177,0.07040821421556971,3.4771507271288318,0
289,dry,0,0.21534246723503625,-0.6822609126319947,3.0193415622072997,0.0008681034834860241,0.649628027090304,0.6410887003408572,-0.008539326749446796,-2.0589951786880896,-2.0447819103778446,0.014213268310244942,0.027125939779819294,0.007601016183275064,3.0753123647656917,0
290,gravel,3,0.23331135336956021,0.7316692458547946,2.6631468238573337,0.06457596552575491,0.5812186049593012,0.6310975768821627,0.049878971922861504,1.8793366663405917,2.0115761265221686,0.13223946018157684,0.03309887438099218,0.046747743611092324,3.4316635654438845,0
291,dry,0,0.12733861843077568,0.5182909382006535,4.651813575282478,0.048853874680392845,0.5634166518329579,0.5856845490676239,0.022267897234666045,2.346210334610776,2.4849755461273375,0.1387652115165614,0.0385073848627295,0.045069586616548085,2.3569410154421075,0
292,wet,1,0.22612067558968324,0.3116178840102415,2.337630711976373,0.13429701072741618,0.4575990307633142,0.5370545776863901,0.07945554692307588,0.6746419564526428,0.71363782517889,0.03899586872624716,0.05531545053284884,0.08829501711290551,3.521844705639512,1
293,tile,2,0.14680698326289862,1.0644648347179562,1.7986828618679014,0.1818879157645969,0.21603002639842883,0.2616882278062478,0.045658201407818955,1.7230977564746623,1.8683698704369769,0.14527211396231454,0.07244553778277919,0.11922156497238526,3.0170198912631125,1
294,wet,1,0.10919203319501417,-0.02701799116814163,4.683664986393962,0.1205355077389243,0.4497747655682052,0.5454912633457715,0.09571649777756625,-0.11815409608702376,-0.12780167995914823,-0.009647583872124471,0.06182656829001402,0.05399537944497816,2.55235196365895,1
295,gravel,3,0.1378817180750806,-0.8921453703135991,1.292276587245941,0.013018892764349206,0.1758615926310463,0.17487485352503865,-0.0009867391060076613,-1.1446433698760223,-1.1677132020196743,-0.02306983214365199,0.04159669322300637,0.022476391164291662,2.5961515369708823,0
296,dry,0,0.14014550588143487,-0.42315741259287587,1.6345483082302055,0.028417195926438307,0.22256494176753736,0.2091951053308857,-0.013369836436651655,-0.6808607865511443,-0.7094011003597894,-0.02854031380864508,0.030956155316650025,0.02170895786025242,2.635952823296013,0
297,wet,1,0.19509207723549699,0.7200281930169545,1.274786496152306,0.0858961545011485,0.2273383079004165,0.23441956466247416,0.007081256762057647,0.8745188132935494,0.8870780122507881,0.01255919895723867,0.0641738295678257,0.059464947592100276,2.997481325821007,0
298,dry,0,0.31440457624390217,-0.8611506163571268,3.555409906423564,0.007457145319528374,1.1095012709686223,1.131230594257214,0.021729323288591784,-3.049185906180634,-3.160398591801183,-0.11121268562054887,0.040198113374156304,0.040806373862420135,3.9132078098825334,0
299,tile,2,0.12851728771983373,0.2956081042847021,4.446972555672384,0.16136503475877378,0.4792906602851501,0.590737838202671,0.1114471779175209,1.1978928159164506,1.3630649450404584,0.1651721291240078,0.06210933110036045,0.09804278299680949,2.6831238769525214,1
300,tile,2,0.1571614036385038,0.6296745077046066,1.9257856341356856,0.10170152676941291,0.271878273345374,0.3059758736663201,0.03409760032094611,1.1447893082506595,1.2397335546448873,0.09494424639422783,0.050871502331917035,0.05785887651895112,2.7776513697271574,0
301,dry,0,0.3381303285533836,-0.3266320167847777,1.1279430435443678,-0.0017063452037625049,0.38204253788977505,0.37786616795429034,-0.004176369935484703,-0.3687680717352141,-0.37963720145222035,-0.010869129717006265,0.02364695265153201,0.027983433875237003,4.0896764830427195,0
302,tile,2,0.2983200281907135,-0.5411508262198839,4.294931919959671,0.1757647760845765,1.0560630942107079,1.2959547724900677,0.23989167827935987,-2.099523510256444,-2.331750892470585,-0.2322273822141412,0.0776467762794098,0.11245928110101981,3.8456319261095366,1
303,wet,1,0.20694001633547943,0.8692031733901309,3.5502778697579345,0.08430375351450753,0.6727570512378895,0.7225120224607259,0.04975497122283634,2.9428280736042924,3.0456352136744362,0.1028071400701438,0.05375327126329479,0.039798528418254424,3.035114071631024,0
304,tile,2,0.14211011971142304,1.0953714544190456,3.4959541020902893,0.11205441231986919,0.44114065227743426,0.5129018673748296,0.0717612150973953,3.593364639650575,3.98105124062365,0.38768660097307484,0.05225592468725305,0.06975227502415778,2.6479756448581333,0
305,gravel,3,0.27424788953621154,-0.9076966935698385,1.7136144260232093,0.037537056671054086,0.4523144070995576,0.4652611058167429,0.01294669871718529,-1.5233294525114767,-1.5541734301275043,-0.03084397761602764,0.04492360354317146,0.0023060967140287637,3.6588689979074633,0
306,wet,1,0.08761080190199813,0.2348598950031182,1.7731509170070234,0.11855650730510478,0.13692975539483393,0.1474068047553669,0.01047704936053298,0.3892874857442058,0.4179290796532699,0.028641593909064123,0.06556190034616875,0.07031380410100613,2.3326270396257245,0
307,dry,0,0.3444722215538858,-0.8575693878329684,2.1410832065069685,0.04119982338481298,0.7071570189650896,0.7337642669130422,0.02660724794795255,-1.7945209458448388,-1.8363782107905098,-0.04185726494567099,0.037085917086977366,0.02840449524983201,4.0723378507973305,0
308,gravel,3,0.3234483668328758,-0.4879641188908046,2.958986439379443,0.07723722242362065,0.8831571821094005,0.9538652131197628,0.07070803101036227,-1.3825425398392373,-1.5111036252358325,-0.12856108539659528,0.053605429126166046,0.03471049075487401,4.077657656855886,0
309,gravel,3,0.18772711908486073,-0.383904410528061,4.403041965491425,0.0602888614258171,0.7767373960884764,0.832872713486925,0.05613531739844868,-1.634297219831567,-1.648816187392262,-0.014518967560694929,0.05515036930238367,0.0414455345456048,2.915793395402348,0
310,wet,1,0.28041899082274035,0.26426703714781374,1.6588909950992514,0.0714515310535202,0.43194639121593215,0.47567943951549635,0.0437330482995642,0.4211621998589243,0.44759530029308464,0.02643310043416036,0.048096072047209344,0.04993741751416805,3.886788190277928,0
311,tile,2,0.12182448361392702,-0.004361777566159075,2.4064735755584916,0.17820053680298634,0.2409248124999137,0.2977709619266194,0.05684614942670568,-0.009467737150764752,0.0004892871339540056,0.009957024284718757,0.08106123907752678,0.1034270965377635,2.724191396248741,1
312,tile,2,0.25539549849877224,-0.01712504740248244,2.126996470854255,0.21945687707609912,0.42401079082987875,0.5453282500555694,0.12131745922569065,-0.03202838138991034,-0.055178872285154085,-0.023150490895243743,0.08027563057173846,0.14435863909613106,3.7881222416022666,1
313,wet,1,0.33974272604297895,0.93509622119227,2.806340146371538,0.057497213720811846,0.8986138731013626,0.9403705354447293,0.04175666234336661,2.5412118238686134,2.4688174931131566,-0.07239433075545687,0.04006535105805195,0.05467611047358345,3.9914031276717967,0
314,dry,0,0.08960990191787678,0.2202046746558899,1.1523253166866065,0.015415937307546021,0.10166791264071418,0.10490156555105985,0.0032336529103456774,0.25159595657108197,0.2799492637075576,0.02835330713647566,0.03148199465246395,0.016544885147601347,2.085758841228161,0
315,tile,2,0.26411758794979634,0.3236637044276687,3.4809036015348713,0.17685406557549288,0.756773918770367,0.9121641312951535,0.15539021252478646,1.0170539694257237,1.106147295356797,0.08909332593107333,0.07673372893199552,0.11939491927331312,3.9383162130382274,1
316,dry,0,0.19116948756675745,-0.69755555152732,1.4396352569811222,0.05521512301502404,0.26001834103292637,0.2761080828994613,0.016089741866534946,-0.9737289247024725,-1.0083079921939198,-0.034579067491447235,0.0504986352085871,0.06329576867882536,3.14758784091241,0
317,dry,0,0.22473679687104514,0.0924142698493553,1.9621813168395712,0.04897764699920272,0.4193764582692882,0.44400001526135835,0.02462355699207014,0.17644884377733974,0.1891978083512512,0.012748964573911448,0.04528179504700938,0.018859922185027914,3.2441164412059895,0
318,tile,2,0.1838964309526685,-0.18751816652809694,1.8919495770875532,0.082278261316866,0.3192962937882942,0.3452232026268462,0.025926908838551976,-0.3387202710794196,-0.3367083369671172,0.0020119341123023826,0.05278363503561361,0.043233391133973065,3.055537072252862,0
319,dry,0,0.33526817162899375,0.5701917087920585,4.228971156423915,0.05445487357611384,1.3406311607110177,1.4200220569778668,0.07939089626684903,2.3391046924606456,2.4908276845515758,0.1517229920909302,0.046435880245605715,0.03986629431581846,4.040118458091954,0
