timestamp,lot_id,recipe_id,temperature_c
2026-08-03 09:00:00,LOT_A,RCP_01,65.06703775754598
2026-08-03 09:00:01,LOT_A,RCP_01,64.7712034966271
2026-08-03 09:00:02,LOT_A,RCP_01,65.16509926307742
2026-08-03 09:00:03,LOT_A,RCP_01,65.20692423760606
2026-08-03 09:00:04,LOT_A,RCP_01,64.57077225849616
2026-08-03 09:00:05,LOT_A,RCP_01,64.71352050849029
2026-08-03 09:00:06,LOT_A,RCP_01,65.02812488869681
2026-08-03 09:00:07,LOT_A,RCP_01,64.9304266296844
2026-08-03 09:00:08,LOT_A,RCP_01,64.99630374534905
2026-08-03 09:00:09,LOT_A,RCP_01,64.81233033593381
2026-08-03 09:00:10,LOT_A,RCP_01,65.19346755446982
2026-08-03 09:00:11,LOT_A,RCP_01,65.17111422579437
2026-08-03 09:00:12,LOT_A,RCP_01,65.01452675346347
2026-08-03 09:00:13,LOT_A,RCP_01,65.24799306553297
2026-08-03 09:00:14,LOT_A,RCP_01,65.10285205529544
2026-08-03 09:00:15,LOT_A,RCP_01,64.81095565816568
2026-08-03 09:00:16,LOT_A,RCP_01,65.08112517249815
2026-08-03 09:00:17,LOT_A,RCP_01,64.78904582781762
2026-08-03 09:00:18,LOT_A,RCP_01,65.1932590662876
2026-08-03 09:00:19,LOT_A,RCP_01,64.98901629958303
2026-08-03 09:00:20,LOT_A,RCP_01,64.95933028002004
2026-08-03 09:00:21,LOT_A,RCP_01,64.85019550023114
2026-08-03 09:00:22,LOT_A,RCP_01,65.26895909450829
2026-08-03 09:00:23,LOT_A,RCP_01,64.96600351394487
2026-08-03 09:00:24,LOT_A,RCP_01,64.90576787912411
2026-08-03 09:00:25,LOT_A,RCP_01,64.9225306188926
2026-08-03 09:00:26,LOT_A,RCP_01,65.11710802082173
2026-08-03 09:00:27,LOT_A,RCP_01,65.0803976941601
2026-08-03 09:00:28,LOT_A,RCP_01,65.09080117455112
2026-08-03 09:00:29,LOT_A,RCP_01,65.09478062066174
2026-08-03 09:00:30,LOT_A,RCP_01,65.4711624721915
2026-08-03 09:00:31,LOT_A,RCP_01,64.91058869639538
2026-08-03 09:00:32,LOT_A,RCP_01,64.88730659960426
2026-08-03 09:00:33,LOT_A,RCP_01,64.82096999978546
2026-08-03 09:00:34,LOT_A,RCP_01,65.1355154729666
2026-08-03 09:00:35,LOT_A,RCP_01,65.24837390439859
2026-08-03 09:00:36,LOT_A,RCP_01,64.97493155931593
2026-08-03 09:00:37,LOT_A,RCP_01,64.81516557506825
2026-08-03 09:00:38,LOT_A,RCP_01,64.81861413254792
2026-08-03 09:00:39,LOT_A,RCP_01,65.14313041332143
2026-08-03 09:00:40,LOT_A,RCP_01,65.16351591766475
2026-08-03 09:00:41,LOT_A,RCP_01,65.11949393902714
2026-08-03 09:00:42,LOT_A,RCP_01,64.85358786439649
2026-08-03 09:00:43,LOT_A,RCP_01,65.05107549107468
2026-08-03 09:00:44,LOT_A,RCP_01,65.02567087801096
2026-08-03 09:00:45,LOT_A,RCP_01,65.04811149128038
2026-08-03 09:00:46,LOT_A,RCP_01,65.1917143311486
2026-08-03 09:00:47,LOT_A,RCP_01,65.04919102073043
2026-08-03 09:00:48,LOT_A,RCP_01,65.14936098387582
2026-08-03 09:00:49,LOT_A,RCP_01,65.01486739528755
2026-08-03 09:00:50,LOT_A,RCP_01,65.06360626771179
2026-08-03 09:00:51,LOT_A,RCP_01,65.13888340968448
2026-08-03 09:00:52,LOT_A,RCP_01,64.67942571963175
2026-08-03 09:00:53,LOT_A,RCP_01,64.9296723324014
2026-08-03 09:00:54,LOT_A,RCP_01,64.89651801605558
2026-08-03 09:00:55,LOT_A,RCP_01,64.85944687338646
2026-08-03 09:00:56,LOT_A,RCP_01,64.93946870473013
2026-08-03 09:00:57,LOT_A,RCP_01,65.32888708847156
2026-08-03 09:00:58,LOT_A,RCP_01,64.80951715454749
2026-08-03 09:00:59,LOT_A,RCP_01,65.21302123801013
2026-08-03 09:01:00,LOT_A,RCP_01,64.62976865024453
2026-08-03 09:01:01,LOT_A,RCP_01,64.92632529340312
2026-08-03 09:01:02,LOT_A,RCP_01,65.0358056743231
2026-08-03 09:01:03,LOT_A,RCP_01,65.12896891289904
2026-08-03 09:01:04,LOT_A,RCP_01,65.15646984755443
2026-08-03 09:01:05,LOT_A,RCP_01,65.17453639174398
2026-08-03 09:01:06,LOT_A,RCP_01,64.92328048410535
2026-08-03 09:01:07,LOT_A,RCP_01,64.8982826056138
2026-08-03 09:01:08,LOT_A,RCP_01,65.18875469387658
2026-08-03 09:01:09,LOT_A,RCP_01,64.95791304852604
2026-08-03 09:01:10,LOT_A,RCP_01,64.71934900886566
2026-08-03 09:01:11,LOT_A,RCP_01,64.75067681291924
2026-08-03 09:01:12,LOT_A,RCP_01,64.79772049707965
2026-08-03 09:01:13,LOT_A,RCP_01,65.10937536369183
2026-08-03 09:01:14,LOT_A,RCP_01,65.03133366193552
2026-08-03 09:01:15,LOT_A,RCP_01,65.15190677789491
2026-08-03 09:01:16,LOT_A,RCP_01,64.90600441780596
2026-08-03 09:01:17,LOT_A,RCP_01,65.03487873203687
2026-08-03 09:01:18,LOT_A,RCP_01,65.13762988667281
2026-08-03 09:01:19,LOT_A,RCP_01,64.93194376126155
2026-08-03 09:01:20,LOT_A,RCP_01,65.10049055226263
2026-08-03 09:01:21,LOT_A,RCP_01,64.85437629296534
2026-08-03 09:01:22,LOT_A,RCP_01,64.92012815375568
2026-08-03 09:01:23,LOT_A,RCP_01,64.91601766332036
2026-08-03 09:01:24,LOT_A,RCP_01,64.73691527797041
2026-08-03 09:01:25,LOT_A,RCP_01,65.10713394577283
2026-08-03 09:01:26,LOT_A,RCP_01,64.8967314851554
2026-08-03 09:01:27,LOT_A,RCP_01,65.00274870612009
2026-08-03 09:01:28,LOT_A,RCP_01,65.1057642649593
2026-08-03 09:01:29,LOT_A,RCP_01,65.0982368587266
2026-08-03 09:01:30,LOT_A,RCP_01,65.14638472397401
2026-08-03 09:01:31,LOT_A,RCP_01,64.97833319340792
2026-08-03 09:01:32,LOT_A,RCP_01,64.90687437135028
2026-08-03 09:01:33,LOT_A,RCP_01,64.9824619936006
2026-08-03 09:01:34,LOT_A,RCP_01,64.62878642452924
2026-08-03 09:01:35,LOT_A,RCP_01,64.68163525606693
2026-08-03 09:01:36,LOT_A,RCP_01,64.70900608528203
2026-08-03 09:01:37,LOT_A,RCP_01,64.78060569792767
2026-08-03 09:01:38,LOT_A,RCP_01,65.08795032987915
2026-08-03 09:01:39,LOT_A,RCP_01,64.80079460782079
2026-08-03 09:01:40,LOT_A,RCP_01,64.91680423811134
2026-08-03 09:01:41,LOT_A,RCP_01,65.28583022551294
2026-08-03 09:01:42,LOT_A,RCP_01,64.92162192636648
2026-08-03 09:01:43,LOT_A,RCP_01,65.16225342506276
2026-08-03 09:01:44,LOT_A,RCP_01,64.79460411039783
2026-08-03 09:01:45,LOT_A,RCP_01,64.95480373726912
2026-08-03 09:01:46,LOT_A,RCP_01,64.79099514791967
2026-08-03 09:01:47,LOT_A,RCP_01,64.92541272330187
2026-08-03 09:01:48,LOT_A,RCP_01,65.18486779024063
2026-08-03 09:01:49,LOT_A,RCP_01,64.61998950689768
2026-08-03 09:01:50,LOT_A,RCP_01,65.0955732015801
2026-08-03 09:01:51,LOT_A,RCP_01,65.0523018325131
2026-08-03 09:01:52,LOT_A,RCP_01,64.8692870097467
2026-08-03 09:01:53,LOT_A,RCP_01,64.68186727203454
2026-08-03 09:01:54,LOT_A,RCP_01,65.01586849169705
2026-08-03 09:01:55,LOT_A,RCP_01,64.88351160400596
2026-08-03 09:01:56,LOT_A,RCP_01,65.05118876649803
2026-08-03 09:01:57,LOT_A,RCP_01,65.00480747201516
2026-08-03 09:01:58,LOT_A,RCP_01,65.3523913560906
2026-08-03 09:01:59,LOT_A,RCP_01,64.94734176195594
2026-08-03 09:02:00,LOT_A,RCP_01,64.7748305516232
2026-08-03 09:02:01,LOT_A,RCP_01,65.03944063969038
2026-08-03 09:02:02,LOT_A,RCP_01,65.0483992704738
2026-08-03 09:02:03,LOT_A,RCP_01,65.2990212665529
2026-08-03 09:02:04,LOT_A,RCP_01,65.18372447410121
2026-08-03 09:02:05,LOT_A,RCP_01,65.0785116330129
2026-08-03 09:02:06,LOT_A,RCP_01,65.3219266360683
2026-08-03 09:02:07,LOT_A,RCP_01,64.73847212804897
2026-08-03 09:02:08,LOT_A,RCP_01,64.85925466279505
2026-08-03 09:02:09,LOT_A,RCP_01,64.79615329289078
2026-08-03 09:02:10,LOT_A,RCP_01,64.91424184330573
2026-08-03 09:02:11,LOT_A,RCP_01,64.69712904753762
2026-08-03 09:02:12,LOT_A,RCP_01,65.13973320829916
2026-08-03 09:02:13,LOT_A,RCP_01,64.95111100663827
2026-08-03 09:02:14,LOT_A,RCP_01,64.67642261520942
2026-08-03 09:02:15,LOT_A,RCP_01,64.77657260213434
2026-08-03 09:02:16,LOT_A,RCP_01,65.06897304643904
2026-08-03 09:02:17,LOT_A,RCP_01,65.18438784493677
2026-08-03 09:02:18,LOT_A,RCP_01,65.4392807961722
2026-08-03 09:02:19,LOT_A,RCP_01,65.64104974252162
2026-08-03 09:02:20,LOT_A,RCP_01,65.09117007532072
2026-08-03 09:02:21,LOT_A,RCP_01,64.78230161359299
2026-08-03 09:02:22,LOT_A,RCP_01,64.53094981823911
2026-08-03 09:02:23,LOT_A,RCP_01,65.05889652171564
2026-08-03 09:02:24,LOT_A,RCP_01,64.82115295903172
2026-08-03 09:02:25,LOT_A,RCP_01,64.90862140276047
2026-08-03 09:02:26,LOT_A,RCP_01,64.86533870420685
2026-08-03 09:02:27,LOT_A,RCP_01,64.9690260049884
2026-08-03 09:02:28,LOT_A,RCP_01,65.23451565077328
2026-08-03 09:02:29,LOT_A,RCP_01,65.03455068483798
2026-08-03 09:02:30,LOT_A,RCP_01,64.96510033585149
2026-08-03 09:02:31,LOT_A,RCP_01,64.77215617437832
2026-08-03 09:02:32,LOT_A,RCP_01,64.63156975216503
2026-08-03 09:02:33,LOT_A,RCP_01,64.89301226000387
2026-08-03 09:02:34,LOT_A,RCP_01,64.98816783881998
2026-08-03 09:02:35,LOT_A,RCP_01,65.38894458098757
2026-08-03 09:02:36,LOT_A,RCP_01,65.02866039472403
2026-08-03 09:02:37,LOT_A,RCP_01,65.21620269242507
2026-08-03 09:02:38,LOT_A,RCP_01,64.89015496832138
2026-08-03 09:02:39,LOT_A,RCP_01,64.73931237138825
2026-08-03 09:02:40,LOT_A,RCP_01,64.78767431230888
2026-08-03 09:02:41,LOT_A,RCP_01,64.84045026580213
2026-08-03 09:02:42,LOT_A,RCP_01,65.46826334113574
2026-08-03 09:02:43,LOT_A,RCP_01,64.81929493057063
2026-08-03 09:02:44,LOT_A,RCP_01,65.18446762482199
2026-08-03 09:02:45,LOT_A,RCP_01,64.80135602082085
2026-08-03 09:02:46,LOT_A,RCP_01,65.20494606283233
2026-08-03 09:02:47,LOT_A,RCP_01,65.0846892125433
2026-08-03 09:02:48,LOT_A,RCP_01,64.96553966251523
2026-08-03 09:02:49,LOT_A,RCP_01,64.9910322442502
2026-08-03 09:02:50,LOT_A,RCP_01,64.85594670700553
2026-08-03 09:02:51,LOT_A,RCP_01,65.09813588432606
2026-08-03 09:02:52,LOT_A,RCP_01,64.89990363432503
2026-08-03 09:02:53,LOT_A,RCP_01,64.7303667319712
2026-08-03 09:02:54,LOT_A,RCP_01,64.71885373364968
2026-08-03 09:02:55,LOT_A,RCP_01,65.03796934189887
2026-08-03 09:02:56,LOT_A,RCP_01,65.3474000764103
2026-08-03 09:02:57,LOT_A,RCP_01,65.03519815498616
2026-08-03 09:02:58,LOT_A,RCP_01,64.97389956825583
2026-08-03 09:02:59,LOT_A,RCP_01,65.06288175071256
2026-08-03 09:03:00,LOT_A,RCP_01,65.2873203831755
2026-08-03 09:03:01,LOT_A,RCP_01,65.04826415030004
2026-08-03 09:03:02,LOT_A,RCP_01,64.90959600921657
2026-08-03 09:03:03,LOT_A,RCP_01,65.24338351621317
2026-08-03 09:03:04,LOT_A,RCP_01,65.09432641646156
2026-08-03 09:03:05,LOT_A,RCP_01,65.33786631823912
2026-08-03 09:03:06,LOT_A,RCP_01,65.04031157618881
2026-08-03 09:03:07,LOT_A,RCP_01,64.73061681302148
2026-08-03 09:03:08,LOT_A,RCP_01,64.69900497616595
2026-08-03 09:03:09,LOT_A,RCP_01,65.36320414509088
2026-08-03 09:03:10,LOT_A,RCP_01,65.37920645857233
2026-08-03 09:03:11,LOT_A,RCP_01,64.96050577307783
2026-08-03 09:03:12,LOT_A,RCP_01,64.91569878935009
2026-08-03 09:03:13,LOT_A,RCP_01,65.32151774429329
2026-08-03 09:03:14,LOT_A,RCP_01,64.75644994995044
2026-08-03 09:03:15,LOT_A,RCP_01,64.80316005582972
2026-08-03 09:03:16,LOT_A,RCP_01,65.14153189483159
2026-08-03 09:03:17,LOT_A,RCP_01,64.9131868729709
2026-08-03 09:03:18,LOT_A,RCP_01,64.99887318932159
2026-08-03 09:03:19,LOT_A,RCP_01,64.96404256232461
2026-08-03 09:03:20,LOT_A,RCP_01,65.07426640073577
2026-08-03 09:03:21,LOT_A,RCP_01,65.30964600948901
2026-08-03 09:03:22,LOT_A,RCP_01,65.01992867951839
2026-08-03 09:03:23,LOT_A,RCP_01,65.14166653452091
2026-08-03 09:03:24,LOT_A,RCP_01,64.54896213777317
2026-08-03 09:03:25,LOT_A,RCP_01,64.98928195157538
2026-08-03 09:03:26,LOT_A,RCP_01,64.81448934053557
2026-08-03 09:03:27,LOT_A,RCP_01,64.7318611267068
2026-08-03 09:03:28,LOT_A,RCP_01,64.80680647927568
2026-08-03 09:03:29,LOT_A,RCP_01,64.92649284304582
2026-08-03 09:03:30,LOT_A,RCP_01,65.20149855931832
2026-08-03 09:03:31,LOT_A,RCP_01,64.7081936020973
2026-08-03 09:03:32,LOT_A,RCP_01,65.00673892837077
2026-08-03 09:03:33,LOT_A,RCP_01,64.89348272466661
2026-08-03 09:03:34,LOT_A,RCP_01,64.92791191924037
2026-08-03 09:03:35,LOT_A,RCP_01,65.22060672156701
2026-08-03 09:03:36,LOT_A,RCP_01,65.11838539614087
2026-08-03 09:03:37,LOT_A,RCP_01,65.29422758363741
2026-08-03 09:03:38,LOT_A,RCP_01,64.96600875056502
2026-08-03 09:03:39,LOT_A,RCP_01,64.84689262543245
2026-08-03 09:03:40,LOT_A,RCP_01,64.9507510602863
2026-08-03 09:03:41,LOT_A,RCP_01,65.05334929407967
2026-08-03 09:03:42,LOT_A,RCP_01,65.03884613885981
2026-08-03 09:03:43,LOT_A,RCP_01,64.76143462410866
2026-08-03 09:03:44,LOT_A,RCP_01,65.01990775195813
2026-08-03 09:03:45,LOT_A,RCP_01,65.05021023263056
2026-08-03 09:03:46,LOT_A,RCP_01,65.55384428825747
2026-08-03 09:03:47,LOT_A,RCP_01,65.41290581448197
2026-08-03 09:03:48,LOT_A,RCP_01,64.81228646287705
2026-08-03 09:03:49,LOT_A,RCP_01,64.93677566045918
2026-08-03 09:03:50,LOT_A,RCP_01,64.67804275959585
2026-08-03 09:03:51,LOT_A,RCP_01,64.87004445692803
2026-08-03 09:03:52,LOT_A,RCP_01,65.06943310078988
2026-08-03 09:03:53,LOT_A,RCP_01,65.26528779659542
2026-08-03 09:03:54,LOT_A,RCP_01,64.8396015556964
2026-08-03 09:03:55,LOT_A,RCP_01,64.85608778318509
2026-08-03 09:03:56,LOT_A,RCP_01,64.5275964134575
2026-08-03 09:03:57,LOT_A,RCP_01,64.96421349748012
2026-08-03 09:03:58,LOT_A,RCP_01,64.7662688293909
2026-08-03 09:03:59,LOT_A,RCP_01,64.88352332597947
2026-08-03 09:04:00,LOT_A,RCP_01,64.80709062880312
2026-08-03 09:04:01,LOT_A,RCP_01,64.97926223806444
2026-08-03 09:04:02,LOT_A,RCP_01,64.61329975390154
2026-08-03 09:04:03,LOT_A,RCP_01,64.67725004601398
2026-08-03 09:04:04,LOT_A,RCP_01,65.46843436464623
2026-08-03 09:04:05,LOT_A,RCP_01,64.71676703211972
2026-08-03 09:04:06,LOT_A,RCP_01,64.75870717273997
2026-08-03 09:04:07,LOT_A,RCP_01,65.40412097623069
2026-08-03 09:04:08,LOT_A,RCP_01,65.63911477723289
2026-08-03 09:04:09,LOT_A,RCP_01,64.74225534165842
2026-08-03 09:04:10,LOT_B,RCP_01,65.07689029209936
2026-08-03 09:04:11,LOT_B,RCP_01,65.27563555426335
2026-08-03 09:04:12,LOT_B,RCP_01,65.66403534043357
2026-08-03 09:04:13,LOT_B,RCP_01,64.9036800180401
2026-08-03 09:04:14,LOT_B,RCP_01,65.11132220313621
2026-08-03 09:04:15,LOT_B,RCP_01,65.3976545212973
2026-08-03 09:04:16,LOT_B,RCP_01,65.30173450085066
2026-08-03 09:04:17,LOT_B,RCP_01,65.07467630005559
2026-08-03 09:04:18,LOT_B,RCP_01,65.14252956993552
2026-08-03 09:04:19,LOT_B,RCP_01,64.79502917365642
2026-08-03 09:04:20,LOT_B,RCP_01,65.1133113516871
2026-08-03 09:04:21,LOT_B,RCP_01,65.1054115027975
2026-08-03 09:04:22,LOT_B,RCP_01,65.24500756909536
2026-08-03 09:04:23,LOT_B,RCP_01,65.02450837873069
2026-08-03 09:04:24,LOT_B,RCP_01,65.31203078631265
2026-08-03 09:04:25,LOT_B,RCP_01,65.46356042898955
2026-08-03 09:04:26,LOT_B,RCP_01,65.22352021174717
2026-08-03 09:04:27,LOT_B,RCP_01,65.27849179435178
2026-08-03 09:04:28,LOT_B,RCP_01,65.19488349732181
2026-08-03 09:04:29,LOT_B,RCP_01,65.1800236300656
2026-08-03 09:04:30,LOT_B,RCP_01,64.97796375060801
2026-08-03 09:04:31,LOT_B,RCP_01,65.26861839326854
2026-08-03 09:04:32,LOT_B,RCP_01,65.15275975244423
2026-08-03 09:04:33,LOT_B,RCP_01,65.76608712650058
2026-08-03 09:04:34,LOT_B,RCP_01,65.62053937269307
2026-08-03 09:04:35,LOT_B,RCP_01,65.28803703471583
2026-08-03 09:04:36,LOT_B,RCP_01,64.96634398128548
2026-08-03 09:04:37,LOT_B,RCP_01,64.86852478784465
2026-08-03 09:04:38,LOT_B,RCP_01,65.5135200268649
2026-08-03 09:04:39,LOT_B,RCP_01,65.2535697830412
2026-08-03 09:04:40,LOT_B,RCP_01,65.31444015294966
2026-08-03 09:04:41,LOT_B,RCP_01,64.69151592364723
2026-08-03 09:04:42,LOT_B,RCP_01,65.4396827748363
2026-08-03 09:04:43,LOT_B,RCP_01,65.30723769470004
2026-08-03 09:04:44,LOT_B,RCP_01,64.86907940836396
2026-08-03 09:04:45,LOT_B,RCP_01,65.04797305391402
2026-08-03 09:04:46,LOT_B,RCP_01,65.25384081721984
2026-08-03 09:04:47,LOT_B,RCP_01,65.19469070353975
2026-08-03 09:04:48,LOT_B,RCP_01,65.098192067975
2026-08-03 09:04:49,LOT_B,RCP_01,65.15102328494154
2026-08-03 09:04:50,LOT_B,RCP_01,65.10944633410207
2026-08-03 09:04:51,LOT_B,RCP_01,65.2227175033887
2026-08-03 09:04:52,LOT_B,RCP_01,65.5920177524381
2026-08-03 09:04:53,LOT_B,RCP_01,64.46133563653925
2026-08-03 09:04:54,LOT_B,RCP_01,65.1136819259373
2026-08-03 09:04:55,LOT_B,RCP_01,65.2294234779843
2026-08-03 09:04:56,LOT_B,RCP_01,65.2628783171124
2026-08-03 09:04:57,LOT_B,RCP_01,65.07586391723005
2026-08-03 09:04:58,LOT_B,RCP_01,64.68811790090601
2026-08-03 09:04:59,LOT_B,RCP_01,65.27183873543996
2026-08-03 09:05:00,LOT_B,RCP_01,65.66365805996598
2026-08-03 09:05:01,LOT_B,RCP_01,64.75051880662349
2026-08-03 09:05:02,LOT_B,RCP_01,65.4218718438355
2026-08-03 09:05:03,LOT_B,RCP_01,65.08801293752559
2026-08-03 09:05:04,LOT_B,RCP_01,65.16282918316793
2026-08-03 09:05:05,LOT_B,RCP_01,64.88518841700291
2026-08-03 09:05:06,LOT_B,RCP_01,65.08635227174037
2026-08-03 09:05:07,LOT_B,RCP_01,65.54401248651571
2026-08-03 09:05:08,LOT_B,RCP_01,65.34314346775656
2026-08-03 09:05:09,LOT_B,RCP_01,65.66504724951479
2026-08-03 09:05:10,LOT_B,RCP_01,65.50967532891376
2026-08-03 09:05:11,LOT_B,RCP_01,65.30294427010028
2026-08-03 09:05:12,LOT_B,RCP_01,65.66830166732699
2026-08-03 09:05:13,LOT_B,RCP_01,65.30291808444673
2026-08-03 09:05:14,LOT_B,RCP_01,65.41183668950319
2026-08-03 09:05:15,LOT_B,RCP_01,65.09696013301028
2026-08-03 09:05:16,LOT_B,RCP_01,65.19863282844058
2026-08-03 09:05:17,LOT_B,RCP_01,64.98472132947593
2026-08-03 09:05:18,LOT_B,RCP_01,65.45708350168657
2026-08-03 09:05:19,LOT_B,RCP_01,64.85007498552784
2026-08-03 09:05:20,LOT_B,RCP_01,65.39905809587695
2026-08-03 09:05:21,LOT_B,RCP_01,65.12661770389856
2026-08-03 09:05:22,LOT_B,RCP_01,65.50794918617086
2026-08-03 09:05:23,LOT_B,RCP_01,65.39024331684476
2026-08-03 09:05:24,LOT_B,RCP_01,65.68978092414112
2026-08-03 09:05:25,LOT_B,RCP_01,65.38461691351883
2026-08-03 09:05:26,LOT_B,RCP_01,64.7398287284171
2026-08-03 09:05:27,LOT_B,RCP_01,65.16125311158851
2026-08-03 09:05:28,LOT_B,RCP_01,64.85183798607346
2026-08-03 09:05:29,LOT_B,RCP_01,65.03488164413746
2026-08-03 09:05:30,LOT_B,RCP_01,65.60314396131749
2026-08-03 09:05:31,LOT_B,RCP_01,65.35850946705136
2026-08-03 09:05:32,LOT_B,RCP_01,64.98429947999796
2026-08-03 09:05:33,LOT_B,RCP_01,64.8961591373967
2026-08-03 09:05:34,LOT_B,RCP_01,65.18917898600536
2026-08-03 09:05:35,LOT_B,RCP_01,64.83936315817328
2026-08-03 09:05:36,LOT_B,RCP_01,64.99208072232896
2026-08-03 09:05:37,LOT_B,RCP_01,65.26736265203435
2026-08-03 09:05:38,LOT_B,RCP_01,65.50348737010988
2026-08-03 09:05:39,LOT_B,RCP_01,65.35045321222285
2026-08-03 09:05:40,LOT_B,RCP_01,64.53843893759255
2026-08-03 09:05:41,LOT_B,RCP_01,65.26522268412847
2026-08-03 09:05:42,LOT_B,RCP_01,65.20016940050513
2026-08-03 09:05:43,LOT_B,RCP_01,65.29588927990436
2026-08-03 09:05:44,LOT_B,RCP_01,65.63253871086235
2026-08-03 09:05:45,LOT_B,RCP_01,64.60229328249468
2026-08-03 09:05:46,LOT_B,RCP_01,65.0144910409465
2026-08-03 09:05:47,LOT_B,RCP_01,65.34545377038215
2026-08-03 09:05:48,LOT_B,RCP_01,64.7371535681529
2026-08-03 09:05:49,LOT_B,RCP_01,65.59326573345498
2026-08-03 09:05:50,LOT_B,RCP_01,65.28313985155619
2026-08-03 09:05:51,LOT_B,RCP_01,65.41704351603616
2026-08-03 09:05:52,LOT_B,RCP_01,65.0201357747739
2026-08-03 09:05:53,LOT_B,RCP_01,65.40785383319054
2026-08-03 09:05:54,LOT_B,RCP_01,65.47917203567694
2026-08-03 09:05:55,LOT_B,RCP_01,65.24520584563841
2026-08-03 09:05:56,LOT_B,RCP_01,65.24563224995565
2026-08-03 09:05:57,LOT_B,RCP_01,65.25569610699888
2026-08-03 09:05:58,LOT_B,RCP_01,64.93826332587298
2026-08-03 09:05:59,LOT_B,RCP_01,65.1386919695327
2026-08-03 09:06:00,LOT_B,RCP_01,65.13729369091335
2026-08-03 09:06:01,LOT_B,RCP_01,65.28735028201899
2026-08-03 09:06:02,LOT_B,RCP_01,65.4599507891349
2026-08-03 09:06:03,LOT_B,RCP_01,64.88360989704606
2026-08-03 09:06:04,LOT_B,RCP_01,65.14499747151052
2026-08-03 09:06:05,LOT_B,RCP_01,65.59480755334452
2026-08-03 09:06:06,LOT_B,RCP_01,64.9717952959325
2026-08-03 09:06:07,LOT_B,RCP_01,64.94976999515872
2026-08-03 09:06:08,LOT_B,RCP_01,65.23664573371273
2026-08-03 09:06:09,LOT_B,RCP_01,65.41642785333589
2026-08-03 09:06:10,LOT_B,RCP_01,65.18319929555699
2026-08-03 09:06:11,LOT_B,RCP_01,65.55210896532236
2026-08-03 09:06:12,LOT_B,RCP_01,65.41990231511863
2026-08-03 09:06:13,LOT_B,RCP_01,65.41570961872922
2026-08-03 09:06:14,LOT_B,RCP_01,65.33515262037075
2026-08-03 09:06:15,LOT_B,RCP_01,65.83174286809691
2026-08-03 09:06:16,LOT_B,RCP_01,65.12255472711752
2026-08-03 09:06:17,LOT_B,RCP_01,64.61901375822139
2026-08-03 09:06:18,LOT_B,RCP_01,65.6291912212248
2026-08-03 09:06:19,LOT_B,RCP_01,65.05184415933209
2026-08-03 09:06:20,LOT_B,RCP_01,65.21020652441605
2026-08-03 09:06:21,LOT_B,RCP_01,65.54667419176096
2026-08-03 09:06:22,LOT_B,RCP_01,64.73136732850351
2026-08-03 09:06:23,LOT_B,RCP_01,64.82953878005029
2026-08-03 09:06:24,LOT_B,RCP_01,64.73164217760673
2026-08-03 09:06:25,LOT_B,RCP_01,64.95764183879288
2026-08-03 09:06:26,LOT_B,RCP_01,65.30309824968477
2026-08-03 09:06:27,LOT_B,RCP_01,65.32677259598758
2026-08-03 09:06:28,LOT_B,RCP_01,65.257356770212
2026-08-03 09:06:29,LOT_B,RCP_01,64.78442555251014
2026-08-03 09:06:30,LOT_B,RCP_01,64.53317103774286
2026-08-03 09:06:31,LOT_B,RCP_01,65.19521900390932
2026-08-03 09:06:32,LOT_B,RCP_01,65.04790271058127
2026-08-03 09:06:33,LOT_B,RCP_01,65.30862801608066
2026-08-03 09:06:34,LOT_B,RCP_01,65.37654701534196
2026-08-03 09:06:35,LOT_B,RCP_01,65.21870760097644
2026-08-03 09:06:36,LOT_B,RCP_01,65.39283726390525
2026-08-03 09:06:37,LOT_B,RCP_01,65.24417918475223
2026-08-03 09:06:38,LOT_B,RCP_01,65.32841811756842
2026-08-03 09:06:39,LOT_B,RCP_01,64.98269148639643
2026-08-03 09:06:40,LOT_B,RCP_01,65.1297088041272
2026-08-03 09:06:41,LOT_B,RCP_01,65.23509730706395
2026-08-03 09:06:42,LOT_B,RCP_01,65.40974797311688
2026-08-03 09:06:43,LOT_B,RCP_01,65.06975247177712
2026-08-03 09:06:44,LOT_B,RCP_01,65.325926831605
2026-08-03 09:06:45,LOT_B,RCP_01,65.1055651382637
2026-08-03 09:06:46,LOT_B,RCP_01,65.14708819314814
2026-08-03 09:06:47,LOT_B,RCP_01,65.41226533176675
2026-08-03 09:06:48,LOT_B,RCP_01,64.62194309610484
2026-08-03 09:06:49,LOT_B,RCP_01,64.81698774813907
2026-08-03 09:06:50,LOT_B,RCP_01,64.76498808871602
2026-08-03 09:06:51,LOT_B,RCP_01,64.52658748644248
2026-08-03 09:06:52,LOT_B,RCP_01,64.99008595675656
2026-08-03 09:06:53,LOT_B,RCP_01,65.38984149192378
2026-08-03 09:06:54,LOT_B,RCP_01,65.10023246141289
2026-08-03 09:06:55,LOT_B,RCP_01,65.23538122294373
2026-08-03 09:06:56,LOT_B,RCP_01,65.48498089907903
2026-08-03 09:06:57,LOT_B,RCP_01,65.55175211703497
2026-08-03 09:06:58,LOT_B,RCP_01,65.1606413782767
2026-08-03 09:06:59,LOT_B,RCP_01,65.55900404907943
2026-08-03 09:07:00,LOT_B,RCP_01,65.20579546436156
2026-08-03 09:07:01,LOT_B,RCP_01,64.94552849732831
2026-08-03 09:07:02,LOT_B,RCP_01,65.01356790138436
2026-08-03 09:07:03,LOT_B,RCP_01,64.7654497764818
2026-08-03 09:07:04,LOT_B,RCP_01,64.93132252095458
2026-08-03 09:07:05,LOT_B,RCP_01,65.07975532733917
2026-08-03 09:07:06,LOT_B,RCP_01,65.40500380542602
2026-08-03 09:07:07,LOT_B,RCP_01,65.66181555272648
2026-08-03 09:07:08,LOT_B,RCP_01,64.79298917569443
2026-08-03 09:07:09,LOT_B,RCP_01,65.28999169111279
2026-08-03 09:07:10,LOT_B,RCP_01,64.88864769703589
2026-08-03 09:07:11,LOT_B,RCP_01,65.31291518476971
2026-08-03 09:07:12,LOT_B,RCP_01,65.14329573780745
2026-08-03 09:07:13,LOT_B,RCP_01,64.6673463687627
2026-08-03 09:07:14,LOT_B,RCP_01,65.43992315763919
2026-08-03 09:07:15,LOT_B,RCP_01,65.01059980041356
2026-08-03 09:07:16,LOT_B,RCP_01,65.03050793325541
2026-08-03 09:07:17,LOT_B,RCP_01,64.8804693248389
2026-08-03 09:07:18,LOT_B,RCP_01,64.99680068252749
2026-08-03 09:07:19,LOT_B,RCP_01,65.29980932339458
2026-08-03 09:07:20,LOT_B,RCP_01,65.12701158453781
2026-08-03 09:07:21,LOT_B,RCP_01,65.2720253606391
2026-08-03 09:07:22,LOT_B,RCP_01,65.28133811910008
2026-08-03 09:07:23,LOT_B,RCP_01,65.54978526354789
2026-08-03 09:07:24,LOT_B,RCP_01,65.08401987775798
2026-08-03 09:07:25,LOT_B,RCP_01,64.7664798112832
2026-08-03 09:07:26,LOT_B,RCP_01,65.47882227664016
2026-08-03 09:07:27,LOT_B,RCP_01,65.08718331181278
2026-08-03 09:07:28,LOT_B,RCP_01,65.49208588448167
2026-08-03 09:07:29,LOT_B,RCP_01,65.28734559169109
2026-08-03 09:07:30,LOT_B,RCP_01,65.14328149154306
2026-08-03 09:07:31,LOT_B,RCP_01,65.27765725033296
2026-08-03 09:07:32,LOT_B,RCP_01,65.72628351683537
2026-08-03 09:07:33,LOT_B,RCP_01,65.76155454813505
2026-08-03 09:07:34,LOT_B,RCP_01,65.19942671783718
2026-08-03 09:07:35,LOT_B,RCP_01,65.22485336612878
2026-08-03 09:07:36,LOT_B,RCP_01,65.4813472440906
2026-08-03 09:07:37,LOT_B,RCP_01,64.94321491082515
2026-08-03 09:07:38,LOT_B,RCP_01,65.27325970433311
2026-08-03 09:07:39,LOT_B,RCP_01,65.17275840257292
2026-08-03 09:07:40,LOT_B,RCP_01,65.26789429920812
2026-08-03 09:07:41,LOT_B,RCP_01,64.94665673433417
2026-08-03 09:07:42,LOT_B,RCP_01,64.7349211018735
2026-08-03 09:07:43,LOT_B,RCP_01,64.59956463792244
2026-08-03 09:07:44,LOT_B,RCP_01,64.86713244836292
2026-08-03 09:07:45,LOT_B,RCP_01,65.05157092021699
2026-08-03 09:07:46,LOT_B,RCP_01,65.09790635573836
2026-08-03 09:07:47,LOT_B,RCP_01,65.72242472548027
2026-08-03 09:07:48,LOT_B,RCP_01,65.48967814357405
2026-08-03 09:07:49,LOT_B,RCP_01,64.91061448742435
2026-08-03 09:07:50,LOT_B,RCP_01,65.27735836668627
2026-08-03 09:07:51,LOT_B,RCP_01,65.06601809382191
2026-08-03 09:07:52,LOT_B,RCP_01,65.10037812534878
2026-08-03 09:07:53,LOT_B,RCP_01,65.23189118183632
2026-08-03 09:07:54,LOT_B,RCP_01,65.35336791275311
2026-08-03 09:07:55,LOT_B,RCP_01,65.08500762451249
2026-08-03 09:07:56,LOT_B,RCP_01,65.47787842916563
2026-08-03 09:07:57,LOT_B,RCP_01,64.86025729668013
2026-08-03 09:07:58,LOT_B,RCP_01,65.18177493746144
2026-08-03 09:07:59,LOT_B,RCP_01,65.90734864344684
2026-08-03 09:08:00,LOT_B,RCP_01,65.24246232793509
2026-08-03 09:08:01,LOT_B,RCP_01,65.58130006184973
2026-08-03 09:08:02,LOT_B,RCP_01,65.2056256498885
2026-08-03 09:08:03,LOT_B,RCP_01,65.34261758669236
2026-08-03 09:08:04,LOT_B,RCP_01,65.16410070557005
2026-08-03 09:08:05,LOT_B,RCP_01,65.13228587727403
2026-08-03 09:08:06,LOT_B,RCP_01,64.96174492891689
2026-08-03 09:08:07,LOT_B,RCP_01,65.30048438050812
2026-08-03 09:08:08,LOT_B,RCP_01,64.94156958702798
2026-08-03 09:08:09,LOT_B,RCP_01,65.36636386616777
2026-08-03 09:08:10,LOT_B,RCP_01,65.48388036124486
2026-08-03 09:08:11,LOT_B,RCP_01,65.28262879402644
2026-08-03 09:08:12,LOT_B,RCP_01,65.09985035460441
2026-08-03 09:08:13,LOT_B,RCP_01,65.30711036220644
2026-08-03 09:08:14,LOT_B,RCP_01,65.09357154444702
2026-08-03 09:08:15,LOT_B,RCP_01,65.44195319513025
2026-08-03 09:08:16,LOT_B,RCP_01,64.66720629641978
2026-08-03 09:08:17,LOT_B,RCP_01,65.08602993692679
2026-08-03 09:08:18,LOT_B,RCP_01,64.62257264136528
2026-08-03 09:08:19,LOT_B,RCP_01,64.76138296753639
2026-08-03 09:08:20,LOT_C,RCP_02,65.19735178043487
2026-08-03 09:08:21,LOT_C,RCP_02,65.03331474369008
2026-08-03 09:08:22,LOT_C,RCP_02,64.46818191835033
2026-08-03 09:08:23,LOT_C,RCP_02,64.19412379038569
2026-08-03 09:08:24,LOT_C,RCP_02,63.68241490675542
2026-08-03 09:08:25,LOT_C,RCP_02,64.52977657222358
2026-08-03 09:08:26,LOT_C,RCP_02,65.56714525428659
2026-08-03 09:08:27,LOT_C,RCP_02,64.87220949501227
2026-08-03 09:08:28,LOT_C,RCP_02,64.52414969988267
2026-08-03 09:08:29,LOT_C,RCP_02,64.88277807332511
2026-08-03 09:08:30,LOT_C,RCP_02,64.17366457645194
2026-08-03 09:08:31,LOT_C,RCP_02,64.61593682305583
2026-08-03 09:08:32,LOT_C,RCP_02,64.75481711555551
2026-08-03 09:08:33,LOT_C,RCP_02,64.68986477186263
2026-08-03 09:08:34,LOT_C,RCP_02,64.99678214259153
2026-08-03 09:08:35,LOT_C,RCP_02,64.84062582918261
2026-08-03 09:08:36,LOT_C,RCP_02,64.95391410633779
2026-08-03 09:08:37,LOT_C,RCP_02,64.47906970121923
2026-08-03 09:08:38,LOT_C,RCP_02,65.03423539294369
2026-08-03 09:08:39,LOT_C,RCP_02,65.2901279316684
2026-08-03 09:08:40,LOT_C,RCP_02,64.380447668122
2026-08-03 09:08:41,LOT_C,RCP_02,64.4093065204999
2026-08-03 09:08:42,LOT_C,RCP_02,65.18752451771208
2026-08-03 09:08:43,LOT_C,RCP_02,64.65302960465672
2026-08-03 09:08:44,LOT_C,RCP_02,65.21133748722329
2026-08-03 09:08:45,LOT_C,RCP_02,64.56511250083773
2026-08-03 09:08:46,LOT_C,RCP_02,65.22926595169474
2026-08-03 09:08:47,LOT_C,RCP_02,64.76602003588191
2026-08-03 09:08:48,LOT_C,RCP_02,64.81038008816294
2026-08-03 09:08:49,LOT_C,RCP_02,65.26765130758446
2026-08-03 09:08:50,LOT_C,RCP_02,64.59338033289454
2026-08-03 09:08:51,LOT_C,RCP_02,64.39060726642626
2026-08-03 09:08:52,LOT_C,RCP_02,64.56300252719008
2026-08-03 09:08:53,LOT_C,RCP_02,64.8783168827251
2026-08-03 09:08:54,LOT_C,RCP_02,64.17198432473683
2026-08-03 09:08:55,LOT_C,RCP_02,64.94311481592788
2026-08-03 09:08:56,LOT_C,RCP_02,64.53143003883379
2026-08-03 09:08:57,LOT_C,RCP_02,65.12173443125674
2026-08-03 09:08:58,LOT_C,RCP_02,63.882008893284834
2026-08-03 09:08:59,LOT_C,RCP_02,64.44470197871354
2026-08-03 09:09:00,LOT_C,RCP_02,64.12973614706806
2026-08-03 09:09:01,LOT_C,RCP_02,64.43081968677262
2026-08-03 09:09:02,LOT_C,RCP_02,64.80668306538813
2026-08-03 09:09:03,LOT_C,RCP_02,64.65727068109258
2026-08-03 09:09:04,LOT_C,RCP_02,64.6313178508682
2026-08-03 09:09:05,LOT_C,RCP_02,64.66428529501698
2026-08-03 09:09:06,LOT_C,RCP_02,64.79118588421697
2026-08-03 09:09:07,LOT_C,RCP_02,64.36701238531991
2026-08-03 09:09:08,LOT_C,RCP_02,64.96739737431467
2026-08-03 09:09:09,LOT_C,RCP_02,64.95193308963492
2026-08-03 09:09:10,LOT_C,RCP_02,63.75476327817963
2026-08-03 09:09:11,LOT_C,RCP_02,64.91478670496294
2026-08-03 09:09:12,LOT_C,RCP_02,64.82374630028303
2026-08-03 09:09:13,LOT_C,RCP_02,65.43227565595588
2026-08-03 09:09:14,LOT_C,RCP_02,64.68951704013162
2026-08-03 09:09:15,LOT_C,RCP_02,64.6125208735829
2026-08-03 09:09:16,LOT_C,RCP_02,64.45626534687491
2026-08-03 09:09:17,LOT_C,RCP_02,64.35870806529776
2026-08-03 09:09:18,LOT_C,RCP_02,64.28443487433962
2026-08-03 09:09:19,LOT_C,RCP_02,64.40892094036917
2026-08-03 09:09:20,LOT_C,RCP_02,64.69526186642177
2026-08-03 09:09:21,LOT_C,RCP_02,64.8370032949742
2026-08-03 09:09:22,LOT_C,RCP_02,64.73789972049326
2026-08-03 09:09:23,LOT_C,RCP_02,64.4520626528996
2026-08-03 09:09:24,LOT_C,RCP_02,65.03506459740699
2026-08-03 09:09:25,LOT_C,RCP_02,64.97879443530533
2026-08-03 09:09:26,LOT_C,RCP_02,64.66412309240229
2026-08-03 09:09:27,LOT_C,RCP_02,64.49147934936735
2026-08-03 09:09:28,LOT_C,RCP_02,64.91194977229043
2026-08-03 09:09:29,LOT_C,RCP_02,64.78579075562014
2026-08-03 09:09:30,LOT_C,RCP_02,64.21315545920473
2026-08-03 09:09:31,LOT_C,RCP_02,64.69620691040545
2026-08-03 09:09:32,LOT_C,RCP_02,64.81171253422603
2026-08-03 09:09:33,LOT_C,RCP_02,64.40510682472929
2026-08-03 09:09:34,LOT_C,RCP_02,64.7864451874931
2026-08-03 09:09:35,LOT_C,RCP_02,64.21081213015977
2026-08-03 09:09:36,LOT_C,RCP_02,65.18766513500425
2026-08-03 09:09:37,LOT_C,RCP_02,65.1567824947708
2026-08-03 09:09:38,LOT_C,RCP_02,64.63161893299396
2026-08-03 09:09:39,LOT_C,RCP_02,64.84720901824367
2026-08-03 09:09:40,LOT_C,RCP_02,63.876527311970044
2026-08-03 09:09:41,LOT_C,RCP_02,64.31527831890713
2026-08-03 09:09:42,LOT_C,RCP_02,64.61717737794676
2026-08-03 09:09:43,LOT_C,RCP_02,64.3447534425006
2026-08-03 09:09:44,LOT_C,RCP_02,64.97003876892073
2026-08-03 09:09:45,LOT_C,RCP_02,65.41905378576179
2026-08-03 09:09:46,LOT_C,RCP_02,64.30818484819974
2026-08-03 09:09:47,LOT_C,RCP_02,64.42688780857019
2026-08-03 09:09:48,LOT_C,RCP_02,64.80240692890847
2026-08-03 09:09:49,LOT_C,RCP_02,65.28389065197487
2026-08-03 09:09:50,LOT_C,RCP_02,64.29216899061103
2026-08-03 09:09:51,LOT_C,RCP_02,64.80716264280743
2026-08-03 09:09:52,LOT_C,RCP_02,65.35745459778458
2026-08-03 09:09:53,LOT_C,RCP_02,64.14188429813726
2026-08-03 09:09:54,LOT_C,RCP_02,64.27162577760396
2026-08-03 09:09:55,LOT_C,RCP_02,64.5717376877387
2026-08-03 09:09:56,LOT_C,RCP_02,64.53779405550061
2026-08-03 09:09:57,LOT_C,RCP_02,65.00441045071378
2026-08-03 09:09:58,LOT_C,RCP_02,64.80458090193729
2026-08-03 09:09:59,LOT_C,RCP_02,64.09876327912525
2026-08-03 09:10:00,LOT_C,RCP_02,64.90039364101528
2026-08-03 09:10:01,LOT_C,RCP_02,64.51786138942552
2026-08-03 09:10:02,LOT_C,RCP_02,65.16605652592943
2026-08-03 09:10:03,LOT_C,RCP_02,64.50034436224708
2026-08-03 09:10:04,LOT_C,RCP_02,64.49718465091422
2026-08-03 09:10:05,LOT_C,RCP_02,64.90939606378159
2026-08-03 09:10:06,LOT_C,RCP_02,64.98702426881793
2026-08-03 09:10:07,LOT_C,RCP_02,64.87683477737767
2026-08-03 09:10:08,LOT_C,RCP_02,64.13004093891531
2026-08-03 09:10:09,LOT_C,RCP_02,64.90831205397488
2026-08-03 09:10:10,LOT_C,RCP_02,64.35799218191396
2026-08-03 09:10:11,LOT_C,RCP_02,64.8023466390559
2026-08-03 09:10:12,LOT_C,RCP_02,64.22169294761032
2026-08-03 09:10:13,LOT_C,RCP_02,64.87621275164007
2026-08-03 09:10:14,LOT_C,RCP_02,64.43769038349242
2026-08-03 09:10:15,LOT_C,RCP_02,64.27107787240881
2026-08-03 09:10:16,LOT_C,RCP_02,64.96983704776883
2026-08-03 09:10:17,LOT_C,RCP_02,64.80457558258686
2026-08-03 09:10:18,LOT_C,RCP_02,64.50510811951249
2026-08-03 09:10:19,LOT_C,RCP_02,65.22791259715737
2026-08-03 09:10:20,LOT_C,RCP_02,64.5657716524506
2026-08-03 09:10:21,LOT_C,RCP_02,64.73123768588982
2026-08-03 09:10:22,LOT_C,RCP_02,64.8141197066875
2026-08-03 09:10:23,LOT_C,RCP_02,64.50311692305499
2026-08-03 09:10:24,LOT_C,RCP_02,64.88489770268997
2026-08-03 09:10:25,LOT_C,RCP_02,64.53329167849235
2026-08-03 09:10:26,LOT_C,RCP_02,64.57592658722433
2026-08-03 09:10:27,LOT_C,RCP_02,65.19692492393116
2026-08-03 09:10:28,LOT_C,RCP_02,64.35579488162065
2026-08-03 09:10:29,LOT_C,RCP_02,63.875526884174676
2026-08-03 09:10:30,LOT_C,RCP_02,65.28382794825416
2026-08-03 09:10:31,LOT_C,RCP_02,65.61226478341246
2026-08-03 09:10:32,LOT_C,RCP_02,64.57815575709273
2026-08-03 09:10:33,LOT_C,RCP_02,64.04210668578294
2026-08-03 09:10:34,LOT_C,RCP_02,64.61133060833141
2026-08-03 09:10:35,LOT_C,RCP_02,64.61982196755577
2026-08-03 09:10:36,LOT_C,RCP_02,64.65352665564221
2026-08-03 09:10:37,LOT_C,RCP_02,64.33031418532735
2026-08-03 09:10:38,LOT_C,RCP_02,64.92284639986677
2026-08-03 09:10:39,LOT_C,RCP_02,64.90357758135013
2026-08-03 09:10:40,LOT_C,RCP_02,64.19695803306324
2026-08-03 09:10:41,LOT_C,RCP_02,64.96471885609321
2026-08-03 09:10:42,LOT_C,RCP_02,65.43843974368106
2026-08-03 09:10:43,LOT_C,RCP_02,64.78018611635297
2026-08-03 09:10:44,LOT_C,RCP_02,64.60193619327602
2026-08-03 09:10:45,LOT_C,RCP_02,64.67029887495737
2026-08-03 09:10:46,LOT_C,RCP_02,64.935339868439
2026-08-03 09:10:47,LOT_C,RCP_02,64.11426493807247
2026-08-03 09:10:48,LOT_C,RCP_02,64.77753674604206
2026-08-03 09:10:49,LOT_C,RCP_02,64.58333761768802
2026-08-03 09:10:50,LOT_C,RCP_02,65.36673875453461
2026-08-03 09:10:51,LOT_C,RCP_02,64.65903954316826
2026-08-03 09:10:52,LOT_C,RCP_02,65.30376066389184
2026-08-03 09:10:53,LOT_C,RCP_02,64.3336907557763
2026-08-03 09:10:54,LOT_C,RCP_02,64.92554070838098
2026-08-03 09:10:55,LOT_C,RCP_02,64.83179009232693
2026-08-03 09:10:56,LOT_C,RCP_02,64.41583346324732
2026-08-03 09:10:57,LOT_C,RCP_02,64.78208864012292
2026-08-03 09:10:58,LOT_C,RCP_02,65.14438159289107
2026-08-03 09:10:59,LOT_C,RCP_02,64.60667290349969
2026-08-03 09:11:00,LOT_C,RCP_02,64.12781307279059
2026-08-03 09:11:01,LOT_C,RCP_02,64.71385301073289
2026-08-03 09:11:02,LOT_C,RCP_02,64.40415191682261
2026-08-03 09:11:03,LOT_C,RCP_02,64.60018067146764
2026-08-03 09:11:04,LOT_C,RCP_02,64.69144428061021
2026-08-03 09:11:05,LOT_C,RCP_02,64.12302172439456
2026-08-03 09:11:06,LOT_C,RCP_02,64.15451958123776
2026-08-03 09:11:07,LOT_C,RCP_02,64.88872339243393
2026-08-03 09:11:08,LOT_C,RCP_02,64.53704845634061
2026-08-03 09:11:09,LOT_C,RCP_02,63.8223394803628
2026-08-03 09:11:10,LOT_C,RCP_02,64.99469541281285
2026-08-03 09:11:11,LOT_C,RCP_02,64.81532941434598
2026-08-03 09:11:12,LOT_C,RCP_02,64.47014381158723
2026-08-03 09:11:13,LOT_C,RCP_02,64.25910942612961
2026-08-03 09:11:14,LOT_C,RCP_02,65.01253276371001
2026-08-03 09:11:15,LOT_C,RCP_02,64.84227271789615
2026-08-03 09:11:16,LOT_C,RCP_02,65.55391079893943
2026-08-03 09:11:17,LOT_C,RCP_02,64.86706600955372
2026-08-03 09:11:18,LOT_C,RCP_02,64.8556960994417
2026-08-03 09:11:19,LOT_C,RCP_02,64.661575224462
2026-08-03 09:11:20,LOT_C,RCP_02,63.80587155352028
2026-08-03 09:11:21,LOT_C,RCP_02,64.93877982043685
2026-08-03 09:11:22,LOT_C,RCP_02,65.15810375299782
2026-08-03 09:11:23,LOT_C,RCP_02,64.53753697847695
2026-08-03 09:11:24,LOT_C,RCP_02,64.56760738446961
2026-08-03 09:11:25,LOT_C,RCP_02,64.55231389018081
2026-08-03 09:11:26,LOT_C,RCP_02,64.99678060241264
2026-08-03 09:11:27,LOT_C,RCP_02,65.24443105410386
2026-08-03 09:11:28,LOT_C,RCP_02,64.55940582739774
2026-08-03 09:11:29,LOT_C,RCP_02,64.57132919527241
2026-08-03 09:11:30,LOT_C,RCP_02,64.82992702835443
2026-08-03 09:11:31,LOT_C,RCP_02,64.63398347499549
2026-08-03 09:11:32,LOT_C,RCP_02,65.05321877859896
2026-08-03 09:11:33,LOT_C,RCP_02,63.93187794828333
2026-08-03 09:11:34,LOT_C,RCP_02,64.43065323357908
2026-08-03 09:11:35,LOT_C,RCP_02,64.44615428311349
2026-08-03 09:11:36,LOT_C,RCP_02,63.907875395664846
2026-08-03 09:11:37,LOT_C,RCP_02,64.38272654447091
2026-08-03 09:11:38,LOT_C,RCP_02,64.39969535945393
2026-08-03 09:11:39,LOT_C,RCP_02,64.6496133709184
2026-08-03 09:11:40,LOT_C,RCP_02,65.10953806208109
2026-08-03 09:11:41,LOT_C,RCP_02,64.63422877208325
2026-08-03 09:11:42,LOT_C,RCP_02,64.3592151979051
2026-08-03 09:11:43,LOT_C,RCP_02,64.70006591057526
2026-08-03 09:11:44,LOT_C,RCP_02,65.08721076750447
2026-08-03 09:11:45,LOT_C,RCP_02,64.37841441435978
2026-08-03 09:11:46,LOT_C,RCP_02,64.4012987906275
2026-08-03 09:11:47,LOT_C,RCP_02,64.91549213574598
2026-08-03 09:11:48,LOT_C,RCP_02,64.64246235949422
2026-08-03 09:11:49,LOT_C,RCP_02,64.94661964174831
2026-08-03 09:11:50,LOT_C,RCP_02,64.71522362287165
2026-08-03 09:11:51,LOT_C,RCP_02,64.96558227683134
2026-08-03 09:11:52,LOT_C,RCP_02,64.35772266008577
2026-08-03 09:11:53,LOT_C,RCP_02,64.7157703722241
2026-08-03 09:11:54,LOT_C,RCP_02,64.6462584949729
2026-08-03 09:11:55,LOT_C,RCP_02,64.29443817656356
2026-08-03 09:11:56,LOT_C,RCP_02,64.17278271824595
2026-08-03 09:11:57,LOT_C,RCP_02,64.96001216234613
2026-08-03 09:11:58,LOT_C,RCP_02,64.5971666662237
2026-08-03 09:11:59,LOT_C,RCP_02,64.36220190142343
2026-08-03 09:12:00,LOT_C,RCP_02,64.68633737207684
2026-08-03 09:12:01,LOT_C,RCP_02,65.11480660007226
2026-08-03 09:12:02,LOT_C,RCP_02,63.92174175411983
2026-08-03 09:12:03,LOT_C,RCP_02,64.19617645853384
2026-08-03 09:12:04,LOT_C,RCP_02,64.39698974533665
2026-08-03 09:12:05,LOT_C,RCP_02,65.23141260335211
2026-08-03 09:12:06,LOT_C,RCP_02,64.81890544402175
2026-08-03 09:12:07,LOT_C,RCP_02,64.98856103416144
2026-08-03 09:12:08,LOT_C,RCP_02,64.32094367830582
2026-08-03 09:12:09,LOT_C,RCP_02,64.32816244365532
2026-08-03 09:12:10,LOT_C,RCP_02,64.87673480085294
2026-08-03 09:12:11,LOT_C,RCP_02,64.7403960158274
2026-08-03 09:12:12,LOT_C,RCP_02,64.91205858660244
2026-08-03 09:12:13,LOT_C,RCP_02,64.65431515317503
2026-08-03 09:12:14,LOT_C,RCP_02,64.81735030425912
2026-08-03 09:12:15,LOT_C,RCP_02,64.77534167971679
2026-08-03 09:12:16,LOT_C,RCP_02,64.99221858617972
2026-08-03 09:12:17,LOT_C,RCP_02,65.00245289868056
2026-08-03 09:12:18,LOT_C,RCP_02,64.15304480196288
2026-08-03 09:12:19,LOT_C,RCP_02,63.9334560056307
2026-08-03 09:12:20,LOT_C,RCP_02,65.07061088917803
2026-08-03 09:12:21,LOT_C,RCP_02,65.13570378264167
2026-08-03 09:12:22,LOT_C,RCP_02,64.36278194317033
2026-08-03 09:12:23,LOT_C,RCP_02,64.06905760770903
2026-08-03 09:12:24,LOT_C,RCP_02,64.75466218735252
2026-08-03 09:12:25,LOT_C,RCP_02,65.04579337922269
2026-08-03 09:12:26,LOT_C,RCP_02,65.34915808285201
2026-08-03 09:12:27,LOT_C,RCP_02,64.90070415023551
2026-08-03 09:12:28,LOT_C,RCP_02,64.589899156195
2026-08-03 09:12:29,LOT_C,RCP_02,64.4074042824453
2026-08-03 09:12:30,LOT_D,RCP_02,65.45458051666826
2026-08-03 09:12:31,LOT_D,RCP_02,65.3302941184459
2026-08-03 09:12:32,LOT_D,RCP_02,65.04397283770848
2026-08-03 09:12:33,LOT_D,RCP_02,66.26950226034532
2026-08-03 09:12:34,LOT_D,RCP_02,66.16406736082885
2026-08-03 09:12:35,LOT_D,RCP_02,65.90441947342218
2026-08-03 09:12:36,LOT_D,RCP_02,65.08165984087636
2026-08-03 09:12:37,LOT_D,RCP_02,65.79200772971892
2026-08-03 09:12:38,LOT_D,RCP_02,65.70585056379916
2026-08-03 09:12:39,LOT_D,RCP_02,65.62701824968163
2026-08-03 09:12:40,LOT_D,RCP_02,65.94986610681751
2026-08-03 09:12:41,LOT_D,RCP_02,65.70414845714451
2026-08-03 09:12:42,LOT_D,RCP_02,65.74600569452174
2026-08-03 09:12:43,LOT_D,RCP_02,65.70476251334888
2026-08-03 09:12:44,LOT_D,RCP_02,65.58631656320084
2026-08-03 09:12:45,LOT_D,RCP_02,64.73655554811432
2026-08-03 09:12:46,LOT_D,RCP_02,65.48344843096423
2026-08-03 09:12:47,LOT_D,RCP_02,65.22752321646036
2026-08-03 09:12:48,LOT_D,RCP_02,64.93806361694399
2026-08-03 09:12:49,LOT_D,RCP_02,66.12272664772033
2026-08-03 09:12:50,LOT_D,RCP_02,67.5415981363543
2026-08-03 09:12:51,LOT_D,RCP_02,65.99368824011825
2026-08-03 09:12:52,LOT_D,RCP_02,65.55208536674235
2026-08-03 09:12:53,LOT_D,RCP_02,65.99025004838107
2026-08-03 09:12:54,LOT_D,RCP_02,65.45482127224074
2026-08-03 09:12:55,LOT_D,RCP_02,65.53111891075912
2026-08-03 09:12:56,LOT_D,RCP_02,65.0126114518152
2026-08-03 09:12:57,LOT_D,RCP_02,65.60879652179953
2026-08-03 09:12:58,LOT_D,RCP_02,65.47415437136976
2026-08-03 09:12:59,LOT_D,RCP_02,64.92893915326621
2026-08-03 09:13:00,LOT_D,RCP_02,65.42952115527336
2026-08-03 09:13:01,LOT_D,RCP_02,65.41810817445727
2026-08-03 09:13:02,LOT_D,RCP_02,66.16902446665786
2026-08-03 09:13:03,LOT_D,RCP_02,65.80768533140537
2026-08-03 09:13:04,LOT_D,RCP_02,65.45457817563658
2026-08-03 09:13:05,LOT_D,RCP_02,65.54951492392044
2026-08-03 09:13:06,LOT_D,RCP_02,65.46768495124168
2026-08-03 09:13:07,LOT_D,RCP_02,65.36883440608179
2026-08-03 09:13:08,LOT_D,RCP_02,65.01702912104469
2026-08-03 09:13:09,LOT_D,RCP_02,65.38957924895723
2026-08-03 09:13:10,LOT_D,RCP_02,65.151560697339
2026-08-03 09:13:11,LOT_D,RCP_02,64.94987378443075
2026-08-03 09:13:12,LOT_D,RCP_02,65.65448872581902
2026-08-03 09:13:13,LOT_D,RCP_02,65.6065058639733
2026-08-03 09:13:14,LOT_D,RCP_02,64.73531699545278
2026-08-03 09:13:15,LOT_D,RCP_02,65.40092614500195
2026-08-03 09:13:16,LOT_D,RCP_02,65.84828055435997
2026-08-03 09:13:17,LOT_D,RCP_02,65.87368949555854
2026-08-03 09:13:18,LOT_D,RCP_02,65.8603347371541
2026-08-03 09:13:19,LOT_D,RCP_02,65.4655652827606
2026-08-03 09:13:20,LOT_D,RCP_02,65.11198186881234
2026-08-03 09:13:21,LOT_D,RCP_02,65.01652046905677
2026-08-03 09:13:22,LOT_D,RCP_02,65.58784196190014
2026-08-03 09:13:23,LOT_D,RCP_02,65.60171201374607
2026-08-03 09:13:24,LOT_D,RCP_02,65.96493244464203
2026-08-03 09:13:25,LOT_D,RCP_02,65.88999186013683
2026-08-03 09:13:26,LOT_D,RCP_02,65.39710853738754
2026-08-03 09:13:27,LOT_D,RCP_02,64.95231764845566
2026-08-03 09:13:28,LOT_D,RCP_02,65.32235736119564
2026-08-03 09:13:29,LOT_D,RCP_02,65.53689247792421
2026-08-03 09:13:30,LOT_D,RCP_02,65.36916670184424
2026-08-03 09:13:31,LOT_D,RCP_02,65.21884235676895
2026-08-03 09:13:32,LOT_D,RCP_02,65.55115392598796
2026-08-03 09:13:33,LOT_D,RCP_02,65.24841690343575
2026-08-03 09:13:34,LOT_D,RCP_02,65.19877356650986
2026-08-03 09:13:35,LOT_D,RCP_02,65.57458113372138
2026-08-03 09:13:36,LOT_D,RCP_02,65.28920296794833
2026-08-03 09:13:37,LOT_D,RCP_02,65.54764175559134
2026-08-03 09:13:38,LOT_D,RCP_02,65.55928160914085
2026-08-03 09:13:39,LOT_D,RCP_02,64.99422839956337
2026-08-03 09:13:40,LOT_D,RCP_02,65.25750355045383
2026-08-03 09:13:41,LOT_D,RCP_02,66.02511077596658
2026-08-03 09:13:42,LOT_D,RCP_02,64.9851681949063
2026-08-03 09:13:43,LOT_D,RCP_02,64.60333822041179
2026-08-03 09:13:44,LOT_D,RCP_02,64.705261938703
2026-08-03 09:13:45,LOT_D,RCP_02,65.46164397863068
2026-08-03 09:13:46,LOT_D,RCP_02,65.46236691121308
2026-08-03 09:13:47,LOT_D,RCP_02,65.40295565782995
2026-08-03 09:13:48,LOT_D,RCP_02,65.93567593157141
2026-08-03 09:13:49,LOT_D,RCP_02,64.38086622675883
2026-08-03 09:13:50,LOT_D,RCP_02,66.70837354977233
2026-08-03 09:13:51,LOT_D,RCP_02,66.07457528072143
2026-08-03 09:13:52,LOT_D,RCP_02,64.99888769404332
2026-08-03 09:13:53,LOT_D,RCP_02,65.29807739528404
2026-08-03 09:13:54,LOT_D,RCP_02,65.14884323310855
2026-08-03 09:13:55,LOT_D,RCP_02,65.09226158156899
2026-08-03 09:13:56,LOT_D,RCP_02,65.31949519799079
2026-08-03 09:13:57,LOT_D,RCP_02,66.0209941134738
2026-08-03 09:13:58,LOT_D,RCP_02,66.18495467019501
2026-08-03 09:13:59,LOT_D,RCP_02,65.31562430998395
2026-08-03 09:14:00,LOT_D,RCP_02,66.21202408562579
2026-08-03 09:14:01,LOT_D,RCP_02,65.46423059079385
2026-08-03 09:14:02,LOT_D,RCP_02,66.15147641068043
2026-08-03 09:14:03,LOT_D,RCP_02,65.41268054013861
2026-08-03 09:14:04,LOT_D,RCP_02,65.50242313041846
2026-08-03 09:14:05,LOT_D,RCP_02,65.59618978905714
2026-08-03 09:14:06,LOT_D,RCP_02,66.72154147174702
2026-08-03 09:14:07,LOT_D,RCP_02,65.79051422993791
2026-08-03 09:14:08,LOT_D,RCP_02,65.16709418801942
2026-08-03 09:14:09,LOT_D,RCP_02,65.83759914811034
2026-08-03 09:14:10,LOT_D,RCP_02,65.30526698516627
2026-08-03 09:14:11,LOT_D,RCP_02,65.25409992683952
2026-08-03 09:14:12,LOT_D,RCP_02,65.81344054395684
2026-08-03 09:14:13,LOT_D,RCP_02,65.46243423510846
2026-08-03 09:14:14,LOT_D,RCP_02,65.56143036580472
2026-08-03 09:14:15,LOT_D,RCP_02,65.45559408874612
2026-08-03 09:14:16,LOT_D,RCP_02,65.58463325064217
2026-08-03 09:14:17,LOT_D,RCP_02,65.61998635897446
2026-08-03 09:14:18,LOT_D,RCP_02,64.67521322691783
2026-08-03 09:14:19,LOT_D,RCP_02,65.71662906744382
2026-08-03 09:14:20,LOT_D,RCP_02,65.05719223206788
2026-08-03 09:14:21,LOT_D,RCP_02,64.87308034577624
2026-08-03 09:14:22,LOT_D,RCP_02,65.42663550245653
2026-08-03 09:14:23,LOT_D,RCP_02,65.48359240132578
2026-08-03 09:14:24,LOT_D,RCP_02,65.17259753417109
2026-08-03 09:14:25,LOT_D,RCP_02,65.7824127430672
2026-08-03 09:14:26,LOT_D,RCP_02,64.91312993345164
2026-08-03 09:14:27,LOT_D,RCP_02,65.28722250049098
2026-08-03 09:14:28,LOT_D,RCP_02,65.2160503460268
2026-08-03 09:14:29,LOT_D,RCP_02,65.43136509186427
2026-08-03 09:14:30,LOT_D,RCP_02,65.5615457138589
2026-08-03 09:14:31,LOT_D,RCP_02,65.04684282015059
2026-08-03 09:14:32,LOT_D,RCP_02,65.73971307098249
2026-08-03 09:14:33,LOT_D,RCP_02,65.47520094733389
2026-08-03 09:14:34,LOT_D,RCP_02,64.69322149867524
2026-08-03 09:14:35,LOT_D,RCP_02,64.6665634238412
2026-08-03 09:14:36,LOT_D,RCP_02,65.44507228282828
2026-08-03 09:14:37,LOT_D,RCP_02,65.36161307288546
2026-08-03 09:14:38,LOT_D,RCP_02,65.40863195457015
2026-08-03 09:14:39,LOT_D,RCP_02,65.43880701738792
2026-08-03 09:14:40,LOT_D,RCP_02,65.54022393580408
2026-08-03 09:14:41,LOT_D,RCP_02,65.82905984393932
2026-08-03 09:14:42,LOT_D,RCP_02,65.00555803963297
2026-08-03 09:14:43,LOT_D,RCP_02,64.98121136283969
2026-08-03 09:14:44,LOT_D,RCP_02,65.01267045684504
2026-08-03 09:14:45,LOT_D,RCP_02,65.56556666686748
2026-08-03 09:14:46,LOT_D,RCP_02,65.94797895145858
2026-08-03 09:14:47,LOT_D,RCP_02,65.2774642247042
2026-08-03 09:14:48,LOT_D,RCP_02,64.44932006233614
2026-08-03 09:14:49,LOT_D,RCP_02,64.76840285495585
2026-08-03 09:14:50,LOT_D,RCP_02,65.1167853108816
2026-08-03 09:14:51,LOT_D,RCP_02,65.22690844500191
2026-08-03 09:14:52,LOT_D,RCP_02,65.28664454909811
2026-08-03 09:14:53,LOT_D,RCP_02,65.46543244919236
2026-08-03 09:14:54,LOT_D,RCP_02,65.32530146767103
2026-08-03 09:14:55,LOT_D,RCP_02,65.86973584421736
2026-08-03 09:14:56,LOT_D,RCP_02,65.17959307772746
2026-08-03 09:14:57,LOT_D,RCP_02,65.10507281620978
2026-08-03 09:14:58,LOT_D,RCP_02,65.64155021540819
2026-08-03 09:14:59,LOT_D,RCP_02,64.83574317202955
2026-08-03 09:15:00,LOT_D,RCP_02,65.605876682128
2026-08-03 09:15:01,LOT_D,RCP_02,65.4910212734905
2026-08-03 09:15:02,LOT_D,RCP_02,65.39102300403273
2026-08-03 09:15:03,LOT_D,RCP_02,66.08531044285971
2026-08-03 09:15:04,LOT_D,RCP_02,65.20111702188211
2026-08-03 09:15:05,LOT_D,RCP_02,66.27411926820963
2026-08-03 09:15:06,LOT_D,RCP_02,65.35982742030876
2026-08-03 09:15:07,LOT_D,RCP_02,64.93919342201191
2026-08-03 09:15:08,LOT_D,RCP_02,65.47796783239794
2026-08-03 09:15:09,LOT_D,RCP_02,65.0195019198725
2026-08-03 09:15:10,LOT_D,RCP_02,63.64929766087461
2026-08-03 09:15:11,LOT_D,RCP_02,65.6088133200062
2026-08-03 09:15:12,LOT_D,RCP_02,65.67223283546005
2026-08-03 09:15:13,LOT_D,RCP_02,65.2011329198983
2026-08-03 09:15:14,LOT_D,RCP_02,65.84496205801857
2026-08-03 09:15:15,LOT_D,RCP_02,65.91300310320845
2026-08-03 09:15:16,LOT_D,RCP_02,66.02452070262532
2026-08-03 09:15:17,LOT_D,RCP_02,65.66176536285029
2026-08-03 09:15:18,LOT_D,RCP_02,65.99537148483428
2026-08-03 09:15:19,LOT_D,RCP_02,64.69768062881037
2026-08-03 09:15:20,LOT_D,RCP_02,65.32283738054862
2026-08-03 09:15:21,LOT_D,RCP_02,65.10319789747064
2026-08-03 09:15:22,LOT_D,RCP_02,65.49769034445096
2026-08-03 09:15:23,LOT_D,RCP_02,65.22142031232131
2026-08-03 09:15:24,LOT_D,RCP_02,65.38353686322012
2026-08-03 09:15:25,LOT_D,RCP_02,66.20286995208163
2026-08-03 09:15:26,LOT_D,RCP_02,65.38211208143186
2026-08-03 09:15:27,LOT_D,RCP_02,65.61551692687608
2026-08-03 09:15:28,LOT_D,RCP_02,65.35709226803031
2026-08-03 09:15:29,LOT_D,RCP_02,65.48028531518274
2026-08-03 09:15:30,LOT_D,RCP_02,65.45240667217443
2026-08-03 09:15:31,LOT_D,RCP_02,65.62932962638926
2026-08-03 09:15:32,LOT_D,RCP_02,65.91612301421887
2026-08-03 09:15:33,LOT_D,RCP_02,66.10895759904133
2026-08-03 09:15:34,LOT_D,RCP_02,65.57384803276366
2026-08-03 09:15:35,LOT_D,RCP_02,65.68581875441424
2026-08-03 09:15:36,LOT_D,RCP_02,64.98965419632577
2026-08-03 09:15:37,LOT_D,RCP_02,65.41484930303375
2026-08-03 09:15:38,LOT_D,RCP_02,65.82611578595343
2026-08-03 09:15:39,LOT_D,RCP_02,65.79638745536687
2026-08-03 09:15:40,LOT_D,RCP_02,65.53464389311802
2026-08-03 09:15:41,LOT_D,RCP_02,65.80455758382719
2026-08-03 09:15:42,LOT_D,RCP_02,65.64630668359753
2026-08-03 09:15:43,LOT_D,RCP_02,65.93012250330374
2026-08-03 09:15:44,LOT_D,RCP_02,65.56574366278285
2026-08-03 09:15:45,LOT_D,RCP_02,65.30772067377158
2026-08-03 09:15:46,LOT_D,RCP_02,65.58433650277321
2026-08-03 09:15:47,LOT_D,RCP_02,64.27776224965889
2026-08-03 09:15:48,LOT_D,RCP_02,65.60315429455402
2026-08-03 09:15:49,LOT_D,RCP_02,63.99063486991409
2026-08-03 09:15:50,LOT_D,RCP_02,64.76061463703783
2026-08-03 09:15:51,LOT_D,RCP_02,65.6307074403764
2026-08-03 09:15:52,LOT_D,RCP_02,65.64101173490673
2026-08-03 09:15:53,LOT_D,RCP_02,64.98502848794404
2026-08-03 09:15:54,LOT_D,RCP_02,65.16515918324843
2026-08-03 09:15:55,LOT_D,RCP_02,65.99821639544565
2026-08-03 09:15:56,LOT_D,RCP_02,65.25638794737094
2026-08-03 09:15:57,LOT_D,RCP_02,66.3471681249612
2026-08-03 09:15:58,LOT_D,RCP_02,65.44923205872946
2026-08-03 09:15:59,LOT_D,RCP_02,65.61321447075251
2026-08-03 09:16:00,LOT_D,RCP_02,66.09674975939944
2026-08-03 09:16:01,LOT_D,RCP_02,65.50241084647737
2026-08-03 09:16:02,LOT_D,RCP_02,65.04906240772368
2026-08-03 09:16:03,LOT_D,RCP_02,65.40610901932229
2026-08-03 09:16:04,LOT_D,RCP_02,65.43575570552396
2026-08-03 09:16:05,LOT_D,RCP_02,64.90410333911937
2026-08-03 09:16:06,LOT_D,RCP_02,65.34766717146367
2026-08-03 09:16:07,LOT_D,RCP_02,65.15312316240103
2026-08-03 09:16:08,LOT_D,RCP_02,65.81974310287498
2026-08-03 09:16:09,LOT_D,RCP_02,65.46384474967411
2026-08-03 09:16:10,LOT_D,RCP_02,66.63688170034098
2026-08-03 09:16:11,LOT_D,RCP_02,65.40752722775098
2026-08-03 09:16:12,LOT_D,RCP_02,65.53924880736247
2026-08-03 09:16:13,LOT_D,RCP_02,65.69672567987591
2026-08-03 09:16:14,LOT_D,RCP_02,65.05011510853225
2026-08-03 09:16:15,LOT_D,RCP_02,65.0333649469515
2026-08-03 09:16:16,LOT_D,RCP_02,65.89187168616101
2026-08-03 09:16:17,LOT_D,RCP_02,65.28506525111811
2026-08-03 09:16:18,LOT_D,RCP_02,64.88326316296126
2026-08-03 09:16:19,LOT_D,RCP_02,65.62752508375324
2026-08-03 09:16:20,LOT_D,RCP_02,65.63534792241308
2026-08-03 09:16:21,LOT_D,RCP_02,64.83771389709732
2026-08-03 09:16:22,LOT_D,RCP_02,65.54179268618545
2026-08-03 09:16:23,LOT_D,RCP_02,65.74423323697135
2026-08-03 09:16:24,LOT_D,RCP_02,65.59975458068251
2026-08-03 09:16:25,LOT_D,RCP_02,65.70279259350455
2026-08-03 09:16:26,LOT_D,RCP_02,64.8882923607637
2026-08-03 09:16:27,LOT_D,RCP_02,65.58241606199849
2026-08-03 09:16:28,LOT_D,RCP_02,65.32895209621182
2026-08-03 09:16:29,LOT_D,RCP_02,65.25688393651015
2026-08-03 09:16:30,LOT_D,RCP_02,65.7982222437679
2026-08-03 09:16:31,LOT_D,RCP_02,66.0417098042697
2026-08-03 09:16:32,LOT_D,RCP_02,66.16774802184014
2026-08-03 09:16:33,LOT_D,RCP_02,65.97592314860236
2026-08-03 09:16:34,LOT_D,RCP_02,65.40610632734793
2026-08-03 09:16:35,LOT_D,RCP_02,65.59108806521054
2026-08-03 09:16:36,LOT_D,RCP_02,65.7567291487137
2026-08-03 09:16:37,LOT_D,RCP_02,65.49847117971979
2026-08-03 09:16:38,LOT_D,RCP_02,65.50230567516462
2026-08-03 09:16:39,LOT_D,RCP_02,65.77950125275048
