timestamp,lot_id,recipe_id,temperature_f,pressure_pa,gas_flow_slm,vibration_mps,motor_current_ma
2026-08-03 09:00:00,LOT_A,RCP_01,149.43879259484638,101557.7052014504,0.4947098354668333,0.0017940440576479533,7888.482655385292
2026-08-03 09:00:01,LOT_A,RCP_01,147.5024228870137,101011.23055632217,0.4980552234772038,0.0018663681907454567,8245.047717917956
2026-08-03 09:00:02,LOT_A,RCP_01,150.0806497219613,101937.22360847062,0.5016809068378983,0.0017543359855715,8070.29329141087
2026-08-03 09:00:03,LOT_A,RCP_01,150.35441319160333,100986.20623178154,0.49959041317355557,0.0017385526607447998,7825.6106983509235
2026-08-03 09:00:04,LOT_A,RCP_01,146.19050932833846,100981.69235844888,0.4973977455183776,0.001813853105738169,7783.515029041929
2026-08-03 09:00:05,LOT_A,RCP_01,147.12486151011825,101570.56580540226,0.49730315015310195,0.0015118626111157228,7588.125925238141
2026-08-03 09:00:06,LOT_A,RCP_01,149.1840901805609,101681.46324116846,0.4971506517423492,0.0018715552690839687,8072.683294466705
2026-08-03 09:00:07,LOT_A,RCP_01,148.54461066702524,101524.0496819681,0.4964819614853643,0.001799915535431556,7911.3531131871605
2026-08-03 09:00:08,LOT_A,RCP_01,148.97580633319382,100457.20134130759,0.5091265315091043,0.0018059540289896343,7406.951117984121
2026-08-03 09:00:09,LOT_A,RCP_01,147.77161674429402,101569.01721996412,0.5011900442847422,0.0019441101461391698,7866.07128180765
2026-08-03 09:00:10,LOT_A,RCP_01,150.2663330838025,100782.8459741628,0.503547036217619,0.0015070776704927628,7774.741492686262
2026-08-03 09:00:11,LOT_A,RCP_01,150.1200203870177,101417.63805579413,0.4980436901275243,0.0015039249195211554,8393.919398042666
2026-08-03 09:00:12,LOT_A,RCP_01,149.09508420448816,100588.13278230047,0.49925617329125577,0.001841070576798528,7574.305347026673
2026-08-03 09:00:13,LOT_A,RCP_01,150.62322733803398,101523.16107377154,0.4971457840745186,0.0017989324717307227,7639.662300066487
2026-08-03 09:00:14,LOT_A,RCP_01,149.67321345284296,100896.70054784631,0.4893931666603232,0.0018255265414787898,8277.492410776425
2026-08-03 09:00:15,LOT_A,RCP_01,147.76261885344815,100658.68267486973,0.49448796289260855,0.0017306809387241332,8339.190789365992
2026-08-03 09:00:16,LOT_A,RCP_01,149.53100112907882,101656.91006824121,0.49275752528007843,0.0018996530511359896,7813.754265318589
2026-08-03 09:00:17,LOT_A,RCP_01,147.61920905480625,101420.82226083838,0.49100086488819356,0.001939895826448668,7841.978544297773
2026-08-03 09:00:18,LOT_A,RCP_01,150.26496843388247,100993.01159930354,0.49521856410280757,0.001872597344092729,8154.058849138329
2026-08-03 09:00:19,LOT_A,RCP_01,148.92810668817978,102025.58942451053,0.5052998227175265,0.0017608757312393127,7418.225050763672
2026-08-03 09:00:20,LOT_A,RCP_01,148.7337981964948,101079.67378921513,0.4998222553291826,0.0014838465918578397,7534.701578873612
2026-08-03 09:00:21,LOT_A,RCP_01,148.01946145605834,101316.05383698546,0.5051622550492847,0.0019153854312055692,7929.816649787323
2026-08-03 09:00:22,LOT_A,RCP_01,150.76045952769059,101434.4567238393,0.5016439303076035,0.001983259299932639,8387.472641532282
2026-08-03 09:00:23,LOT_A,RCP_01,148.77747754582091,100990.16703293569,0.5031302353028606,0.0018966837617975971,7891.067477958315
2026-08-03 09:00:24,LOT_A,RCP_01,148.38320793608514,101535.56814669995,0.4963964120187817,0.0016680536358948742,8025.234197933788
2026-08-03 09:00:25,LOT_A,RCP_01,148.49292768729694,101033.27382641764,0.5020958038167707,0.001901069159050164,8283.447318141003
2026-08-03 09:00:26,LOT_A,RCP_01,149.7665252271968,101094.18083889189,0.5029148569362973,0.0019290794561942167,8526.721183319536
2026-08-03 09:00:27,LOT_A,RCP_01,149.52623945268425,101981.32131990166,0.4976934108310653,0.0020338224371698626,7855.787881712921
2026-08-03 09:00:28,LOT_A,RCP_01,149.59433496069823,100779.70697374379,0.5022381614824647,0.0016685835113658064,7995.790819066643
2026-08-03 09:00:29,LOT_A,RCP_01,149.62038224433135,100093.60983453525,0.5022647510342994,0.0017660318123183794,8455.513805335711
2026-08-03 09:00:30,LOT_A,RCP_01,152.08397254525346,102105.46849750594,0.49780178951547965,0.0019120908076715184,7619.450181202143
2026-08-03 09:00:31,LOT_A,RCP_01,148.41476237640614,102574.66397630349,0.495508926270916,0.0018086115107157237,8256.895267638456
2026-08-03 09:00:32,LOT_A,RCP_01,148.262370470137,101097.36536727533,0.4952634866724069,0.0016324008596923087,7745.421116909686
2026-08-03 09:00:33,LOT_A,RCP_01,147.82816727132303,100331.5809796899,0.5003460221676859,0.0018621924427540055,8025.618091775788
2026-08-03 09:00:34,LOT_A,RCP_01,149.8870103685087,101144.75801190203,0.5013080394751572,0.001886799245072275,7939.345238149931
2026-08-03 09:00:35,LOT_A,RCP_01,150.62572010151808,101156.88852507966,0.49682989667816835,0.0018131944344496505,7760.497099824693
2026-08-03 09:00:36,LOT_A,RCP_01,148.83591566097698,101205.03807948888,0.5001063413653044,0.0018329377390769916,7754.224518085432
2026-08-03 09:00:37,LOT_A,RCP_01,147.79017467317396,100743.30597903908,0.502282148144554,0.0017611941147471406,8069.103591063438
2026-08-03 09:00:38,LOT_A,RCP_01,147.8127470494046,101589.78057123824,0.5024727628586612,0.002021741840357409,8248.88483204067
2026-08-03 09:00:39,LOT_A,RCP_01,149.93685361446757,101562.25368764304,0.50620752048049,0.0016648961724430986,7967.565949202874
2026-08-03 09:00:40,LOT_A,RCP_01,150.07028600653297,100552.79719009035,0.5051079233287922,0.0017119018855854332,8017.528289683303
2026-08-03 09:00:41,LOT_A,RCP_01,149.7821421463595,101649.59836584744,0.49599483426897384,0.001801647827029129,8142.793516572762
2026-08-03 09:00:42,LOT_A,RCP_01,148.04166602150428,102326.34249097295,0.506734344838152,0.001931843104155134,7757.09530674676
2026-08-03 09:00:43,LOT_A,RCP_01,149.3343123052161,101385.98016621853,0.4978760939817772,0.0015753940244858195,8184.92312710323
2026-08-03 09:00:44,LOT_A,RCP_01,149.16802756516265,101131.33741896575,0.5041794912498178,0.001603455487535184,8204.835774264937
2026-08-03 09:00:45,LOT_A,RCP_01,149.3149115792898,101228.99839279625,0.5002719465042044,0.0014943407238397924,8650.906574687604
2026-08-03 09:00:46,LOT_A,RCP_01,150.2548574402454,101607.62838348428,0.4983514024861721,0.0018049042837879907,7905.973952360104
2026-08-03 09:00:47,LOT_A,RCP_01,149.32197759023555,100434.6641972464,0.4927692125609003,0.0016322541274190186,7885.479549582968
2026-08-03 09:00:48,LOT_A,RCP_01,149.97763553082353,101382.19535148864,0.49931374195913464,0.0017423174834973125,8192.241467893436
2026-08-03 09:00:49,LOT_A,RCP_01,149.09731386006402,101104.7680252686,0.4937624670587776,0.0018992067284837562,8204.776042228035
2026-08-03 09:00:50,LOT_A,RCP_01,149.41633193411357,102223.91250647801,0.5038691969433711,0.0017037685918825732,7866.228211655823
2026-08-03 09:00:51,LOT_A,RCP_01,149.90905504520748,101212.91363309752,0.506067170628557,0.0018346923034115049,7899.209330767488
2026-08-03 09:00:52,LOT_A,RCP_01,146.90169561940783,102133.94380555976,0.4968123560428132,0.0017550993138372418,8135.28270955451
2026-08-03 09:00:53,LOT_A,RCP_01,148.53967344844548,100748.12965110899,0.5012078829700771,0.0019008171472644656,7793.103939816335
2026-08-03 09:00:54,LOT_A,RCP_01,148.32266337781837,101593.6295834014,0.49709843391196806,0.0018712692101022013,7897.366502996247
2026-08-03 09:00:55,LOT_A,RCP_01,148.08001589852958,101459.70013189562,0.4974860610794528,0.0016962099455738087,8022.39819184211
2026-08-03 09:00:56,LOT_A,RCP_01,148.60379515823357,100865.4763760676,0.5030979788154615,0.0017747022369899322,8248.984671205564
2026-08-03 09:00:57,LOT_A,RCP_01,151.15271548817753,101388.69805731847,0.49984584695262635,0.0019565615096580743,7848.850345955115
2026-08-03 09:00:58,LOT_A,RCP_01,147.75320319340173,101906.2594184158,0.506958592167724,0.0018590065305381146,7539.403884492332
2026-08-03 09:00:59,LOT_A,RCP_01,150.39432083061175,101138.10414785669,0.4980710700851883,0.0015904556913373304,7520.850633120447
2026-08-03 09:01:00,LOT_A,RCP_01,146.57666752887323,100454.01867541511,0.5039973453298979,0.0018983427091757074,7685.146733323467
2026-08-03 09:01:01,LOT_A,RCP_01,148.51776555682048,101291.21858676127,0.5003896536518311,0.0016373084066345642,7671.708070450015
2026-08-03 09:01:02,LOT_A,RCP_01,149.2343644137512,100848.78845260374,0.5031831120389769,0.002011876960494151,7961.347310345022
2026-08-03 09:01:03,LOT_A,RCP_01,149.84416015715738,101128.82953066805,0.49821136937068017,0.0019536148259761536,7702.779961600599
2026-08-03 09:01:04,LOT_A,RCP_01,150.02416627490172,101259.20611515745,0.49980176464979365,0.0018434828213877601,7824.311260044699
2026-08-03 09:01:05,LOT_A,RCP_01,150.1424200186879,100447.17389199224,0.4995380044828042,0.001823584926515429,7806.478528754487
2026-08-03 09:01:06,LOT_A,RCP_01,148.49783589596225,100492.17083033966,0.49665577154061685,0.0017686451615958872,7889.873034788002
2026-08-03 09:01:07,LOT_A,RCP_01,148.33421341856302,101541.03341776277,0.502648326138327,0.0019017785927100041,8330.62608288078
2026-08-03 09:01:08,LOT_A,RCP_01,150.2354852690103,101038.64065191516,0.5026009960223135,0.0017443832745806908,8165.4868973576295
2026-08-03 09:01:09,LOT_A,RCP_01,148.72452177217048,100017.62782908972,0.5023742187796223,0.001835335480595984,8004.032353819001
2026-08-03 09:01:10,LOT_A,RCP_01,147.1630116943934,101692.42201830407,0.5061478626156706,0.0019307901549779176,7884.7434298547905
2026-08-03 09:01:11,LOT_A,RCP_01,147.36806641183497,101436.18487763712,0.5057973792049453,0.0017157290184711615,7891.691835844244
2026-08-03 09:01:12,LOT_A,RCP_01,147.67598870815766,100943.06258798175,0.4985002212406035,0.0017075710890013958,8081.936617487987
2026-08-03 09:01:13,LOT_A,RCP_01,149.71591147143744,100641.58489447089,0.5014922092737367,0.001620845177891331,8146.042268338073
2026-08-03 09:01:14,LOT_A,RCP_01,149.2050930599416,101717.90394815717,0.49750559724296717,0.0016403290880810742,7773.09562347485
2026-08-03 09:01:15,LOT_A,RCP_01,149.9942989098576,101474.67531128021,0.5000934212644582,0.0015257407032837746,8009.120188903557
2026-08-03 09:01:16,LOT_A,RCP_01,148.3847561892754,102491.30114134203,0.49760100220352455,0.0019094743183523295,7492.095107834244
2026-08-03 09:01:17,LOT_A,RCP_01,149.22829715515047,101510.09429936246,0.5064802812365442,0.0020713371813124155,8052.92844604265
2026-08-03 09:01:18,LOT_A,RCP_01,149.90085016731297,101493.85157063101,0.5014547926013718,0.002013799341520546,8190.537310489673
2026-08-03 09:01:19,LOT_A,RCP_01,148.55454098280285,101216.53603494572,0.4991278834875823,0.0015560873267060227,7929.982843279781
2026-08-03 09:01:20,LOT_A,RCP_01,149.65775634208268,101708.38793360039,0.5047744742874255,0.00190872820073343,8454.131749035027
2026-08-03 09:01:21,LOT_A,RCP_01,148.046826644864,101612.54260062407,0.4913175383608183,0.0020133159524885333,7779.690388140987
2026-08-03 09:01:22,LOT_A,RCP_01,148.47720246094627,101925.86250428259,0.49194358962053886,0.0017314785028892004,8054.360103825815
2026-08-03 09:01:23,LOT_A,RCP_01,148.4502974326424,101039.33854068136,0.503183354620879,0.0018152171145975075,7991.043813333511
2026-08-03 09:01:24,LOT_A,RCP_01,147.27799091035178,101082.29626352803,0.5002418737924694,0.0014988160423792995,7974.925583139148
2026-08-03 09:01:25,LOT_A,RCP_01,149.70124037233123,101060.44841454401,0.5010017852010431,0.001840010425196496,7971.419457998813
2026-08-03 09:01:26,LOT_A,RCP_01,148.32406063010808,101695.40086058949,0.49469441558672583,0.0016404660405847924,8026.776257502368
2026-08-03 09:01:27,LOT_A,RCP_01,149.01799153096786,102049.18722014836,0.49990706515659855,0.0018299452526867272,8211.989685865925
2026-08-03 09:01:28,LOT_A,RCP_01,149.6922751888245,101070.57975342535,0.5080140376416054,0.001565819561671668,8344.434059068686
2026-08-03 09:01:29,LOT_A,RCP_01,149.64300489348312,101087.61313610345,0.5032967984791834,0.0018814287336716396,7999.437438873961
2026-08-03 09:01:30,LOT_A,RCP_01,149.9581545569208,101457.03861193488,0.5006788261805712,0.0019536769013140036,8203.829018042909
2026-08-03 09:01:31,LOT_A,RCP_01,148.8581809023064,101177.11924999356,0.4982437843595803,0.0016825230207427248,7824.558263433304
2026-08-03 09:01:32,LOT_A,RCP_01,148.39045043065641,101776.02682656994,0.4984217085925224,0.001629461612788435,8191.4888631815575
2026-08-03 09:01:33,LOT_A,RCP_01,148.88520577629478,100174.11135469047,0.4914832084431999,0.0014765965436175027,7809.502119043253
2026-08-03 09:01:34,LOT_A,RCP_01,146.57023841510042,100886.64747654155,0.5010305616836846,0.0017600379698887235,8272.664984022033
2026-08-03 09:01:35,LOT_A,RCP_01,146.91615803971075,100908.79183301928,0.5033819324339275,0.0017127609098577593,8552.66021934831
2026-08-03 09:01:36,LOT_A,RCP_01,147.09531255820966,100139.82199380692,0.49369752269131756,0.0015673470881477918,7969.479028007152
2026-08-03 09:01:37,LOT_A,RCP_01,147.56396456825385,100818.18077781559,0.4973543324307727,0.0018679528134468257,7451.864127298148
2026-08-03 09:01:38,LOT_A,RCP_01,149.57567488648175,100842.42194207704,0.4953701414710663,0.0017325044427203026,7862.981766688795
2026-08-03 09:01:39,LOT_A,RCP_01,147.69611016028153,101199.44767274057,0.496138595220765,0.0016386396062032151,8307.968783572325
2026-08-03 09:01:40,LOT_A,RCP_01,148.4554459221833,101856.48294583012,0.5002139265072876,0.0017168141391539328,8138.269196756311
2026-08-03 09:01:41,LOT_A,RCP_01,150.87088874881195,101177.46967440465,0.4916623913800461,0.0019606956808394423,8062.228399668757
2026-08-03 09:01:42,LOT_A,RCP_01,148.48697988167154,100784.59313986443,0.5024570817534283,0.0018904405415632835,8252.16708898871
2026-08-03 09:01:43,LOT_A,RCP_01,150.0620224185926,101271.52272939323,0.5030154202797347,0.0017804960907752264,8121.113359812105
2026-08-03 09:01:44,LOT_A,RCP_01,147.6555905407858,101824.58681072068,0.49899558964785234,0.001892865752769728,8304.431296862784
2026-08-03 09:01:45,LOT_A,RCP_01,148.70416991667062,100812.02059194254,0.49007716596006184,0.0016258632065419892,8229.855919161746
2026-08-03 09:01:46,LOT_A,RCP_01,147.63196824092876,100844.71255803927,0.4960143254959904,0.0018048555151090545,8380.42511318424
2026-08-03 09:01:47,LOT_A,RCP_01,148.51179237070318,101579.27447963711,0.5049316077364108,0.0018220983495729705,8089.699020976564
2026-08-03 09:01:48,LOT_A,RCP_01,150.21004371793865,101189.2319421346,0.4888880228770857,0.0017295245237251911,8226.31485037349
2026-08-03 09:01:49,LOT_A,RCP_01,146.51265859060302,101623.74234535472,0.49860990635122593,0.0018653187503936128,7923.218231728554
2026-08-03 09:01:50,LOT_A,RCP_01,149.62557004670606,101293.17660410234,0.49527999688613095,0.0016829349818033323,7849.634797110249
2026-08-03 09:01:51,LOT_A,RCP_01,149.34233926735845,101650.83182404478,0.5032182812063394,0.0018764731061664177,8426.691910104744
2026-08-03 09:01:52,LOT_A,RCP_01,148.14442406379663,100782.46094297968,0.49729954419142613,0.001882778815729694,8054.0511690806725
2026-08-03 09:01:53,LOT_A,RCP_01,146.9176766896806,101293.95767460586,0.5016158160829425,0.0013624260178954403,8201.220141465594
2026-08-03 09:01:54,LOT_A,RCP_01,149.103866491108,101194.65499281841,0.5022618416766764,0.0019785458555265176,8030.935003602847
2026-08-03 09:01:55,LOT_A,RCP_01,148.23753049894813,100692.05453794793,0.5073449033589201,0.001342855115197087,7853.371087270009
2026-08-03 09:01:56,LOT_A,RCP_01,149.33505374435077,100518.26102606567,0.4991882322252985,0.0017075926461665814,8002.745723145601
2026-08-03 09:01:57,LOT_A,RCP_01,149.03146708955376,101642.87451763732,0.5015041774784904,0.001953802205138663,8358.998504441928
2026-08-03 09:01:58,LOT_A,RCP_01,151.3065616035021,101124.52380889101,0.4940597780834902,0.0017524069912121338,8138.810018569856
2026-08-03 09:01:59,LOT_A,RCP_01,148.65532789643885,100788.85985917633,0.504761654253175,0.0015800721026295688,7572.131710067385
2026-08-03 09:02:00,LOT_A,RCP_01,147.5261636106245,101251.91053153833,0.4969579646077145,0.0016359394407424995,7946.188885855961
2026-08-03 09:02:01,LOT_A,RCP_01,149.2581569143371,101864.00942867465,0.49775698334364904,0.001954035861948093,8445.57344817618
2026-08-03 09:02:02,LOT_A,RCP_01,149.31679522491933,100159.63107731403,0.4999110088206032,0.0015117743204177043,7946.5507845375105
2026-08-03 09:02:03,LOT_A,RCP_01,150.9572301083462,100551.68065504833,0.4937484626186406,0.0019693486651443026,7549.880327066455
2026-08-03 09:02:04,LOT_A,RCP_01,150.20256019411698,100838.55677905236,0.5009150801157157,0.0017917346851436566,8473.262221355637
2026-08-03 09:02:05,LOT_A,RCP_01,149.51389432517527,102030.58943336016,0.5038698650917001,0.0016211407004336352,8170.598127453199
2026-08-03 09:02:06,LOT_A,RCP_01,151.10715616335614,101441.29349145964,0.5011717352939892,0.0017125327391545964,7982.4967852968
2026-08-03 09:02:07,LOT_A,RCP_01,147.2881812017751,101683.65862023062,0.4936444097432851,0.0016474163488347537,7907.145565979483
2026-08-03 09:02:08,LOT_A,RCP_01,148.07875779284035,100729.91954043688,0.49950476282268136,0.0019299337801287793,8270.587982447934
2026-08-03 09:02:09,LOT_A,RCP_01,147.66573064437605,100740.23206236474,0.5029681156119179,0.0019098641714644258,7864.504149943452
2026-08-03 09:02:10,LOT_A,RCP_01,148.4386738834557,101523.90685836136,0.49248804493613635,0.001542125829918593,8287.064106128997
2026-08-03 09:02:11,LOT_A,RCP_01,147.01757194751892,101329.13716546772,0.4957009359447292,0.0017394611822221,8135.5488214310635
2026-08-03 09:02:12,LOT_A,RCP_01,149.91461736341273,101574.36940943207,0.5035061744163261,0.0016705221506483586,8061.170481371837
2026-08-03 09:02:13,LOT_A,RCP_01,148.67999931617777,101206.16450453577,0.5010803817367891,0.0019940264952689056,8036.378701333899
2026-08-03 09:02:14,LOT_A,RCP_01,146.88203893591617,101439.0718632273,0.501647886328507,0.0015974851322810369,7956.257990821456
2026-08-03 09:02:15,LOT_A,RCP_01,147.53756612306114,101379.05954245255,0.5074379792304933,0.002040634365702752,8261.410030052315
2026-08-03 09:02:16,LOT_A,RCP_01,149.45145994032828,101688.88369454246,0.5018742111140249,0.0017950057890724594,7783.664291974541
2026-08-03 09:02:17,LOT_A,RCP_01,150.20690225776792,101703.50414097223,0.5026315520417327,0.001625709839042987,7594.518718292447
2026-08-03 09:02:18,LOT_A,RCP_01,151.87529248403618,100490.06400280412,0.5108429821088732,0.0016984088723986084,8153.610030723119
2026-08-03 09:02:19,LOT_A,RCP_01,153.19596195105058,100176.36572232956,0.49914478176763805,0.0016797571738847326,8157.809582016787
2026-08-03 09:02:20,LOT_A,RCP_01,149.59674958391741,101800.87269882575,0.49680846894552605,0.0016088072396976743,8120.060288127942
2026-08-03 09:02:21,LOT_A,RCP_01,147.5750651071541,101893.86254663097,0.5017111855929886,0.0018142240289595565,8101.9320924045105
2026-08-03 09:02:22,LOT_A,RCP_01,145.92985335574693,100789.68849024332,0.5017559641175556,0.0016158126673962237,7919.864905415613
2026-08-03 09:02:23,LOT_A,RCP_01,149.38550450577512,100370.08229672718,0.49789313843221517,0.0014729450686892717,8196.870676096381
2026-08-03 09:02:24,LOT_A,RCP_01,147.82936482275312,101349.5174105036,0.4958704119217806,0.001743048529372774,7988.6104683113645
2026-08-03 09:02:25,LOT_A,RCP_01,148.40188554534126,101765.41911317526,0.5092393776883604,0.0015295715705373177,7878.2216097962055
2026-08-03 09:02:26,LOT_A,RCP_01,148.11858060935387,102198.79726121716,0.5013073738815521,0.001687175869789872,7922.02717193615
2026-08-03 09:02:27,LOT_A,RCP_01,148.79726112356042,101558.14878605072,0.4970708584743917,0.0016636345667094968,8505.159924693959
2026-08-03 09:02:28,LOT_A,RCP_01,150.53501153233418,101114.14165170715,0.5036637212091184,0.0016693175891961279,7566.255979488642
2026-08-03 09:02:29,LOT_A,RCP_01,149.2261499371213,100853.43468920756,0.49956341939375465,0.002100144465238523,8124.947026073949
2026-08-03 09:02:30,LOT_A,RCP_01,148.77156583466427,101305.72564583532,0.4989884742147287,0.0018084617350754358,7580.222393094071
2026-08-03 09:02:31,LOT_A,RCP_01,147.50865859593083,101150.36764805736,0.502249091487658,0.0018368056513492997,7972.941665419257
2026-08-03 09:02:32,LOT_A,RCP_01,146.58845655962574,100792.46604713559,0.4948324709270732,0.001533540255548656,7891.593128711454
2026-08-03 09:02:33,LOT_A,RCP_01,148.29971661093438,102324.37782543164,0.5014105088156686,0.0017019055299544617,7478.742925830031
2026-08-03 09:02:34,LOT_A,RCP_01,148.9225531268216,102192.58420103606,0.507651819230927,0.0018322953944912269,8097.259397608442
2026-08-03 09:02:35,LOT_A,RCP_01,151.54581907555502,101868.02434177771,0.5018647106487892,0.001646320663063049,7904.9904844519515
2026-08-03 09:02:36,LOT_A,RCP_01,149.18759531092093,100839.57480109544,0.4984951515848662,0.0019362094265276979,7475.198414359688
2026-08-03 09:02:37,LOT_A,RCP_01,150.4151448958732,101727.50966214863,0.497971578878287,0.0016195955121148455,8209.892022693562
2026-08-03 09:02:38,LOT_A,RCP_01,148.2810143381036,101619.81320474895,0.49835864010661957,0.0017570450796202237,8358.751544497232
2026-08-03 09:02:39,LOT_A,RCP_01,147.29368097635947,101521.27281210202,0.4989841492878089,0.0017120922540036663,8372.531085574145
2026-08-03 09:02:40,LOT_A,RCP_01,147.6102318623854,101924.83263352189,0.4984887738689669,0.0018246480989072874,8089.739110162867
2026-08-03 09:02:41,LOT_A,RCP_01,147.95567446706852,101617.68557143064,0.5036652457642983,0.001703926489221686,8011.514534644279
2026-08-03 09:02:42,LOT_A,RCP_01,152.06499641470663,101670.00711815216,0.49306716358716407,0.0017593659559393595,8332.039155223949
2026-08-03 09:02:43,LOT_A,RCP_01,147.8172031819169,101618.4531416861,0.5034480002016486,0.001764580486233302,8420.595896335024
2026-08-03 09:02:44,LOT_A,RCP_01,150.20742445338036,101470.39570400104,0.49848125389942977,0.0016898418363913048,8283.392175718907
2026-08-03 09:02:45,LOT_A,RCP_01,147.69978486355467,100408.1944351429,0.5015077911427815,0.0018727640802745668,7764.61559944255
2026-08-03 09:02:46,LOT_A,RCP_01,150.34146513853892,101341.81053870528,0.4954920483591965,0.001835758256225614,8050.33621330373
2026-08-03 09:02:47,LOT_A,RCP_01,149.55432939119243,101021.90402057543,0.5053145242673978,0.001786707908212025,8109.879036072858
2026-08-03 09:02:48,LOT_A,RCP_01,148.77444142737235,100660.07952117999,0.5049825398406875,0.0017354312499807062,7547.595757770693
2026-08-03 09:02:49,LOT_A,RCP_01,148.94130196236497,102140.90830965042,0.5038383621030003,0.0019194816045779997,8117.340164905194
2026-08-03 09:02:50,LOT_A,RCP_01,148.05710571858168,102164.49767044286,0.49394098089682587,0.001764624863427873,8568.247956494848
2026-08-03 09:02:51,LOT_A,RCP_01,149.6423439701342,101979.6103001478,0.5033164842842642,0.0017539954068261094,8159.984041450198
2026-08-03 09:02:52,LOT_A,RCP_01,148.34482378830927,101427.60670842793,0.5016194203505429,0.001815703504483219,8368.35327036044
2026-08-03 09:02:53,LOT_A,RCP_01,147.23512770017516,101975.31256047632,0.4935789150114697,0.0020544880024456276,8045.728682532177
2026-08-03 09:02:54,LOT_A,RCP_01,147.15976989297974,101306.02659030091,0.49990281046491675,0.0015989465687968195,7981.695419004045
2026-08-03 09:02:55,LOT_A,RCP_01,149.24852660151984,101401.39863844888,0.501458137956133,0.0019154785339583031,8095.317847520244
2026-08-03 09:02:56,LOT_A,RCP_01,151.27389140923103,100753.26431476901,0.5022243010952926,0.0015160243258142843,7796.043338003891
2026-08-03 09:02:57,LOT_A,RCP_01,149.23038792354575,101498.49565224942,0.5007090454677954,0.0018325909737342935,7759.056203191402
2026-08-03 09:02:58,LOT_A,RCP_01,148.8291608104018,101330.1929642122,0.5011649256673896,0.0020362624241413094,8316.576139292341
2026-08-03 09:02:59,LOT_A,RCP_01,149.41158964102766,100648.67394158278,0.5058944455690123,0.0018733002786700962,8343.08558571663
2026-08-03 09:03:00,LOT_A,RCP_01,150.88064250805783,101274.4014440917,0.5049041356396428,0.001825593761780969,7752.223421103162
2026-08-03 09:03:01,LOT_A,RCP_01,149.31591080196395,101260.13521807159,0.48853178018486904,0.0017159325796795386,8241.999701138466
2026-08-03 09:03:02,LOT_A,RCP_01,148.40826478759942,102198.78058332232,0.4987302457806493,0.0018046570800732832,7978.260006098495
2026-08-03 09:03:03,LOT_A,RCP_01,150.59305574248623,101747.1066642567,0.4993413958898242,0.0017621905776894966,8084.952143622609
2026-08-03 09:03:04,LOT_A,RCP_01,149.6174092713847,101305.72271954572,0.4929916057090921,0.0016821035088102967,8115.054659858765
2026-08-03 09:03:05,LOT_A,RCP_01,151.21148862847423,101424.39365490054,0.5003767322329292,0.0017565186576787694,8248.587617031078
2026-08-03 09:03:06,LOT_A,RCP_01,149.26385758959955,101322.1061890521,0.5049950310896419,0.001829757174093966,8020.679550465797
2026-08-03 09:03:07,LOT_A,RCP_01,147.2367645943225,101198.54300760223,0.49565372856163764,0.0016849174397204042,8352.540498825483
2026-08-03 09:03:08,LOT_A,RCP_01,147.02985075308624,100758.78640130586,0.5013456037547596,0.0016790577268972974,8077.353209939981
2026-08-03 09:03:09,LOT_A,RCP_01,151.377336222413,101224.47406119652,0.4963367060908142,0.001595963484361174,8156.046068117384
2026-08-03 09:03:10,LOT_A,RCP_01,151.48207863792794,100926.95087167373,0.4973123519052813,0.0018586087539133344,7791.684352115689
2026-08-03 09:03:11,LOT_A,RCP_01,148.74149233287307,100674.84223053843,0.5059095745366802,0.001881798489295059,8539.664752676208
2026-08-03 09:03:12,LOT_A,RCP_01,148.4482102575642,101555.61090727376,0.4978297687195527,0.0018347490666354778,8117.456230801242
2026-08-03 09:03:13,LOT_A,RCP_01,151.10447978082877,101495.63232996661,0.5018488499560425,0.0019447755739093,8178.249356336275
2026-08-03 09:03:14,LOT_A,RCP_01,147.40585421785735,100406.64624431597,0.49251512753575605,0.0018131801455621092,7597.953547197115
2026-08-03 09:03:15,LOT_A,RCP_01,147.7115930927036,101238.65768125243,0.5074492702455795,0.0018588016406048636,7794.324494230224
2026-08-03 09:03:16,LOT_A,RCP_01,149.92639058435222,101797.85069294997,0.502410609785226,0.0018455756138456346,8309.470921979682
2026-08-03 09:03:17,LOT_A,RCP_01,148.43176862308218,101829.61186944816,0.49927000062939897,0.001786268997087269,8071.722779573151
2026-08-03 09:03:18,LOT_A,RCP_01,148.9926245119231,101812.91842144262,0.5023021860399995,0.0017203767257805529,7521.555066292769
2026-08-03 09:03:19,LOT_A,RCP_01,148.7646422261247,101319.45660345073,0.49436072228420874,0.0021321228923687867,8259.572482245956
2026-08-03 09:03:20,LOT_B,RCP_02,149.48610735027046,100877.47733601542,0.5047301229670106,0.0017322073530219738,7864.054298911819
2026-08-03 09:03:21,LOT_B,RCP_02,151.02677388029176,100758.15058632096,0.4987040608980143,0.0017001183433319347,8352.829246469177
2026-08-03 09:03:22,LOT_B,RCP_02,149.1304422659385,101472.30245237518,0.49918372193980626,0.001865101473517516,7978.041080349075
2026-08-03 09:03:23,LOT_B,RCP_02,149.92727186231866,101489.64001718258,0.4980333775401381,0.001837778162294251,8051.176671505133
2026-08-03 09:03:24,LOT_B,RCP_02,146.04775217451532,101943.66555580252,0.49767739438901765,0.0015892812678584508,8294.738644647912
2026-08-03 09:03:25,LOT_B,RCP_02,148.92984550122065,101849.98982517104,0.5027786824465137,0.001968401738184561,7775.626757286334
2026-08-03 09:03:26,LOT_B,RCP_02,147.78574841077827,101233.88567173442,0.501023627400417,0.001785870813697375,7751.788298041515
2026-08-03 09:03:27,LOT_B,RCP_02,147.24490919298995,100677.89706056956,0.5026069925656121,0.001633360335717642,7950.875394900473
2026-08-03 09:03:28,LOT_B,RCP_02,147.7354605916226,101140.44670149455,0.4999648212420577,0.001978317617153081,8206.793199905305
2026-08-03 09:03:29,LOT_B,RCP_02,148.51886224539084,101408.61559740525,0.5020527992443088,0.001893851335739423,7667.280686846628
2026-08-03 09:03:30,LOT_B,RCP_02,150.31889966099266,101198.95837730529,0.4983246050242998,0.0016103187012078129,7582.991350027725
2026-08-03 09:03:31,LOT_B,RCP_02,147.08999448645503,101011.05294596117,0.5089189273656382,0.0020665774260386588,8205.930231760949
2026-08-03 09:03:32,LOT_B,RCP_02,149.04410934933597,101426.44240748494,0.493728278334278,0.0018988196052549288,7849.255421858249
2026-08-03 09:03:33,LOT_B,RCP_02,148.30279601599963,101048.02112929469,0.5050437492942519,0.001798470582656243,7901.943496769929
2026-08-03 09:03:34,LOT_B,RCP_02,148.5281507441188,100985.96695813732,0.505471629802884,0.002038532820843267,7535.797399514959
2026-08-03 09:03:35,LOT_B,RCP_02,150.44397126843862,101455.72641715172,0.49659136477613763,0.001823894667574446,7830.2551714120045
2026-08-03 09:03:36,LOT_B,RCP_02,149.77488622928564,101099.0037099354,0.5089170944422239,0.0017957875387343953,7998.108175842212
2026-08-03 09:03:37,LOT_B,RCP_02,150.92585327471755,101422.05219448917,0.5039819611317813,0.0017009549825967017,8232.594464405724
2026-08-03 09:03:38,LOT_B,RCP_02,148.77751182188015,101436.60201142606,0.5038845560272917,0.001887277565896062,7807.192458441341
2026-08-03 09:03:39,LOT_B,RCP_02,147.99784263919418,100730.28549945421,0.5001120887481035,0.001871490445098597,8414.344030058124
2026-08-03 09:03:40,LOT_B,RCP_02,148.67764330369207,101059.37943806729,0.4991310953671253,0.0018022020209834569,7828.86099395505
2026-08-03 09:03:41,LOT_B,RCP_02,149.34919537943057,102018.88846995823,0.49916236469184155,0.0016815020469198596,7829.227049603706
2026-08-03 09:03:42,LOT_B,RCP_02,149.25426563617333,100718.96024363286,0.5015621223852781,0.001819489478124911,8384.339387974449
2026-08-03 09:03:43,LOT_B,RCP_02,147.43848117598395,100241.67277551473,0.5056047451001355,0.0017895301821356793,8052.86503809098
2026-08-03 09:03:44,LOT_B,RCP_02,149.13030528554413,100369.07742337874,0.5007252568714456,0.0015999788521898698,7861.993817747106
2026-08-03 09:03:45,LOT_B,RCP_02,149.32864879540003,101314.55497328834,0.49635422550745084,0.0015792281473013723,7961.216717204851
2026-08-03 09:03:46,LOT_B,RCP_02,152.62516261404886,101315.45863901635,0.5032977082495399,0.0018847730068214654,8338.268394385515
2026-08-03 09:03:47,LOT_B,RCP_02,151.70265624024563,101241.19457228744,0.5036846029855792,0.0014097167527422467,8366.55070490642
2026-08-03 09:03:48,LOT_B,RCP_02,147.7713295751953,101907.09491446425,0.5026186381137911,0.001830811579044189,7795.801705182436
2026-08-03 09:03:49,LOT_B,RCP_02,148.5861679593692,99963.58278344852,0.5029819956260999,0.0017282875413369262,7989.391547480223
2026-08-03 09:03:50,LOT_B,RCP_02,146.8926435173547,101497.9669372154,0.4989162874793687,0.0019962369910319867,8022.539206916893
2026-08-03 09:03:51,LOT_B,RCP_02,148.14938189989257,102080.71910090178,0.4962840433314777,0.0017259797686269187,7753.439972370851
2026-08-03 09:03:52,LOT_B,RCP_02,149.4544712051701,100736.10961755413,0.49652722627743684,0.0018989226321377843,7986.078736837501
2026-08-03 09:03:53,LOT_B,RCP_02,150.73642921407904,101110.09674410505,0.4934581470061686,0.0017404629238143312,8001.330715112925
2026-08-03 09:03:54,LOT_B,RCP_02,147.9501192736492,100923.55404138568,0.5009477944461839,0.0018170622230229217,8285.052369734183
2026-08-03 09:03:55,LOT_B,RCP_02,148.0580291263024,100852.82697696124,0.4996662048670936,0.0019105254796380079,8301.8562570778
2026-08-03 09:03:56,LOT_B,RCP_02,145.90790379717635,101136.86899748848,0.49824004918188114,0.001730616642551313,7917.697650410248
2026-08-03 09:03:57,LOT_B,RCP_02,148.76576107441534,102013.74264184225,0.4881775247026197,0.0019494832326747607,7946.511714034797
2026-08-03 09:03:58,LOT_B,RCP_02,147.47012324692224,102218.69333774375,0.4950107301212233,0.0016509453184340276,8166.073075513908
2026-08-03 09:03:59,LOT_B,RCP_02,148.23760722459286,101132.03038747993,0.5044833626056127,0.001844188926383757,7853.702887768248
2026-08-03 09:04:00,LOT_B,RCP_02,147.73732047943867,102252.53010703223,0.4973414959997475,0.001938395958418178,8147.16003793435
2026-08-03 09:04:01,LOT_B,RCP_02,148.86426192187633,101317.78823849231,0.5014423667106274,0.00189900562376855,7978.023378157696
2026-08-03 09:04:02,LOT_B,RCP_02,146.46887111644645,102176.84551335055,0.494437258280099,0.0020874667315103116,7757.650355565345
2026-08-03 09:04:03,LOT_B,RCP_02,146.88745484663698,101253.35067517325,0.5057548219294369,0.001685484102403401,7760.790821780089
2026-08-03 09:04:04,LOT_B,RCP_02,152.06611584132074,101365.52891302307,0.4994238893597813,0.0015931276122977118,8361.764674007774
2026-08-03 09:04:05,LOT_B,RCP_02,147.1461114829654,101482.73723632141,0.5011601615859341,0.001650849733725732,7960.894630214176
2026-08-03 09:04:06,LOT_B,RCP_02,147.4206287670253,102889.42683968376,0.5093031191675268,0.0018990663849822655,8410.088523474578
2026-08-03 09:04:07,LOT_B,RCP_02,151.64515548078268,101725.64278742239,0.5060657604023576,0.001874688440140407,7871.590934821273
2026-08-03 09:04:08,LOT_B,RCP_02,153.18329672370618,100946.36773502427,0.49877373751485177,0.0018153384989471125,8072.801300282872
2026-08-03 09:04:09,LOT_B,RCP_02,147.3129440544915,101784.49893513793,0.49762711926051856,0.0016315564426339305,8598.16918075456
2026-08-03 09:04:10,LOT_B,RCP_02,148.46972150222524,101119.08373145782,0.4986978199539219,0.0019150300939993592,7735.65331383418
2026-08-03 09:04:11,LOT_B,RCP_02,149.49183999335432,101055.12490854939,0.5020395929939061,0.001616294283352419,7525.546375025056
2026-08-03 09:04:12,LOT_B,RCP_02,151.48932460794407,101754.30067994606,0.4995791034629965,0.001973842437356535,8321.64753282181
2026-08-03 09:04:13,LOT_B,RCP_02,147.57892580706334,101315.54279388557,0.4984190234199861,0.0022286157634709798,7793.297723651732
2026-08-03 09:04:14,LOT_B,RCP_02,148.64679990184337,101439.2879572559,0.5058687250028362,0.0018549676719857326,7994.8234089734415
2026-08-03 09:04:15,LOT_B,RCP_02,150.1193661095289,101306.99261093263,0.49954316043288866,0.0018874662203486614,7853.520447387104
2026-08-03 09:04:16,LOT_B,RCP_02,149.62606314723195,101468.29156330272,0.5091983563721493,0.001726071034665666,8067.040695238828
2026-08-03 09:04:17,LOT_B,RCP_02,148.45833525742864,101512.48294871807,0.5003629702550086,0.0015284680018369777,7762.365948203565
2026-08-03 09:04:18,LOT_B,RCP_02,148.8072949310969,100331.51653364729,0.507141273576899,0.0017095920955454667,7955.014978029173
2026-08-03 09:04:19,LOT_B,RCP_02,147.0201500359472,101633.28633430476,0.5014292776908426,0.0016360657138351877,8112.453831639133
2026-08-03 09:04:20,LOT_B,RCP_02,148.65702980867647,100808.99029008485,0.5038518422929978,0.0015829493135377478,7747.922778431435
2026-08-03 09:04:21,LOT_B,RCP_02,148.61640201438712,100578.8504322203,0.4971015557939291,0.0020583539912993475,7824.978992588528
2026-08-03 09:04:22,LOT_B,RCP_02,149.3343246410618,101270.79437807066,0.49658496310965033,0.001840929377703866,7913.154291600367
2026-08-03 09:04:23,LOT_B,RCP_02,148.2003288049006,101341.99050165722,0.50183882382006,0.0018569531370920976,7642.79614144343
2026-08-03 09:04:24,LOT_B,RCP_02,149.67901547246498,100953.24691771386,0.5039542129698613,0.0017536466452205625,7894.359754300313
2026-08-03 09:04:25,LOT_B,RCP_02,150.45831077766056,101715.51592883398,0.5001610260080018,0.0017740693376334846,8029.699134975725
2026-08-03 09:04:26,LOT_B,RCP_02,149.22381823184259,100628.91241681455,0.49485442665966517,0.0019446826023359,7900.112764602893
2026-08-03 09:04:27,LOT_B,RCP_02,149.50652922809485,101096.52812561371,0.49455896653484266,0.0017951494321957178,7932.155876767069
2026-08-03 09:04:28,LOT_B,RCP_02,149.0765437005121,101007.5629325335,0.49429145439125505,0.00187960409070371,7995.024582273354
2026-08-03 09:04:29,LOT_B,RCP_02,149.00012152605163,101276.70636483033,0.4929295115482425,0.0017705993553232477,7836.064134391922
2026-08-03 09:04:30,LOT_B,RCP_02,147.9609564316983,101439.43214232361,0.5004379414377884,0.001748677066390193,8172.76564146672
2026-08-03 09:04:31,LOT_B,RCP_02,149.45575173680956,100796.05352518822,0.5045001756868321,0.0015889628751597207,8358.994531200444
2026-08-03 09:04:32,LOT_B,RCP_02,148.85990729828458,101662.1413387281,0.4999463368523008,0.0015033376406449308,7883.904901951138
2026-08-03 09:04:33,LOT_B,RCP_02,152.01416236486006,101331.50118416735,0.49095834097064855,0.0017607657148400397,8121.299557869427
2026-08-03 09:04:34,LOT_B,RCP_02,151.26563105956433,100354.02687334405,0.4992369581586618,0.001808474503798985,7940.095711141338
2026-08-03 09:04:35,LOT_B,RCP_02,149.55561903568136,100320.70427980147,0.4993488040134696,0.0016070804944936813,8091.3718362596255
2026-08-03 09:04:36,LOT_B,RCP_02,147.90119761803953,101293.84035353534,0.5083839950009017,0.001794828770244805,8391.444882800814
2026-08-03 09:04:37,LOT_B,RCP_02,147.39812748034387,101189.51634110682,0.4941714483483218,0.0018080628844485754,8127.164885754524
2026-08-03 09:04:38,LOT_B,RCP_02,150.71524585244796,101248.28994321269,0.4984372895896032,0.0014765987990910932,7556.64636529758
2026-08-03 09:04:39,LOT_B,RCP_02,149.37835888421188,101286.00877173488,0.5068234107221783,0.0016627313010780748,8113.498907861739
2026-08-03 09:04:40,LOT_B,RCP_02,149.69140650088394,101412.77991975508,0.5017999133653862,0.0018610895840603203,8308.215935827253
2026-08-03 09:04:41,LOT_B,RCP_02,146.48779617875715,101773.82480492415,0.5022532522940657,0.0018580588094093615,7944.600957500474
2026-08-03 09:04:42,LOT_B,RCP_02,150.33551141344378,100744.44754954122,0.5004583377480956,0.0016269487625400361,8248.908701529459
2026-08-03 09:04:43,LOT_B,RCP_02,149.65436528702867,100714.0142035496,0.501319774154629,0.0018237672075749603,7827.471114712013
2026-08-03 09:04:44,LOT_B,RCP_02,147.40097981444313,100753.3380710563,0.5031104381211141,0.001953361083804071,7628.615210119431
2026-08-03 09:04:45,LOT_B,RCP_02,148.32100427727207,101444.45833358435,0.4967620547244289,0.0019165609438486348,8035.292254708161
2026-08-03 09:04:46,LOT_B,RCP_02,149.37975277427338,101922.47368932323,0.5035122343156327,0.00178570713194791,7560.880819813422
2026-08-03 09:04:47,LOT_B,RCP_02,149.075552189633,101084.33028088024,0.49450798793245787,0.0017298035530013563,7940.057246776602
2026-08-03 09:04:48,LOT_B,RCP_02,148.57927349244287,100049.15007792017,0.5013134718913261,0.0017055983273498243,8321.710565661375
2026-08-03 09:04:49,LOT_B,RCP_02,148.85097689398503,100448.00356869481,0.5007149638531453,0.0018701729674364487,7522.55927356343
2026-08-03 09:04:50,LOT_B,RCP_02,148.6371525753821,100883.481638602,0.49753482764723156,0.0018292655959714333,7680.125801021526
2026-08-03 09:04:51,LOT_B,RCP_02,149.21969001742755,101021.13555625238,0.4999092588986974,0.00189441060091533,7741.991938709606
2026-08-03 09:04:52,LOT_B,RCP_02,151.11894844111015,101095.80568637262,0.4975098393893378,0.0018197810719681729,7984.17003507226
2026-08-03 09:04:53,LOT_B,RCP_02,145.30401184505894,101319.29056149046,0.49571319469255304,0.0019228145925521162,7908.570803588447
2026-08-03 09:04:54,LOT_B,RCP_02,148.65893561910607,101144.12683458878,0.49858554103354547,0.001814188879943655,8349.784095424022
2026-08-03 09:04:55,LOT_B,RCP_02,149.25417788677632,101824.6698052717,0.49558404545851337,0.0019177033074197528,8238.587082272925
2026-08-03 09:04:56,LOT_B,RCP_02,149.42623134514943,100961.99134715932,0.501291189856373,0.001930623415554996,8123.818236517149
2026-08-03 09:04:57,LOT_B,RCP_02,148.46444300289733,100868.84102026222,0.49539965802339053,0.001679321005466278,8036.40757858597
2026-08-03 09:04:58,LOT_B,RCP_02,146.47032063323087,101539.43776926023,0.5028479080919642,0.001528778392969388,8098.307444246207
2026-08-03 09:04:59,LOT_B,RCP_02,149.47231349654834,100532.17896503693,0.49527408372828474,0.002031523928402183,7784.504411171656
2026-08-03 09:05:00,LOT_B,RCP_02,151.48738430839643,101494.84585265999,0.49773482033767596,0.0018384988096068393,8214.302588389153
2026-08-03 09:05:01,LOT_B,RCP_02,146.79123957692076,101351.27659186312,0.49750158636713926,0.001542827115675582,7721.9889364102
2026-08-03 09:05:02,LOT_B,RCP_02,150.2439123397254,101226.27875504091,0.5053005869154994,0.0016929270754171934,8208.844248475558
2026-08-03 09:05:03,LOT_B,RCP_02,148.52692367870304,102094.13805357463,0.5013211597824664,0.0019157811438554743,8296.535625529708
2026-08-03 09:05:04,LOT_B,RCP_02,148.91169294200648,100988.89627735264,0.4991530647898224,0.001758048475330066,8052.716150522022
2026-08-03 09:05:05,LOT_B,RCP_02,147.48382614458632,102330.14908526203,0.5019948777642789,0.001723190787102131,7955.946735259506
2026-08-03 09:05:06,LOT_B,RCP_02,148.51838311180754,101187.28427538594,0.49157123061068125,0.0020101322790469453,8100.077477077418
2026-08-03 09:05:07,LOT_B,RCP_02,150.8720642163665,100661.49177751488,0.4998274656414364,0.0016429069280424285,7284.620407474832
2026-08-03 09:05:08,LOT_B,RCP_02,149.8390235484623,101334.9597904974,0.507990056711219,0.0016802769963367749,8075.5645546213655
2026-08-03 09:05:09,LOT_B,RCP_02,151.49452871179034,100761.87739984061,0.5005293860256107,0.0018317079712572401,7971.661500540049
2026-08-03 09:05:10,LOT_B,RCP_02,150.69547312012787,100924.12207609323,0.5002716526766773,0.0018585682398080824,7987.342971735752
2026-08-03 09:05:11,LOT_B,RCP_02,149.6322848176586,101498.51665000775,0.5021925135185688,0.0018744514551511098,8176.633128224457
2026-08-03 09:05:12,LOT_B,RCP_02,151.51126571768162,101577.79104432506,0.5035824209732574,0.001936685706685342,7981.307769608818
2026-08-03 09:05:13,LOT_B,RCP_02,149.63215014858315,100988.91614987286,0.49201013322844056,0.0018297867931022277,7714.94828583721
2026-08-03 09:05:14,LOT_B,RCP_02,150.19230297458776,101793.70257252321,0.4932706940728359,0.0018734075908407614,7964.649332293656
2026-08-03 09:05:15,LOT_B,RCP_02,148.57293782691002,101878.75387901056,0.5008411651643446,0.0017611186111027375,8016.888871020207
2026-08-03 09:05:16,LOT_B,RCP_02,149.09582597483725,102018.15087828164,0.49714049375240993,0.001809404745485507,8028.733477895253
2026-08-03 09:05:17,LOT_B,RCP_02,147.9957096944476,101564.70670356286,0.5052481010488796,0.0018161301270080451,8040.479841821267
2026-08-03 09:05:18,LOT_B,RCP_02,150.42500086581657,101981.71435604284,0.4987393024404591,0.0018322647203728554,8259.842261229638
2026-08-03 09:05:19,LOT_B,RCP_02,147.3032427827146,100359.60078601296,0.4922618770571475,0.001915880971137414,7728.491361741463
2026-08-03 09:05:20,LOT_B,RCP_02,150.12658449308145,101141.04672568577,0.494927944332624,0.0018832718522917248,8043.925114041212
2026-08-03 09:05:21,LOT_B,RCP_02,148.7254624771926,100866.49737183828,0.48900129592147773,0.0018066325504350275,8322.48242465456
2026-08-03 09:05:22,LOT_B,RCP_02,150.68659581459292,101359.6129305637,0.4990634978508684,0.001678631102258844,7566.347125765701
2026-08-03 09:05:23,LOT_B,RCP_02,150.081251343773,101014.27539040163,0.4992464634909425,0.0018101506887094065,8044.911670195013
2026-08-03 09:05:24,LOT_B,RCP_02,151.62173046701142,101216.92107902512,0.49830214916087245,0.0017957973322656384,7853.6553745067395
2026-08-03 09:05:25,LOT_B,RCP_02,150.05231555523966,102241.08744010203,0.504315516156119,0.0018289772369719799,7907.322403881723
2026-08-03 09:05:26,LOT_B,RCP_02,146.73626203185933,101215.14010178982,0.5047940793460668,0.0021309787960710606,7773.798124196394
2026-08-03 09:05:27,LOT_B,RCP_02,148.90358743102658,101506.8961585951,0.4993184463065755,0.0017214340832188146,7957.612321074888
2026-08-03 09:05:28,LOT_B,RCP_02,147.31230964266348,101183.86533503787,0.49146122533009257,0.001863343352868804,8460.313903606726
2026-08-03 09:05:29,LOT_B,RCP_02,148.25367702699256,101337.85664397842,0.502469126321969,0.001960269310086645,7683.892409705696
2026-08-03 09:05:30,LOT_B,RCP_02,151.17616894391847,101303.00834021803,0.5022214409140343,0.0018147002871149074,7707.597499380294
2026-08-03 09:05:31,LOT_B,RCP_02,149.91804868769268,101524.16203298658,0.5012375662806278,0.002150676767875825,7674.516357459124
2026-08-03 09:05:32,LOT_B,RCP_02,147.99354018284663,101882.65376777359,0.5039259189972325,0.0017432941062402786,8431.854571657026
2026-08-03 09:05:33,LOT_B,RCP_02,147.54024699232582,102123.69699880166,0.49534068761415584,0.0018486133833480072,7884.415073619678
2026-08-03 09:05:34,LOT_B,RCP_02,149.04720621374182,101454.81004095459,0.5080350215447406,0.0016801791382660526,7993.590234913081
2026-08-03 09:05:35,LOT_B,RCP_02,147.24815338489117,101594.7734430178,0.49616228898743253,0.001747271289728506,7899.304264723441
2026-08-03 09:05:36,LOT_B,RCP_02,148.0335580005489,100724.56774540721,0.5029968917088035,0.0018373400865594987,7763.894280399227
2026-08-03 09:05:37,LOT_B,RCP_02,149.44929363903378,101256.06162879219,0.4932506092223466,0.0019269456093461595,7941.212338346391
2026-08-03 09:05:38,LOT_B,RCP_02,150.66364933199367,101770.1447324418,0.49627894125091976,0.0018478642251035361,8614.56090143414
2026-08-03 09:05:39,LOT_B,RCP_02,149.8766165200032,101732.98431920857,0.5060654745869013,0.0019888672274002103,8348.017730243564
2026-08-03 09:05:40,LOT_B,RCP_02,145.70054310761876,101405.80486639752,0.4989564007079966,0.0017857552034110994,7786.765545551932
2026-08-03 09:05:41,LOT_B,RCP_02,149.43828808980356,101743.19697978397,0.5033596904205312,0.0017501747205241492,8161.893525765421
2026-08-03 09:05:42,LOT_B,RCP_02,149.10372834545493,101545.38335449691,0.500947821554877,0.0022055977660919083,7792.119306833406
2026-08-03 09:05:43,LOT_B,RCP_02,149.59600201093667,101900.15312912966,0.4995801673759993,0.0018591356474163049,7555.908090288445
2026-08-03 09:05:44,LOT_B,RCP_02,151.32734194157774,101444.67957847855,0.5054554012997308,0.001692077768103218,8254.877729416157
2026-08-03 09:05:45,LOT_B,RCP_02,146.02893688140117,101122.15084221448,0.4990533647013924,0.0016958604356627897,8290.023211660888
2026-08-03 09:05:46,LOT_B,RCP_02,148.1488110677248,101467.92062846651,0.49287704756974615,0.0016585980128202991,8261.513062761975
2026-08-03 09:05:47,LOT_B,RCP_02,149.85090510482243,99834.70281207362,0.4967870396321932,0.0019404854033785181,7882.533687695107
2026-08-03 09:05:48,LOT_B,RCP_02,146.7225040647863,101491.44286819252,0.5022047669148068,0.0017453434060660138,7958.306066499503
2026-08-03 09:05:49,LOT_B,RCP_02,151.12536662919703,99475.7935873926,0.5015820364254501,0.001819104371348473,8187.441388414531
2026-08-03 09:05:50,LOT_B,RCP_02,149.53043352228894,100438.26829629729,0.49373176699905824,0.0017904736988342599,8097.874009337026
2026-08-03 09:05:51,LOT_B,RCP_02,150.21908093961449,101525.8843004705,0.4971026299223672,0.0019097238611911402,7901.590632175739
2026-08-03 09:05:52,LOT_B,RCP_02,148.1778411274086,101538.76466863339,0.497673114603191,0.001672988386067397,7595.232044970458
2026-08-03 09:05:53,LOT_B,RCP_02,150.17181971355132,100718.78560993004,0.49853812162354305,0.0016386641570785478,8028.468798535503
2026-08-03 09:05:54,LOT_B,RCP_02,150.5385990406242,100943.94897906053,0.4944963456455938,0.0018336445960772392,8269.752409809029
2026-08-03 09:05:55,LOT_B,RCP_02,149.33534434899752,101985.27049430706,0.4974865155675221,0.0018901438927049845,7700.602927741461
2026-08-03 09:05:56,LOT_B,RCP_02,149.33753728548612,101057.98493421366,0.49708555805896193,0.0018498798469646462,8159.689845418994
2026-08-03 09:05:57,LOT_B,RCP_02,149.38929426456568,102421.46015620149,0.5030861330390477,0.001678581940635401,8082.885423783424
2026-08-03 09:05:58,LOT_B,RCP_02,147.7567828187753,101299.04007341183,0.503236485243961,0.001901622726313709,8187.537065808083
2026-08-03 09:05:59,LOT_B,RCP_02,148.7875587004539,101504.01808844063,0.49941675816764475,0.001688420860935655,8217.99387492975
2026-08-03 09:06:00,LOT_B,RCP_02,148.7803675532686,102108.4371992493,0.4984318408165171,0.0017217692032820426,7826.383689518661
2026-08-03 09:06:01,LOT_B,RCP_02,149.5822126876816,101365.5135580967,0.5005596972481564,0.0016584069712916997,7595.760149958764
2026-08-03 09:06:02,LOT_B,RCP_02,150.49999796157593,100798.8280096546,0.4967336995701777,0.0019951737522978046,7866.62011857928
2026-08-03 09:06:03,LOT_B,RCP_02,147.56608461098875,101245.13627415286,0.49541267167133024,0.0018950132311541024,8222.28182938175
2026-08-03 09:06:04,LOT_B,RCP_02,148.94048908839002,101282.19463190496,0.49623911516429714,0.0018907490063518311,7864.499024118508
2026-08-03 09:06:05,LOT_B,RCP_02,151.28392360369168,100617.62917389921,0.49746074734411416,0.001987081713171368,7826.48916903559
2026-08-03 09:06:06,LOT_B,RCP_02,148.10998608858523,101172.08396432959,0.4953461048008309,0.0022218973872358085,7544.662414518841
2026-08-03 09:06:07,LOT_B,RCP_02,148.02683863618978,100928.90395300128,0.5006482382362515,0.0015436160844134767,8438.161888637735
2026-08-03 09:06:08,LOT_B,RCP_02,149.53232510033735,101762.17887859371,0.5029188626951349,0.0016892435128684337,8206.428410356328
2026-08-03 09:06:09,LOT_B,RCP_02,150.48704438141183,101317.30593709262,0.49365160679680703,0.0017075737373738215,8192.47399531869
2026-08-03 09:06:10,LOT_B,RCP_02,149.31770875013285,101158.60212542622,0.5001005148448641,0.0016723770566425963,8241.931346694868
2026-08-03 09:06:11,LOT_B,RCP_02,151.24508400336734,101246.90903468871,0.4991202568189346,0.0016383625128594433,8144.1770903858505
2026-08-03 09:06:12,LOT_B,RCP_02,150.59528961104644,101411.56100920308,0.5013660347421472,0.0017550520403916952,7938.917786205118
2026-08-03 09:06:13,LOT_B,RCP_02,150.60385269548487,101608.40709984489,0.4999482449275856,0.0016175094427065893,7959.05897396945
2026-08-03 09:06:14,LOT_B,RCP_02,150.2196850840824,100800.14388566531,0.49418560288027347,0.001850256355130612,7893.108908851968
2026-08-03 09:06:15,LOT_B,RCP_02,152.80370330968665,100779.20618368937,0.49495044280457134,0.0018077547482142921,8658.68518860375
2026-08-03 09:06:16,LOT_B,RCP_02,149.18657553623373,101852.33960770127,0.5001176943023399,0.0018721542997145483,8138.9780078248605
2026-08-03 09:06:17,LOT_B,RCP_02,146.62706179063758,101093.83156389763,0.504115123678982,0.001876159267745738,7884.049889662141
2026-08-03 09:06:18,LOT_B,RCP_02,151.8523856948106,100591.57895370155,0.491143250515828,0.0018904510280140015,8116.374193541571
2026-08-03 09:06:19,LOT_B,RCP_02,148.91329775666065,101521.90635469156,0.5013829063192063,0.0017439886594764178,7747.2827705359205
2026-08-03 09:06:20,LOT_B,RCP_02,149.757858300105,101531.68490301634,0.5047584880211505,0.00211817151039505,8376.126679647306
2026-08-03 09:06:21,LOT_B,RCP_02,151.51838896946273,100534.64237137165,0.4993878964951751,0.0018351646674723149,7834.732726048215
2026-08-03 09:06:22,LOT_B,RCP_02,147.35550776715132,101414.7408577318,0.5022008099841058,0.0015206272871062807,8125.271358155617
2026-08-03 09:06:23,LOT_B,RCP_02,147.89051504097588,101667.79154621418,0.4971877236764088,0.0016496436381350675,8266.494407435785
2026-08-03 09:06:24,LOT_B,RCP_02,147.41717232285012,101487.19322585313,0.49952253520289247,0.0015389245516458276,8096.192136051249
2026-08-03 09:06:25,LOT_B,RCP_02,148.6095818176772,101615.9907418807,0.49351634592676735,0.0018026001943726962,8023.617497954909
2026-08-03 09:06:26,LOT_B,RCP_02,150.41634031099082,100597.86545095463,0.4906226267663245,0.001781729216392,8002.700521214005
2026-08-03 09:06:27,LOT_B,RCP_02,150.56821961498932,101465.52007749809,0.5037710632049011,0.0017297361453150815,7985.889725778224
2026-08-03 09:06:28,LOT_B,RCP_02,150.24134946258457,101148.69012026477,0.49606002028910223,0.0021016389168600773,7855.825377768125
2026-08-03 09:06:29,LOT_B,RCP_02,147.83925729455902,101058.60492063768,0.4981778886199863,0.0018823474311115366,7887.629142557575
2026-08-03 09:06:30,LOT_B,RCP_02,146.57721674162556,101735.27780470987,0.49445423098691926,0.0019089147542169502,8369.897593412734
2026-08-03 09:06:31,LOT_B,RCP_02,150.01216037635126,102039.63725533712,0.4943601211876645,0.0016603389768086844,7972.8658418287105
2026-08-03 09:06:32,LOT_B,RCP_02,149.28465924796245,102197.18502730018,0.49930464919962153,0.0016501282663003484,7803.550932654307
2026-08-03 09:06:33,LOT_B,RCP_02,150.65565777068613,101957.40393575295,0.4970816912234574,0.0018055208248645433,7870.9256007846225
2026-08-03 09:06:34,LOT_B,RCP_02,151.03508100418543,101245.1329091849,0.5015118839919788,0.001825951070947834,8275.092670174306
2026-08-03 09:06:35,LOT_B,RCP_02,150.25346096760381,101476.36008151316,0.5018101536759183,0.0015215532649328317,8168.901658291119
2026-08-03 09:06:36,LOT_B,RCP_02,151.17911047139313,101683.41143589212,0.5012833985852985,0.00177295394657257,8140.082294558065
2026-08-03 09:06:37,LOT_B,RCP_02,150.44470873019011,101360.58897464973,0.5009544031637138,0.0018021108124310257,7935.619700272552
2026-08-03 09:06:38,LOT_B,RCP_02,150.9080630505431,101365.38209395578,0.5063110728197275,0.0017677276251343308,8143.3406175432365
2026-08-03 09:06:39,LOT_B,RCP_02,149.1601658989569,101711.87656593809,0.49572962492382044,0.0016779914381479986,7839.109718762338
2026-08-03 09:06:40,LOT_C,RCP_03,149.94638048458478,101270.35867698703,0.49978026053518837,0.001719069722711829,7935.096492163557
2026-08-03 09:06:41,LOT_C,RCP_03,150.51850402270068,100935.35653181317,0.5045307592820784,0.0017734711209640805,8242.451121847937
2026-08-03 09:06:42,LOT_C,RCP_03,151.44683297112832,101092.76346708207,0.5050581592373521,0.0018136200035415073,8218.569419729765
2026-08-03 09:06:43,LOT_C,RCP_03,149.72841020153638,101616.95518886686,0.4943129454026217,0.0018907187373825853,7754.522538512299
2026-08-03 09:06:44,LOT_C,RCP_03,151.07600386080657,101301.49664559997,0.49875057823337654,0.001962128430742631,7786.118386772856
2026-08-03 09:06:45,LOT_C,RCP_03,149.97284067520673,101470.10498843418,0.505432484383469,0.0017558478414709127,8027.175538203352
2026-08-03 09:06:46,LOT_C,RCP_03,150.21651333762492,101635.03962110108,0.5020323164207963,0.0017315765705826964,8431.533093667378
2026-08-03 09:06:47,LOT_C,RCP_03,151.61040700210464,101112.57926855118,0.5007810521259191,0.001865648351030146,7521.108708882752
2026-08-03 09:06:48,LOT_C,RCP_03,147.57601817028453,101678.1240818149,0.49912926122626133,0.0018916267374616282,8069.583234892626
2026-08-03 09:06:49,LOT_C,RCP_03,148.60923047518742,101489.42130172919,0.498464796297169,0.0017348699350111672,7655.9891671067135
2026-08-03 09:06:50,LOT_C,RCP_03,148.37192917830993,100682.59345654426,0.5011528762523613,0.001918559021544926,7841.417251618614
2026-08-03 09:06:51,LOT_C,RCP_03,147.1759944610586,102021.15239559312,0.4989905035000621,0.001946937801173396,7908.892895483939
2026-08-03 09:06:52,LOT_C,RCP_03,149.58982640282926,101049.62762812154,0.49982968551582224,0.001993752969848801,7894.8729141407775
2026-08-03 09:06:53,LOT_C,RCP_03,151.67583753527322,100472.4523284074,0.5003143948244602,0.0020667481360079733,7866.551015085198
2026-08-03 09:06:54,LOT_C,RCP_03,150.21654518708695,100777.47814520684,0.497287713886026,0.001670037579201084,8001.801765094094
2026-08-03 09:06:55,LOT_C,RCP_03,150.94172148368665,100789.47741966083,0.5021285174955257,0.0018020847313998767,7866.1861083423555
2026-08-03 09:06:56,LOT_C,RCP_03,152.2555024839665,101326.08665932876,0.5116569785936617,0.001801691654492799,7634.385653786461
2026-08-03 09:06:57,LOT_C,RCP_03,152.62902284218097,101163.07474722687,0.4928920534426957,0.001785288964720124,8194.967403130693
2026-08-03 09:06:58,LOT_C,RCP_03,150.64772170872237,101131.5840161797,0.5012960500967599,0.0017026105620584796,8188.21804178722
2026-08-03 09:06:59,LOT_C,RCP_03,152.72656953872053,101609.85098274123,0.4969592396455244,0.0015771656995153393,8210.793577505667
2026-08-03 09:07:00,LOT_C,RCP_03,150.94019376889827,101469.93768059634,0.502309610310077,0.0018139019169043505,7614.8163759339795
2026-08-03 09:07:01,LOT_C,RCP_03,149.63180346145413,101466.4038235903,0.5001862298933115,0.0016847466510678131,8074.729538146037
2026-08-03 09:07:02,LOT_C,RCP_03,150.01184591961209,101521.67400520066,0.5030474190961699,0.0018128990221121437,8168.994713951731
2026-08-03 09:07:03,LOT_C,RCP_03,148.76593537169717,101633.20699880559,0.5047020263060351,0.001680893468745172,7742.199482890104
2026-08-03 09:07:04,LOT_C,RCP_03,149.6491207234269,100279.5428821839,0.5007696844710727,0.0016350512481233487,8002.293312045533
2026-08-03 09:07:05,LOT_C,RCP_03,150.44261496498873,101159.68031520856,0.5045282091536567,0.0018351447540565346,7970.933338672409
2026-08-03 09:07:06,LOT_C,RCP_03,152.14544694673364,100260.1742973642,0.4906228084248453,0.0018226382290209744,8460.537664642066
2026-08-03 09:07:07,LOT_C,RCP_03,153.49631859872002,101376.68918127599,0.5063618091916641,0.00188689229569814,8481.124009253144
2026-08-03 09:07:08,LOT_C,RCP_03,149.0581941827106,101364.72262003306,0.5015002486075694,0.002127879564962644,7583.910901667449
2026-08-03 09:07:09,LOT_C,RCP_03,151.64433264216038,101898.18513180825,0.5043113734229807,0.001841593429681627,8623.481751431997
2026-08-03 09:07:10,LOT_C,RCP_03,149.61040333849184,101977.61607904213,0.49512049702063393,0.0018727622650596195,7771.19356971167
2026-08-03 09:07:11,LOT_C,RCP_03,151.82247594127824,101493.5662950759,0.49667692047357864,0.0016383658006699014,8245.168323581856
2026-08-03 09:07:12,LOT_C,RCP_03,150.98027287991346,101150.37812051944,0.5005837531765791,0.001606963883919544,8242.624495215934
2026-08-03 09:07:13,LOT_C,RCP_03,148.56265879069588,101651.5191037589,0.49993184844265015,0.002037424417016,7751.077443289549
2026-08-03 09:07:14,LOT_C,RCP_03,152.5660363707875,101153.35961709202,0.50113227435204,0.0016614780330100045,8123.316948459776
2026-08-03 09:07:15,LOT_C,RCP_03,150.38821319949685,101425.00199830068,0.5043380606437199,0.0016434083892797038,7973.116563933484
2026-08-03 09:07:16,LOT_C,RCP_03,150.52072340569606,101927.14637077089,0.4929391187387886,0.0017941351618175172,8138.582501158097
2026-08-03 09:07:17,LOT_C,RCP_03,149.77922179970938,101163.57242756394,0.5038952762868693,0.0017864711379933916,8057.668075595157
2026-08-03 09:07:18,LOT_C,RCP_03,150.407622876549,101853.67730844807,0.5000331276398318,0.0016646240240335063,8299.084871342562
2026-08-03 09:07:19,LOT_C,RCP_03,151.99607855259234,101797.91856144113,0.49918487255550176,0.001754254017193035,8018.849885786515
2026-08-03 09:07:20,LOT_C,RCP_03,151.13752999005575,100990.2018567977,0.4941155390624604,0.0019844063576475155,7958.031482643422
2026-08-03 09:07:21,LOT_C,RCP_03,151.9134406473035,101962.92471773998,0.5020121946735074,0.0016791009586752303,8274.016058264295
2026-08-03 09:07:22,LOT_C,RCP_03,151.99146035668682,101833.6407145852,0.49034356859587586,0.0015909491273450743,8145.098991214651
2026-08-03 09:07:23,LOT_C,RCP_03,153.4021711940024,101543.70037385392,0.5025935760449548,0.0019413890431349689,8182.953348580222
2026-08-03 09:07:24,LOT_C,RCP_03,151.0369318758097,101119.95558942192,0.494031576658108,0.0018738445367907056,7833.853331935351
2026-08-03 09:07:25,LOT_C,RCP_03,149.4339941998091,101079.89419741613,0.50021383165047,0.0017069222069027007,7738.684304650382
2026-08-03 09:07:26,LOT_C,RCP_03,153.12759525894316,101249.04580652056,0.4995233246506883,0.0015626749475809625,7858.069464186825
2026-08-03 09:07:27,LOT_C,RCP_03,151.14357753427197,101797.55421488619,0.5046781525891755,0.0016883064965342155,7844.794653579853
2026-08-03 09:07:28,LOT_C,RCP_03,153.256059145296,101056.82428780769,0.4992853793239444,0.0017917943344726093,8196.549817163228
2026-08-03 09:07:29,LOT_C,RCP_03,152.23323459109992,101761.77288408647,0.4972234457554173,0.0019748508134825728,8243.996012573512
2026-08-03 09:07:30,LOT_C,RCP_03,151.5224590276369,100930.51888360549,0.49797358921611523,0.0016445127037695514,7961.2174276169
2026-08-03 09:07:31,LOT_C,RCP_03,152.24365988156893,101457.74224409342,0.5050915310750187,0.001787322017773279,8357.729754706088
2026-08-03 09:07:32,LOT_C,RCP_03,154.58100620373668,101622.98030186801,0.5021451878767236,0.0019012716989842346,8342.117348441283
2026-08-03 09:07:33,LOT_C,RCP_03,154.79252560200476,102799.10138537861,0.49845748007390733,0.001442809898981712,8060.849729100134
2026-08-03 09:07:34,LOT_C,RCP_03,151.93170799777113,100896.25837335712,0.49905421432014196,0.001955067925190835,7794.52705711424
2026-08-03 09:07:35,LOT_C,RCP_03,152.09259914056906,102329.30337263054,0.4937312916376582,0.0016226324141690345,8393.844162358884
2026-08-03 09:07:36,LOT_C,RCP_03,153.4418360359566,101676.59718464727,0.5015538968034062,0.0018497993240185401,7984.745662242898
2026-08-03 09:07:37,LOT_C,RCP_03,150.70442384503258,101815.64182492976,0.4929607371692181,0.0018370024724416116,8031.541299107744
2026-08-03 09:07:38,LOT_C,RCP_03,152.4319225918004,101677.60971088405,0.5030071858633418,0.0019626879587195767,7915.098743598358
2026-08-03 09:07:39,LOT_C,RCP_03,151.9451842771891,101849.17905155571,0.5005144863699651,0.001882638657134031,7777.5524184257
2026-08-03 09:07:40,LOT_C,RCP_03,152.4645801257541,101558.35297854524,0.5095478071982957,0.001443406426240503,7632.840142421177
2026-08-03 09:07:41,LOT_C,RCP_03,150.84262674370063,102370.60050972315,0.4955994577851028,0.0016822831129266014,8158.2170808893225
2026-08-03 09:07:42,LOT_C,RCP_03,149.78382615691544,101423.7197351502,0.4995893516358375,0.001820730769402992,7804.149736525845
2026-08-03 09:07:43,LOT_C,RCP_03,149.1178327224654,102226.45248162035,0.5071931508036923,0.001770753017082032,8764.882807249207
2026-08-03 09:07:44,LOT_C,RCP_03,150.5240212706004,101346.53152369238,0.5047655585611657,0.0018716416094635155,7728.481604346881
2026-08-03 09:07:45,LOT_C,RCP_03,151.50268750600534,101646.96904886639,0.49721515179368037,0.001918404983350456,7685.654381254658
2026-08-03 09:07:46,LOT_C,RCP_03,151.77110955455632,101149.49358419009,0.5008958697134938,0.001891267760464452,8127.534678903361
2026-08-03 09:07:47,LOT_C,RCP_03,155.0130438362416,101921.36660877711,0.5000079974256604,0.0017678587586168301,8382.328369741825
2026-08-03 09:07:48,LOT_C,RCP_03,153.84618693802213,102424.79761533478,0.5011278234695766,0.0015230494483319278,8016.147414235805
2026-08-03 09:07:49,LOT_C,RCP_03,150.89827080083623,101671.93643522923,0.4972052782560607,0.0017316778126717774,8143.060605046818
2026-08-03 09:07:50,LOT_C,RCP_03,152.81450770291013,101620.55156405586,0.49964271838919705,0.0018624552222208433,7539.113145635323
2026-08-03 09:07:51,LOT_C,RCP_03,151.75774039404882,101170.06582014202,0.49360779049889314,0.0016364329121174284,7830.622113577058
2026-08-03 09:07:52,LOT_C,RCP_03,151.9645746506281,101621.10786316798,0.5005404938074723,0.0018946912095182365,7731.596067715608
2026-08-03 09:07:53,LOT_C,RCP_03,152.67105303557656,100947.73694835152,0.5018000826936874,0.0019362589945900956,7526.23853751303
2026-08-03 09:07:54,LOT_C,RCP_03,153.32591603187552,101296.07497312104,0.49909032234942446,0.0018190300464443765,8029.245058505971
2026-08-03 09:07:55,LOT_C,RCP_03,151.97590292965054,101874.28687780317,0.4935397964376609,0.0013404330200531406,7439.293094597391
2026-08-03 09:07:56,LOT_C,RCP_03,154.02650687659354,102428.78034188744,0.5039541274514059,0.0016082867455932295,7669.451008478138
2026-08-03 09:07:57,LOT_C,RCP_03,150.88029514682356,103182.25906189968,0.5014581001519712,0.002082928373783412,7865.701551496645
2026-08-03 09:07:58,LOT_C,RCP_03,152.56393996528283,101492.74097701762,0.49709593960919607,0.0017180193310457434,7792.178541012231
2026-08-03 09:07:59,LOT_C,RCP_03,156.32558740479172,102512.06348614395,0.49887759821264777,0.0015023785165306507,8099.102125551766
2026-08-03 09:08:00,LOT_C,RCP_03,152.93629759088668,101924.6695362902,0.4939973223888727,0.0019852871082465407,8076.3950479756195
2026-08-03 09:08:01,LOT_C,RCP_03,154.70901717403171,101735.54936098435,0.4958983594888884,0.001802003338731551,8223.449686483864
2026-08-03 09:08:02,LOT_C,RCP_03,152.8071028641008,102035.85029848877,0.4978487546145714,0.001965741073343659,8188.09593317817
2026-08-03 09:08:03,LOT_C,RCP_03,153.54175834781884,101858.89120273382,0.5049136832491206,0.0018415438012829048,8285.203197340346
2026-08-03 09:08:04,LOT_C,RCP_03,152.65379705363102,101891.51071196812,0.4974419864364501,0.0018687838704318253,7999.520399997737
2026-08-03 09:08:05,LOT_C,RCP_03,152.52030345969257,101640.52615601683,0.502560854637315,0.0018544513871571774,8075.866725204169
2026-08-03 09:08:06,LOT_C,RCP_03,151.673361248297,101154.01779579889,0.49784673518855366,0.00190462324678815,8127.878425479798
2026-08-03 09:08:07,LOT_C,RCP_03,153.44557537949302,101089.63991270543,0.5009917902434075,0.0021416145672834147,8035.414174347757
2026-08-03 09:08:08,LOT_C,RCP_03,151.6298533931792,102196.45484387524,0.49943441799142474,0.0019456509503938783,7900.701422520732
2026-08-03 09:08:09,LOT_C,RCP_03,153.8446352089106,101739.86224545994,0.503492226400371,0.0015629491023231698,7916.889366415057
2026-08-03 09:08:10,LOT_C,RCP_03,154.47913127803392,101588.54772894287,0.49786075464712576,0.0018669992272918356,7795.610400417509
2026-08-03 09:08:11,LOT_C,RCP_03,153.474248741066,101899.22488040068,0.49370988699999024,0.001971222115215483,8105.404207477458
2026-08-03 09:08:12,LOT_C,RCP_03,152.56437086133673,102300.81808176507,0.4944722038745455,0.001980405120980422,7976.496206478711
2026-08-03 09:08:13,LOT_C,RCP_03,153.660404994874,102001.91381508861,0.49787249002422895,0.001736009252541135,7834.206562340809
2026-08-03 09:08:14,LOT_C,RCP_03,152.59233088369518,101592.0842635231,0.4950037601172878,0.0019747416667782194,7834.438795168852
2026-08-03 09:08:15,LOT_C,RCP_03,154.4141334673644,102541.6380979362,0.5016408480627181,0.001939161359932681,7697.400318054303
2026-08-03 09:08:16,LOT_C,RCP_03,150.45984636843735,102726.4642598707,0.4981369273405677,0.0021858776155454594,8244.7103353093
2026-08-03 09:08:17,LOT_C,RCP_03,152.64392204262884,102192.52972430948,0.5094984262001057,0.0016874997395627234,8019.654417382947
2026-08-03 09:08:18,LOT_C,RCP_03,150.29055290275363,102440.46304058823,0.49304914161945146,0.0017238899135399363,7784.299995106682
2026-08-03 09:08:19,LOT_C,RCP_03,151.0345601032176,102582.99117159126,0.5008145327148392,0.0017540821427310068,8202.136937400504
2026-08-03 09:08:20,LOT_C,RCP_03,155.18153483268935,102535.44071965477,0.4954881879059773,0.0017264666774941837,7859.887797551407
2026-08-03 09:08:21,LOT_C,RCP_03,154.53676511880911,102285.82053827698,0.4980263946384693,0.0016664968875354596,7648.374843246942
2026-08-03 09:08:22,LOT_C,RCP_03,152.24177273185234,102286.32436152626,0.5005656778933621,0.0013855986741489385,8255.305572304784
2026-08-03 09:08:23,LOT_C,RCP_03,151.1443448140961,102255.36101293023,0.49069851450050284,0.0017347950789415299,7865.725752608472
2026-08-03 09:08:24,LOT_C,RCP_03,149.06915378731554,101455.24177725162,0.5009473044671521,0.0018554037089549857,7897.775227447803
2026-08-03 09:08:25,LOT_C,RCP_03,152.5855673053971,102362.65208122309,0.5076116298490967,0.0017260167231741134,8010.295005087295
2026-08-03 09:08:26,LOT_C,RCP_03,156.8837239774689,101342.76340549816,0.4981862468065256,0.0020903071775293667,8285.647305697528
2026-08-03 09:08:27,LOT_C,RCP_03,154.05468523375285,101631.75055176708,0.5010392314272221,0.0018020063719073793,8005.009322716578
2026-08-03 09:08:28,LOT_C,RCP_03,152.65279331394646,102689.2127015018,0.5040996867725016,0.0019936543582776203,7700.220718463693
2026-08-03 09:08:29,LOT_C,RCP_03,154.15841843055074,102465.92013721302,0.49934418599989205,0.0018392130619094952,8135.969251028046
2026-08-03 09:08:30,LOT_C,RCP_03,151.27104842357085,102797.88908897701,0.4976761592458741,0.0019239610964839888,7878.752568934569
2026-08-03 09:08:31,LOT_C,RCP_03,153.1208083326108,101926.73264055858,0.490897054385113,0.0018418862330900343,8471.980992882367
2026-08-03 09:08:32,LOT_C,RCP_03,153.72232705905063,101494.82530003201,0.5025639628775799,0.0020053176947855346,7999.720069500527
2026-08-03 09:08:33,LOT_C,RCP_03,153.4852200822982,101959.11101040337,0.4995473263610844,0.00180839090251986,7441.241125525334
2026-08-03 09:08:34,LOT_C,RCP_03,154.77809135916678,102138.72514582699,0.4959492645944474,0.0018744181062133177,8089.341243038918
2026-08-03 09:08:35,LOT_C,RCP_03,154.16574519272552,102135.58374364486,0.5005063868411108,0.0018549499400475067,8486.149448065056
2026-08-03 09:08:36,LOT_C,RCP_03,154.66197105603368,102671.30951312138,0.49766527857277526,0.0017567571812809022,8393.980072136348
2026-08-03 09:08:37,LOT_C,RCP_03,152.7384510265584,101932.21394950945,0.4978862954755379,0.0018607473478387015,8457.73857218914
2026-08-03 09:08:38,LOT_C,RCP_03,155.05268682409445,102297.24628618079,0.5024251646244349,0.0021351579369296523,7745.059953654634
2026-08-03 09:08:39,LOT_C,RCP_03,156.13562736357437,101635.29536383018,0.4946464703547046,0.0017594404586856838,8228.038098994193
2026-08-03 09:08:40,LOT_C,RCP_03,152.42306837371035,102363.14746583755,0.504189261144295,0.0018629197339279872,7819.501365065822
2026-08-03 09:08:41,LOT_C,RCP_03,152.57192746079195,102147.92299017661,0.4944092553475264,0.0019886668426304164,8056.072349854231
2026-08-03 09:08:42,LOT_C,RCP_03,155.8038641723346,101779.84193420969,0.497349194366579,0.001971037992141642,7681.761892815067
2026-08-03 09:08:43,LOT_C,RCP_03,153.63492491020514,102045.21381053269,0.5076917847762663,0.001801757462657905,7838.886058779321
2026-08-03 09:08:44,LOT_C,RCP_03,155.96208857863442,102079.42050663066,0.5045094190465697,0.0014424916945563959,7830.938325659095
2026-08-03 09:08:45,LOT_C,RCP_03,153.3334598719464,102044.81070348786,0.5003904159699818,0.00187750542279727,8224.638820035654
2026-08-03 09:08:46,LOT_C,RCP_03,156.0961024499135,103073.93877755842,0.49623787913799516,0.0014670788612065422,8200.179780417415
2026-08-03 09:08:47,LOT_C,RCP_03,154.22030191929608,102147.42504353881,0.4978829107732004,0.002020490584641185,8069.204932332705
2026-08-03 09:08:48,LOT_C,RCP_03,154.43293737169347,102083.07987787222,0.5002931012583428,0.0018254210806789891,7662.394645486153
2026-08-03 09:08:49,LOT_C,RCP_03,156.344407340326,101164.68234242397,0.5001500929293584,0.0019499511029807983,7922.09014151257
2026-08-03 09:08:50,LOT_C,RCP_03,153.6003894246143,101774.68403350747,0.49963651628149613,0.0016646833292728424,7813.470879264319
2026-08-03 09:08:51,LOT_C,RCP_03,152.7962486170145,102098.63088553718,0.49987666994366325,0.001567123879004992,8217.418939173624
2026-08-03 09:08:52,LOT_C,RCP_03,153.53565749859814,101895.62114794519,0.4991424995611795,0.0018391131576211753,8294.546213204296
2026-08-03 09:08:53,LOT_C,RCP_03,154.86307637009764,102937.78117099058,0.49423208505744,0.0017949594840065788,8264.09639650772
2026-08-03 09:08:54,LOT_C,RCP_03,151.98714794024417,102172.83837487172,0.4979339570313567,0.0017262688760764251,7811.195145145745
2026-08-03 09:08:55,LOT_C,RCP_03,155.18992462701425,102907.9092754971,0.5036584962159474,0.0018126991921099146,7315.11671942763
2026-08-03 09:08:56,LOT_C,RCP_03,153.52626135283964,102302.91935613133,0.4945266628097955,0.002215115383804839,7558.259525467486
2026-08-03 09:08:57,LOT_C,RCP_03,155.98506780467807,102299.06084558509,0.4992417779538429,0.0019251788321053586,8355.406744520553
2026-08-03 09:08:58,LOT_C,RCP_03,150.91460825717763,102244.4285917862,0.4967209842849166,0.001957424790879498,7899.686265170044
2026-08-03 09:08:59,LOT_C,RCP_03,153.25981390309684,102299.10482972134,0.5004454017175924,0.0019265905337330033,7812.318845433721
2026-08-03 09:09:00,LOT_C,RCP_03,151.99408000448233,103164.9840937037,0.4984454672757327,0.0020219193215778287,8410.66507335906
2026-08-03 09:09:01,LOT_C,RCP_03,153.26294923370787,101154.16111707131,0.5059095746598987,0.0017714892490648883,8316.289986372081
2026-08-03 09:09:02,LOT_C,RCP_03,154.8394840858814,101321.57349649574,0.502026332616761,0.001491785803848706,8006.112180479948
2026-08-03 09:09:03,LOT_C,RCP_03,154.25488437064942,102059.14084145518,0.49475278733689115,0.0017717120800490986,7926.6492272340065
2026-08-03 09:09:04,LOT_C,RCP_03,154.17823253502448,102346.37008622018,0.5026849120464548,0.0019217603564994753,7966.9746967967185
2026-08-03 09:09:05,LOT_C,RCP_03,154.34399554253488,102692.53824590154,0.49690139257495175,0.001654529940732739,8056.790699596867
2026-08-03 09:09:06,LOT_C,RCP_03,154.89622634682743,102592.40952080145,0.49769201451448986,0.0017735451074266005,8400.011820329903
2026-08-03 09:09:07,LOT_C,RCP_03,153.1811809029492,102172.12285361558,0.5012552760804285,0.001696234538549653,8105.616856059307
2026-08-03 09:09:08,LOT_C,RCP_03,155.68146180925447,102882.1475449449,0.4980330103210795,0.0020253043877764697,8181.507258259785
2026-08-03 09:09:09,LOT_C,RCP_03,155.64796284672747,102896.10328816855,0.5035714232652918,0.0019124185523109846,8292.317527267542
2026-08-03 09:09:10,LOT_C,RCP_03,155.2783040026097,102481.41439049611,0.4969019597539464,0.0018977310930965937,7707.580999743895
2026-08-03 09:09:11,LOT_C,RCP_03,155.55538305295931,102879.09414937191,0.4975242137896345,0.0018932401969681458,8188.71547311851
2026-08-03 09:09:12,LOT_C,RCP_03,155.2109423395745,102542.46788311272,0.49737451642580754,0.0017944126121171812,7926.3578113345975
2026-08-03 09:09:13,LOT_C,RCP_03,157.7447314973553,102133.78362627336,0.49773744500657985,0.0018296334423791255,7370.976201056808
2026-08-03 09:09:14,LOT_C,RCP_03,154.71893585811952,102771.81344743296,0.5043967662221913,0.0016222223129201525,7467.957614503547
2026-08-03 09:09:15,LOT_C,RCP_03,154.43227715304587,102486.59147749045,0.5025151851744413,0.001472033703187415,7745.470597120328
2026-08-03 09:09:16,LOT_C,RCP_03,153.81952279474564,102440.33472784652,0.5068397758160483,0.0018225121695517536,8132.805807148145
2026-08-03 09:09:17,LOT_C,RCP_03,153.44826978784073,103184.5214788322,0.509070576815597,0.0018485985384408216,8028.4498913350735
2026-08-03 09:09:18,LOT_C,RCP_03,153.17281418233978,101230.98851673554,0.4958771318722706,0.0019813896852638067,8046.091676793916
2026-08-03 09:09:19,LOT_C,RCP_03,153.71511094844539,101755.96238419396,0.5002816765093091,0.002035700372412355,8487.735870671673
2026-08-03 09:09:20,LOT_C,RCP_03,154.9233248529315,101879.64914435471,0.49529519873342626,0.002035499772749842,7682.727596285047
2026-08-03 09:09:21,LOT_C,RCP_03,155.53661511055972,102299.93392202565,0.49688957628900693,0.0016502964610059182,7993.1416614540685
2026-08-03 09:09:22,LOT_C,RCP_03,155.15900021285069,102362.6400491952,0.4974796699589773,0.0017471602447575348,8076.108880703455
2026-08-03 09:09:23,LOT_C,RCP_03,154.01311037204934,101744.66119845984,0.4957713805034469,0.001872050144382207,7815.9317208654165
2026-08-03 09:09:24,LOT_C,RCP_03,156.44187246674943,102014.1248944591,0.49579245090840635,0.0021797857016613268,8007.081686270736
2026-08-03 09:09:25,LOT_C,RCP_03,156.24048646568662,102084.6629596209,0.499422862485919,0.0020220148805570872,7600.012666478913
2026-08-03 09:09:26,LOT_C,RCP_03,154.97596417789808,103752.17573318878,0.4951331263264544,0.001967909574299757,8352.476554318757
2026-08-03 09:09:27,LOT_C,RCP_03,154.29578401528116,103432.71454929256,0.5033685078365505,0.0017418318066676063,7829.596361867391
2026-08-03 09:09:28,LOT_C,RCP_03,156.05584499260578,102334.34875484482,0.49632898585033,0.0016675200553267313,8507.850041194626
2026-08-03 09:09:29,LOT_C,RCP_03,155.56691627560343,102366.8117068019,0.5112382758803856,0.001918336182507486,7991.881419020636
2026-08-03 09:09:30,LOT_C,RCP_03,153.2410565790783,101982.38124162931,0.4981944621961424,0.001634900810364846,8257.013391349796
2026-08-03 09:09:31,LOT_C,RCP_03,155.258593787031,101611.29792187897,0.5002880705676682,0.0017642345473529546,7986.674282752212
2026-08-03 09:09:32,LOT_C,RCP_03,155.76394244804823,102515.30292355552,0.4948186352621358,0.0017827833076497117,7992.314041934867
2026-08-03 09:09:33,LOT_C,RCP_03,154.1211759091313,102083.19691340592,0.5068243670325105,0.002038936813368421,7853.9926666944975
2026-08-03 09:09:34,LOT_C,RCP_03,155.7202364103721,102548.07752746508,0.5044780027232116,0.0017467954045560484,8029.780982341568
2026-08-03 09:09:35,LOT_C,RCP_03,153.38204306892754,101798.77975704252,0.5011876634829444,0.0014341125542141077,8079.499673603513
2026-08-03 09:09:36,LOT_C,RCP_03,157.43122095472884,102226.27534067728,0.49461278980488177,0.0018756666971493704,7803.935372771205
2026-08-03 09:09:37,LOT_C,RCP_03,157.3342864722094,102689.95600575197,0.5008426675108985,0.0016951467220344112,7968.738896035029
2026-08-03 09:09:38,LOT_C,RCP_03,155.20373905534012,102807.12714526069,0.495514275815931,0.0018063946536656622,7847.475283485721
2026-08-03 09:09:39,LOT_C,RCP_03,156.1208637862372,102841.13821400788,0.5058494210538934,0.0017869942948736815,8574.91601740371
2026-08-03 09:09:40,LOT_C,RCP_03,152.15732743200968,101980.5376308265,0.5032367789274127,0.0017589444006273346,7977.567307522096
2026-08-03 09:09:41,LOT_C,RCP_03,153.992599954992,103076.50487624096,0.500381756153951,0.0019185510872677055,8386.30803792414
2026-08-03 09:09:42,LOT_C,RCP_03,155.26482446376755,102257.43605114042,0.4902544973470107,0.001570070268247094,7951.094417298078
2026-08-03 09:09:43,LOT_C,RCP_03,154.1741200809445,102982.35074501314,0.4960663360853639,0.0017224478662568462,8064.821910383727
2026-08-03 09:09:44,LOT_C,RCP_03,156.77684808979987,102668.98233766855,0.5027510445263995,0.001902605686967607,7669.658982088682
2026-08-03 09:09:45,LOT_C,RCP_03,158.65434968210138,101994.48781470684,0.5048515347668926,0.0017078872836983447,7888.231852033034
2026-08-03 09:09:46,LOT_C,RCP_03,154.11404300485862,102532.96260022337,0.5044366792459686,0.0015586789936095043,8052.633667697311
2026-08-03 09:09:47,LOT_C,RCP_03,154.6325464219667,102882.123211814,0.49363194799103416,0.0019002833014885104,8396.500957739967
2026-08-03 09:09:48,LOT_C,RCP_03,156.20766489722823,103014.30391928759,0.5012062092272517,0.001968464194566231,8055.495694419069
2026-08-03 09:09:49,LOT_C,RCP_03,158.21875202371396,102645.70716859621,0.5040620608659317,0.001793250718853549,8345.93009029825
2026-08-03 09:09:50,LOT_C,RCP_03,154.16865128282956,103490.47045088712,0.493366657737671,0.0015058731602295703,8160.18227755073
2026-08-03 09:09:51,LOT_C,RCP_03,156.31760783202157,103236.71627934802,0.499968381938507,0.0019058954620048225,8406.85033486617
2026-08-03 09:09:52,LOT_C,RCP_03,158.61179168408302,102613.01372392304,0.5010953695932339,0.001551016817787047,7985.239445673737
2026-08-03 09:09:53,LOT_C,RCP_03,153.64071368854653,103124.78157645953,0.49879694166061306,0.001846319891527225,8597.555677662951
2026-08-03 09:09:54,LOT_C,RCP_03,154.20463272707923,103724.9973012533,0.49259135257839515,0.0016668804262886762,7878.650949271469
2026-08-03 09:09:55,LOT_C,RCP_03,155.46950439464618,103746.72274731888,0.4986972075597051,0.0016260241071349552,7808.384541450582
2026-08-03 09:09:56,LOT_C,RCP_03,155.35997611645055,102160.86039478428,0.4986907782789799,0.0017337134974380465,7697.486787577741
2026-08-03 09:09:57,LOT_C,RCP_03,157.30989480834015,102319.9736678851,0.49940771038180903,0.0017725053665359112,8582.756167889518
2026-08-03 09:09:58,LOT_C,RCP_03,156.51786447352947,103534.07950509878,0.49774611429829974,0.001703368762442033,8204.861893154473
2026-08-03 09:09:59,LOT_C,RCP_03,153.64405463411532,102270.85947458117,0.49822795138703413,0.0018883054917322726,7916.469816654922
