timestamp,vehicle_speed_kmh,steering_deg,yaw_rate_dps,front_distance_m,imu_ax_mps2,imu_ay_mps2,battery_v,gear
2026-08-03 09:00:00.000,35.36566049570532,-0.0762612662261794,-0.0898626940579432,25.170626736281157,-4.218057847054305,-0.0033974757494522,12.589569227104272,D
2026-08-03 09:00:00.100,33.86630089956759,0.325005575523762,0.5984101176238004,24.919123980664203,1.0891546549758724,0.0278858440632884,12.58102092950556,D
2026-08-03 09:00:00.200,36.12908176665492,0.7663813031487192,-0.0711163110926014,25.35279478458157,3.506979827170313,-0.0007235934566439,12.62582316697304,D
2026-08-03 09:00:00.300,36.4714298558968,-0.1299343744018921,-0.5529391064925115,25.118269551534866,-4.070222839897648,-0.0229637246881824,12.612368430820547,D
2026-08-03 09:00:00.400,33.11565188614472,0.4692499753294674,0.0985340476949936,25.1771063958669,-3.432497875875132,0.0127541749458079,12.611699867513575,D
2026-08-03 09:00:00.500,34.008327378485845,1.4043123046031467,1.561803503698616,24.838833619314983,3.804635928404097,-0.0710396022945491,12.624444228422847,D
2026-08-03 09:00:00.600,35.83828342775822,0.4228832087739627,0.4230826618949591,24.17074765271865,2.1455746665123185,0.0317871095871677,12.655652984964776,D
2026-08-03 09:00:00.700,35.41917622236233,0.5137622138920339,0.6412049432519952,25.029369083791646,0.1961095345292228,0.0094997900700981,12.565115477921797,D
2026-08-03 09:00:00.800,35.892135342825306,1.155222660489737,0.5821298526539205,25.65590783152535,-0.6038155063758577,0.0236948660334298,12.584432468382458,D
2026-08-03 09:00:00.900,35.002087237557845,1.6042734218880184,0.9475579749292568,25.029369083791646,1.7610369204162024,0.0774383146299778,12.58677649831651,D
2026-08-03 09:00:01.000,37.19425140817351,1.3144918149649385,1.185937566988764,24.830076431830808,3.0062319147723184,-0.0720412265240607,12.581983607552344,D
2026-08-03 09:00:01.100,37.18532560885744,2.0985029789329634,1.6962846824270048,25.277413184867942,-1.00128222007735,-0.0578334397650472,12.577348335047926,D
2026-08-03 09:00:01.200,36.44395807060557,1.9860703605178651,1.7534779340735305,25.85185782989521,0.8867938892944663,0.0515884103683272,12.592806938718892,D
2026-08-03 09:00:01.300,37.82987811928231,2.1005035002602543,1.624101502929668,25.445415863902788,0.9495023940349688,0.041250253929541,12.574367925694212,D
2026-08-03 09:00:01.400,37.150365857062944,2.076705772886045,1.744807736245224,24.88347284147955,-2.882393285383169,0.0489046912667051,12.605300847350748,D
2026-08-03 09:00:01.500,35.670045313765584,3.0815287045898545,2.5126586891434166,26.224445482276945,0.1364545960450824,0.0344467170587274,12.599533966428572,D
2026-08-03 09:00:01.600,37.25519165598181,1.9310453592921824,1.7781665041592238,26.49456297331938,0.3271765657631432,0.0708861466781378,12.608020573295272,D
2026-08-03 09:00:01.700,35.7731561093561,1.1455297315425883,1.1585262698174117,25.758163843007623,1.1648925197249924,0.068088608380107,12.608454569032766,D
2026-08-03 09:00:01.800,38.08868749851168,3.060697074338712,1.9625960611534383,26.11611292449104,1.964765241476035,0.0852391784070567,12.610260137068536,D
2026-08-03 09:00:01.900,37.0849527437115,2.138489904356599,1.0366113568830224,26.326212936595635,-1.4377748875557947,0.0284829953108871,12.590631821263525,D
2026-08-03 09:00:02.000,37.03290798072337,2.527419434450465,2.322459166855824,26.26990620610046,-0.6700555759532599,-0.0563768327938098,12.640422868052672,D
2026-08-03 09:00:02.100,36.54704620000599,3.231646091381028,2.941634401083404,25.93039033009797,2.5909750624404944,0.1003025533016735,12.60258862232964,D
2026-08-03 09:00:02.200,38.94014762224795,1.876269590472402,1.1948287665239206,25.94072186308442,1.1109327269175788,0.0993417195394828,12.560550304947505,D
2026-08-03 09:00:02.300,37.39609429460768,2.149129753263412,1.161353180647041,25.906658615273592,-2.414204790727821,0.0743090614375228,12.577652485084675,D
2026-08-03 09:00:02.400,37.175441109915056,2.068785395038664,1.6847387623330916,24.79542197890004,0.0487174675766455,-0.0037131816964304,12.562789940219444,D
2026-08-03 09:00:02.500,37.53423730053239,2.5636392677714364,2.330162882122308,26.07435728701012,1.9017004959188013,0.0838578358880554,12.597846692583026,D
2026-08-03 09:00:02.600,37.89303349114972,3.2685193946638558,3.154093872461379,24.654690495898887,1.3888537982854865,0.1089875782136805,12.594963895518934,D
2026-08-03 09:00:02.700,38.251829681767056,3.395401559916319,2.871210519563491,25.067052364718688,-0.0139884749656131,0.1462952826306782,12.58793148604201,D
2026-08-03 09:00:02.800,38.61062587238439,3.352570144441921,2.5705411065778287,26.554867943307425,0.2871810223004298,0.0239716590998846,12.637418522248009,D
2026-08-03 09:00:02.900,38.73727458818546,2.585604267506828,1.8005442275300032,26.24920198746969,3.030709798471213,0.0411205379757081,12.608079657481538,D
2026-08-03 09:00:03.000,40.89455196098897,2.210832220915264,1.7721011642334077,26.720463749570172,-1.0978950402117529,0.0847026878634147,12.611521967228926,D
2026-08-03 09:00:03.100,37.94048380252885,3.463217936933293,2.680794938381058,25.506898252493503,-4.0463215536013895,0.0716693741820075,12.578278530241157,D
2026-08-03 09:00:03.200,37.91639791250559,3.266492862420934,2.308673918218102,24.907816693831048,-0.3951498490994156,0.0089832358041185,12.57681710217338,D
2026-08-03 09:00:03.300,37.65674866050414,3.794522326104047,3.650244556142224,25.562927665997627,1.5541157678664583,0.0955475152728191,12.59743610998194,D
2026-08-03 09:00:03.400,39.473896516228,3.97429425950016,3.714985928221767,25.819007956105335,3.5033813848323323,0.111075718543475,12.600060142793044,D
2026-08-03 09:00:03.500,40.19017106009869,3.7469006330443615,3.3383351115021176,25.81872747591339,-0.9509805574326772,0.0832461395556012,12.559373768657707,D
2026-08-03 09:00:03.600,38.79856773708251,4.108222886556832,3.0103231899027274,26.57234567907264,-2.837815764561865,0.0944373118383474,12.592793859543008,D
2026-08-03 09:00:03.700,38.02621418160116,3.8889964453836665,3.367702953596117,25.54068652575388,-1.0266672935934096,0.0644964876964392,12.59658144165747,D
2026-08-03 09:00:03.800,38.14329842947942,4.081464146372266,3.457059239947184,26.05426702048315,2.7251396772796848,0.1554280685696342,12.591897016684577,D
2026-08-03 09:00:03.900,40.01081777915225,3.5018961102338304,2.9342805754482804,25.129519833796596,3.0188019406037894,0.028328766793619,12.579832191753066,D
2026-08-03 09:00:04.000,40.21857871231478,3.7979458985375216,3.4132562989431507,26.149934276429715,0.1239501328291689,0.0506126203407837,12.585209296361578,D
2026-08-03 09:00:04.100,40.07414312232769,4.0153391935197815,3.4028826976742086,25.84946764458374,-2.0383385289810896,0.084802223568845,12.592362816128544,D
2026-08-03 09:00:04.200,40.01081777915225,4.352063157662551,3.7036547970213416,25.33441690314256,-0.2471524259732725,0.1321769643056949,12.5976160004722,D
2026-08-03 09:00:04.300,39.88959331205436,3.765396737546215,3.2033892750486355,25.70560457226816,1.589469774474604,0.0037759532602425,12.60779583165101,D
2026-08-03 09:00:04.400,39.84394162820891,4.238917243606282,3.493371217285657,25.752554735237283,0.2965290777735803,0.0229184673675384,12.617217124099016,D
2026-08-03 09:00:04.500,40.05830393910729,3.857060550458528,2.550565101452568,25.702545228719,1.4472282615216607,-0.0209865902741707,12.589613045529454,D
2026-08-03 09:00:04.600,40.93257238847273,3.938422292853132,3.175824157505673,25.70560457226816,0.3297606658837082,0.0860439919085839,12.586276876077692,D
2026-08-03 09:00:04.700,40.24515544439845,4.414725412874961,3.364922742645231,25.841203999194715,-0.182156992049936,0.03711318976882,12.604053113470686,D
2026-08-03 09:00:04.800,40.880504327969376,3.001764226638943,2.0174590940191486,25.74765585947786,0.0119374057289526,0.0450252037744729,12.607416898328218,D
2026-08-03 09:00:04.900,40.2348363812882,3.343944630416813,3.1797006901236977,24.457779070656844,-0.3925588786499441,0.1035154936320021,12.586415991334825,D
2026-08-03 09:00:05.000,40.58756645585613,3.240539132285649,3.1111299080942305,25.30699682323016,1.1300644000662354,0.0367895057111884,12.610807869539322,D
2026-08-03 09:00:05.100,41.08398123121575,2.799851181885722,2.647647125597261,25.75506464677928,-2.675416080123074,0.0717931621872194,12.614491706823118,D
2026-08-03 09:00:05.200,40.2348363812882,3.608147441454935,2.96308197822071,25.464711581163023,-1.400921660884609,0.0580752729990427,12.620633729313171,D
2026-08-03 09:00:05.300,40.11117594817237,4.29823157091214,3.843772793015509,26.916906280054427,1.7896252572980484,0.123877874160912,12.630266418134395,D
2026-08-03 09:00:05.400,40.0128337317081,3.752948490321493,3.0059747464377424,25.838459170992543,-0.332715764585377,0.1023831915303635,12.577271677226811,D
2026-08-03 09:00:05.500,39.89198880678784,4.061876094307178,3.2303061078700743,25.96686940095106,0.4614646508592454,0.048155705613041,12.594777964186653,D
2026-08-03 09:00:05.600,40.40867802572416,4.370803698292863,3.168601547495696,26.00339412818827,3.8033582731083904,0.0840445899819369,12.594625553932373,D
2026-08-03 09:00:05.700,40.11117594817237,4.449043416883503,3.678332124856455,25.98832647772687,-0.8585947323250451,0.1514519729068896,12.59233852862935,D
2026-08-03 09:00:05.800,39.85673474291331,3.7054313954407614,2.9824608948799343,25.90144870414478,-0.6062400140955341,0.0969972597544758,12.581214741607797,D
2026-08-03 09:00:05.900,42.134310942821045,4.367438148443481,3.103154883704446,25.96686940095106,-1.2450399194320965,0.0265040186127919,12.564388759935378,D
2026-08-03 09:00:06.000,39.0283591952349,3.6832530365197815,2.9312432956708463,25.966201237934747,-2.009440090845381,0.1080489195187052,12.59585358892058,D
2026-08-03 09:00:06.100,40.72013266454984,3.1609941513185498,2.5048764518977977,24.33947120391228,3.230422834783249,0.0131650618629215,12.57853288680904,D
2026-08-03 09:00:06.200,41.39024079259203,3.2210195743708794,3.116084009490096,24.560485977792,1.842052585672719,0.1404312012611743,12.595519869614952,D
2026-08-03 09:00:06.300,41.970082074651,2.712569210312987,2.438319366804412,25.578961101441752,1.13787550593549,0.1108149621493017,12.577819129166024,D
2026-08-03 09:00:06.400,42.19048645599807,2.939552124996957,2.355075331725006,25.966201237934747,0.522026857989403,0.0794315877675713,12.571606833083113,D
2026-08-03 09:00:06.500,42.35813727942993,3.1316330644666275,2.5799426445136278,26.435189468169195,-1.5365430806577236,0.0773170947622703,12.598185967207536,D
2026-08-03 09:00:06.600,41.05544919811889,3.635778124967662,2.921886213405389,26.278591238855764,-2.074912392968792,0.0677051931835232,12.59641843053613,D
2026-08-03 09:00:06.700,40.98557463569859,4.014121752987808,3.1504232069515825,25.67299694437424,2.1905234742321253,0.1200692371282456,12.604885639426415,D
2026-08-03 09:00:06.800,42.63511059432934,2.3788934742476986,1.5783866201816728,26.649059790139862,0.7906267103658726,0.0345667760442988,12.636917275328353,D
2026-08-03 09:00:06.900,41.43976905052047,3.17923458283684,2.4980721029873934,26.649843842951636,-3.3701988126428817,0.0807609288822833,12.598645790624216,D
2026-08-03 09:00:07.000,41.43976905052047,2.372071557374531,1.6738277689038707,26.049739941867013,-1.3930197208993431,0.093526844423246,12.602701635341283,D
2026-08-03 09:00:07.100,40.43288305292879,3.036001331956555,2.0537064038883,26.586163826444228,0.8052589364130964,0.036183667093494,12.571348773422654,D
2026-08-03 09:00:07.200,40.74915853000771,2.6363093968607405,2.2624140618528528,26.093768380785864,2.952879295517646,0.0254392126329055,12.567061851189273,D
2026-08-03 09:00:07.300,42.507369283686586,1.686597963138354,1.4666577684906537,25.49969860807527,1.7699158911914692,-0.0221799895090706,12.624356588935466,D
2026-08-03 09:00:07.400,42.13855205317603,2.9635066257545986,1.834793047193256,26.370233476375283,0.3436043630575975,0.0121622668233902,12.574130404401332,D
2026-08-03 09:00:07.500,42.85166643043922,2.091388220011461,1.6363051847606305,25.947419159013183,-0.7806234267549902,-0.0444951206110871,12.571621118570626,D
2026-08-03 09:00:07.600,41.56439040754587,2.0188092737542123,1.9137578347733468,25.858358180679307,-0.795745570306901,0.0804269147296501,12.591618021575668,D
2026-08-03 09:00:07.700,42.31990650978354,1.640214506314205,1.6299387267202603,26.875119161743665,2.00369429232326,0.1267906682951518,12.590496151732452,D
2026-08-03 09:00:07.800,42.93147764291475,1.734863848942079,1.6956421320192347,24.11427295048187,-0.6650866398084666,0.1102642245895735,12.574149869871134,D
2026-08-03 09:00:07.900,41.85919817397884,2.160574577884652,1.7401336243781595,24.822536373885782,-0.3002680898526998,-0.0339499933550119,12.586000535625738,D
2026-08-03 09:00:08.000,42.82671358859788,1.7344683360750452,1.134061070469291,24.96819790762095,-0.5573329435500036,0.0751364772124265,12.616587514353002,D
2026-08-03 09:00:08.100,41.53095605623305,1.873850522076561,1.1739707694538306,25.52829703364289,-1.4587547260725993,0.1118532422210042,12.575780127823364,D
2026-08-03 09:00:08.200,41.93479152455633,1.769010172027423,1.518589609047046,25.586987043802125,0.5716858142163296,0.0160016670349244,12.563926550312676,D
2026-08-03 09:00:08.300,41.95605547341631,2.1251454611670817,1.8139003792432145,24.69192002639194,-1.283801857299716,0.051757863002662,12.610551872417997,D
2026-08-03 09:00:08.400,41.02130511303096,1.168559525191429,1.3210469536346627,25.038475781778573,1.5289239029394532,-0.075295507071061,12.60144593823876,D
2026-08-03 09:00:08.500,43.081329735616144,0.4751729610485584,0.7101322639414718,25.10574044593844,1.4078310758379629,0.0240554424013808,12.579089627587027,D
2026-08-03 09:00:08.600,41.97280005498619,1.6195140249351216,1.2559426229887458,25.36688491040133,-0.5883847676566004,-0.0175860778185023,12.55975665967746,D
2026-08-03 09:00:08.700,42.58865796032004,0.7912532308073024,0.2597408209875811,25.36688491040133,1.6721987713112028,0.0276261987902881,12.57640753287123,D
2026-08-03 09:00:08.800,43.18659754351556,1.3843248074522214,1.011727866858508,25.356084041895983,0.6505641799636677,-0.0467571711763811,12.590105911263011,D
2026-08-03 09:00:08.900,43.180022525140544,0.8878295744942852,0.7754330180385857,25.36688491040133,0.4507342639189035,0.0472158562213708,12.614413441797677,D
2026-08-03 09:00:09.000,43.47557079450082,0.4989112671377964,0.3385040400934159,25.38065933159702,-0.7746539917391873,0.0625827279407248,12.570268360502606,D
2026-08-03 09:00:09.100,42.59028290192623,0.6065798516351402,0.3118956488848154,25.39443375279271,-1.7048036681084364,-0.0256321289589598,12.58920960236977,D
2026-08-03 09:00:09.200,42.23029119902171,1.2749298882828604,1.095809355117258,25.4082081739884,0.1903362979033701,-0.0286552251864609,12.604302893197898,D
2026-08-03 09:00:09.300,42.67079180285651,1.2048129142600386,0.8126630089848478,25.42198259518409,-2.1237686712505544,-0.0808827709852836,12.54307465319756,D
2026-08-03 09:00:09.400,40.76827185407746,0.0677274729796064,-0.134237846733927,25.43575701637978,-2.0465557803597467,-0.0118749513533645,12.611275723358778,D
2026-08-03 09:00:09.500,41.08156733075323,-0.0201902465221387,0.0772836530733209,25.42198259518409,0.5982798459230553,-0.0295139941330032,12.566850988555872,D
2026-08-03 09:00:09.600,41.25429638172303,0.3046235050228742,0.1231010299795379,24.905908826553468,0.8725846749043278,-0.0709708899546463,12.597039909869135,D
2026-08-03 09:00:09.700,41.66667305607758,-0.7892787040075699,-0.5581916465125503,25.514268994756385,2.7942212542424474,0.005431545049079,12.595233662992214,D
2026-08-03 09:00:09.800,43.36332691197581,-0.3324574882744693,-0.1840047837639387,25.636769760025093,0.1324810999489875,-0.0300469613367428,12.611891727829276,D
2026-08-03 09:00:09.900,41.8156426940276,-0.6439142005499228,-0.8569600607674106,25.64210628168303,-1.1257701830481976,-0.0678850542251137,12.601118487617873,D
2026-08-03 09:00:10.000,42.46542954612972,-0.6053177457731648,-0.6286265337781555,24.39425256474144,3.698637436392846,-0.0411877676945904,12.5424541901654,D
2026-08-03 09:00:10.100,44.4936894780353,-1.309398439101826,-0.6161856693065221,25.884866394140147,0.1441949712616996,0.0230603792696366,12.57420441505688,D
2026-08-03 09:00:10.200,42.520870383382494,-1.8169481547618092,-1.8021823776297337,24.693709114285465,-0.8812298348660543,-0.0103054606288971,12.592564102587064,D
2026-08-03 09:00:10.300,43.84555536654151,-2.1869708650089965,-2.3845730266983565,25.66341524185706,-0.9391604732894954,-0.0567086410123745,12.585800402277602,D
2026-08-03 09:00:10.400,41.85072043239967,-1.8362077506084995,-2.027519746459553,25.1788188853823,-1.435503839491821,-0.0092815437654352,12.599152214595136,D
2026-08-03 09:00:10.500,42.73343482339128,-1.6324705532281458,-1.2972434586095158,24.187947483943187,-0.0238178401193642,-0.094572410743604,12.605287331113392,D
2026-08-03 09:00:10.600,41.84720313581368,-1.6737870285100265,-1.3297544393982117,24.89454256989892,-0.3471885250320612,-0.0350560841131805,12.601569034728591,D
2026-08-03 09:00:10.700,42.58602960036385,-0.6809372563604673,-0.5800330617159102,25.335415482717927,2.933024737427972,-0.0078174176217139,12.58501450114891,D
2026-08-03 09:00:10.800,44.00524757605824,-1.217085088225761,-0.6094111219020584,25.471842687889584,-2.2608487805165085,-0.0515347970453544,12.552273259777593,D
2026-08-03 09:00:10.900,40.92646983481875,-2.369689691529085,-2.697602083154149,24.906516367031657,-0.6404992752913626,-0.0290072808898673,12.579990375022904,D
2026-08-03 09:00:11.000,43.521306773321975,-1.8312539681279003,-1.3462230121730734,26.03923803105992,3.149528010113688,-0.0807517441636933,12.59732736296278,D
2026-08-03 09:00:11.100,43.28439255731416,-2.3228836818091345,-1.3898754849062358,25.633388484162765,-1.776972256866658,-0.0271539988543089,12.567091054948987,D
2026-08-03 09:00:11.200,42.28360887749589,-2.3734082426731744,-2.2370608236060536,24.708973968689016,-2.862129510131183,-0.0249534793407811,12.60142549460243,D
2026-08-03 09:00:11.300,41.25716645973376,-2.2479663481465115,-1.912315032054178,25.37359059253611,1.067426871087552,-0.1944190168237224,12.606867865945343,D
2026-08-03 09:00:11.400,43.07320727329991,-2.1378460052831803,-1.9361443793951307,26.16141685599357,1.3992050118620556,0.0113002762063374,12.591137339525917,D
2026-08-03 09:00:11.500,42.34384669097789,-2.7211440800094158,-2.445219077830791,26.13874964490156,0.1944522721543903,-0.2127126205643766,12.527224402673752,D
2026-08-03 09:00:11.600,43.24940708507875,-2.1208375920018216,-1.7945486751083697,23.864862971484754,0.8332426359397164,-0.078829532412228,12.562838232745763,D
2026-08-03 09:00:11.700,42.98574935280544,-3.322033749807097,-2.2293814147403266,24.03335640832825,2.311668693855062,-0.0235025610964127,12.626023783171124,D
2026-08-03 09:00:11.800,44.869368228892114,-2.8431399284572527,-1.7232959401195462,25.67826468225405,-0.4070169925559386,-0.0826597757140146,12.577269244139432,D
2026-08-03 09:00:11.900,42.64609173065213,-1.6395551459960431,-1.412425884308879,23.85435323152753,-4.428027099369016,-0.1099196497013822,12.548417135537418,D
2026-08-03 09:00:12.000,41.68958739973233,35.0,-1.761018023715919,23.625147567798127,0.6209610976470555,-0.1183318989736397,12.612704947766204,D
2026-08-03 09:00:12.100,43.11576521320016,-2.396057444650389,-1.906173012624924,24.165826511069067,2.033806147329383,-0.0027465765693176,12.588167111830872,D
2026-08-03 09:00:12.200,43.14586818543604,-3.148901129478708,-1.993013595572642,24.755028693300957,1.8468423763923532,-0.1672124416326584,12.609898809779152,D
2026-08-03 09:00:12.300,44.49252645039209,-2.982719896592745,-2.414165512170243,24.343383565364014,0.8746305229423378,-0.0130365807656001,12.593239173504386,D
2026-08-03 09:00:12.400,43.841659689887365,-3.3763108167131124,-2.661731305556647,23.91335398132751,-1.809009399537013,-0.0802598030773004,12.596771182724243,D
2026-08-03 09:00:12.500,43.244196424359565,-3.504214219537462,-2.69372903383712,23.84999556500076,0.9284994282734929,-0.1389643164927411,12.594760184954293,D
2026-08-03 09:00:12.600,44.54674451648904,-3.8760442880170634,-2.1471793266033896,23.776025353959263,-2.741259955583196,-0.1195630171694081,12.60134976623842,D
2026-08-03 09:00:12.700,41.337505347207696,-3.334571759434826,-2.412271735094424,23.611255720836148,-3.5686600202211167,-0.1230355791674666,12.632848608971122,D
2026-08-03 09:00:12.800,41.96797467132781,-4.034966611906755,-3.440152648510844,23.85147555594706,0.4144284335168929,-0.0453546301887393,12.606620126719182,D
2026-08-03 09:00:12.900,41.59386219652992,-3.331871128841105,-2.3747975419901266,24.33832756494113,0.2042975952639059,-0.0359417492931941,12.55549321364309,D
2026-08-03 09:00:13.000,42.2064858020438,-3.1734145028600924,-2.6472813634133763,24.701734081726247,-0.8378368093951879,-0.1560881824886956,12.595933230305578,D
2026-08-03 09:00:13.100,40.98917227999934,-3.580057988507015,-3.010971445675975,23.689169057140436,1.5966685825900235,-0.0970143823669413,12.609729615362063,D
2026-08-03 09:00:13.200,43.36875548331596,-3.949532662335909,-2.887045721901094,23.85147555594706,1.8531001184282896,-0.1328445886118914,12.610854016130723,D
2026-08-03 09:00:13.300,42.30373346498079,-3.6182811583768175,-2.8852992503701085,23.43189474290144,-3.613591954669397,-0.0154700915451643,12.57816790033882,D
2026-08-03 09:00:13.400,40.76771454899676,-4.034184008368296,-3.143774432341095,22.865153266674152,-1.5454575466263365,-0.1536183468867513,12.60989888890376,D
2026-08-03 09:00:13.500,41.27473134993389,-3.442346907927813,-2.749681959782663,22.865153266674152,2.761707766722672,0.0058175234060496,12.605054847991024,D
2026-08-03 09:00:13.600,42.82885776465125,-4.851752326793385,-3.780426923453077,22.51099526335776,2.9764589669797807,-0.1104659499514573,12.637850348739391,D
2026-08-03 09:00:13.700,43.41608700820564,-4.12540879960483,-3.1728372704530194,22.151920913230786,2.768047089636432,-0.151878029645897,12.57129996527503,D
2026-08-03 09:00:13.800,44.76259388821215,-4.970170012095857,-4.55722608948831,22.83804679684144,3.158619337292845,-0.1503527614644368,12.576051988471992,D
2026-08-03 09:00:13.900,45.81783012362856,-4.735037333086413,-3.5880580658862704,23.53887098291876,-2.7375129203873976,-0.1536752440970182,12.5799776190308,D
2026-08-03 09:00:14.000,43.428231751200784,-3.3138885534847584,-2.945716668736897,23.53887098291876,-6.542603496320811,-0.1379460985651348,12.576195556999226,D
2026-08-03 09:00:14.100,41.03863337877301,-3.5521005392705605,-3.274370172084272,24.42055056205893,-4.392550577516389,-0.0715854055076083,12.56809958500473,D
2026-08-03 09:00:14.200,39.617848609194326,-4.3588628168723496,-3.5046136266554844,23.75177050644428,1.999134280810981,-0.1518154045933348,12.530546489886524,D
2026-08-03 09:00:14.300,42.44631839718579,-4.745361039974171,-3.7710945309850006,23.958563029633783,1.9979116193783488,-0.2144832019127397,12.577006010525537,D
2026-08-03 09:00:14.400,41.09684175420645,-5.466922854264189,-4.581590132783036,22.726610802609017,-1.296372811365591,-0.1366224691809676,12.592987161193998,D
2026-08-03 09:00:14.500,41.51980546608092,-4.242528324366928,-3.1447131021931503,23.67026432636284,0.052697899931344,-0.1823741847366502,12.57563556308988,D
2026-08-03 09:00:14.600,41.228148860811565,-2.742283629423992,-2.596479453450466,23.759667188302277,0.1137308733965046,-0.0968057427731756,12.624107623670582,D
2026-08-03 09:00:14.700,41.73672586949132,-3.712368314765506,-3.091977776444173,22.79180686487996,2.7119531604663525,-0.1265826375876222,12.585567516254317,D
2026-08-03 09:00:14.800,43.12645182619677,-4.182549856702116,-3.521502125841593,23.532870795219782,0.2534381798753382,-0.1380067836221459,12.611020581103682,D
2026-08-03 09:00:14.900,41.9759370668385,-3.638840869484981,-2.9250488766897877,23.48311206093729,-2.2454933168796978,0.0200717118064745,12.590328408254598,D
2026-08-03 09:00:15.000,41.53593504191558,-4.616176275149775,-3.609281734725649,22.647553181328675,-2.270608927075989,-0.0975727837020936,12.590406619666634,D
2026-08-03 09:00:15.100,40.42095771313215,-3.9444134133580486,-3.4578986155735025,22.19164860747156,-2.815196066718237,-0.0712124506672804,12.59048483107867,D
2026-08-03 09:00:15.200,39.59020812877608,-3.701850517428559,-2.744195610705979,22.09394614030441,0.7222582945495838,-0.165556997561482,12.61217569263807,D
2026-08-03 09:00:15.300,40.950996736733295,-3.746309055221453,-2.9781465336767523,22.92855818286556,2.460000547800613,-0.113026109909259,12.585818787002648,D
2026-08-03 09:00:15.400,41.403432169574735,-3.2554107928985188,-3.171912510312388,23.042014343012347,3.600481320637852,-0.0598082236924283,12.594522414161776,D
2026-08-03 09:00:15.500,43.52157215810806,-3.4219902808048928,-3.325169656763024,22.20339324354604,0.1524981256606196,-0.1292062191277735,12.591826658673002,D
2026-08-03 09:00:15.600,41.48716460711716,-3.199655613826614,-2.5634202789400846,22.72179169038046,-1.4770579021833372,-0.0241017883434254,12.578634290837456,D
2026-08-03 09:00:15.700,42.43960952890776,-3.813584391365274,-3.1171577084281257,23.047561231129915,-1.227839534481185,-0.1448777373332213,12.592399646378492,D
2026-08-03 09:00:15.800,40.58937673673323,-2.9522156433899367,-2.3927985487843397,23.025920886399604,-3.687756597011069,-0.0770604113475415,12.628887724923953,D
2026-08-03 09:00:15.900,39.69354533045571,-2.5146012950836094,-2.020075773025953,23.624520275075277,-1.0664361703552692,-0.0815647772299119,12.57869206115809,D
2026-08-03 09:00:16.000,39.88303609517442,-3.7383923260960255,-2.923045909023767,23.377138295683476,0.5536956128081342,-0.0698517256058096,12.592389297857064,D
2026-08-03 09:00:16.100,40.095370419970855,-3.6177987288975135,-2.609944100163521,21.72744193012869,5.035083673877494,-0.1079761607860859,12.609055579017388,D
2026-08-03 09:00:16.200,43.44305340670429,-2.423165782063834,-2.2718640959263348,23.5520131591864,-0.2739735800876375,-0.0686637781062813,12.606605065618886,D
2026-08-03 09:00:16.300,39.825271949289885,-3.10040280191991,-2.8319137194061668,21.94705473502736,-2.4818939341906288,-0.0764575412558886,12.583934328354388,D
2026-08-03 09:00:16.400,41.73798336028928,-2.2131546902174675,-2.0985209095401887,22.995479234175644,-0.382346255052806,-0.0850855752671645,12.53593222594085,D
2026-08-03 09:00:16.500,39.56797431909124,-3.04342915822766,-2.348068326431516,22.257099249949263,0.0391058819474886,-0.0387982894290888,12.593834056372968,D
2026-08-03 09:00:16.600,41.68791182016952,-1.9985989857317803,-1.225394974991491,21.8665705853984,1.9592457681097075,-0.0317054794561065,12.539010514827538,D
2026-08-03 09:00:16.700,40.94936591567077,-2.5613105933116134,-2.178450306121144,20.835395852288208,-2.029062086578869,-0.0593478546521932,12.612698744618823,D
2026-08-03 09:00:16.800,40.2157399672195,-2.395952139827936,-2.667271665110245,21.9265546820738,-0.9610225432985968,-0.0719742705327077,12.586589477423866,D
2026-08-03 09:00:16.900,40.26996832283761,-1.6379152206985146,-1.8215300353419248,20.90112109389228,-1.0980782486149527,0.0052912577198967,12.60309348039744,D
2026-08-03 09:00:17.000,39.447230561537495,-2.493678205699321,-2.24485358139826,21.274165682661184,0.5943333872202167,-0.0632974426105431,12.56495777723638,D
2026-08-03 09:00:17.100,40.68128694360217,-2.6733032183530296,-2.3059612409309884,22.947105519351226,0.0697599080087472,-0.072278019491356,12.551849850534,D
2026-08-03 09:00:17.200,39.5119944449029,-2.3145262131287803,-1.974137558679442,21.274165682661184,-3.03548565285927,-0.0426494164762945,12.58801508768282,D
2026-08-03 09:00:17.300,38.49818980211565,-1.7492567941002402,-1.387831098385917,21.99027080155755,-1.6140937222832277,0.0495685065740429,12.582027931200876,D
2026-08-03 09:00:17.400,38.34531967938675,-2.6412882537452864,-2.206554502242964,21.218255558152947,2.024494349918504,-0.12004844022196,12.572769183476856,D
2026-08-03 09:00:17.500,39.9948826540982,-1.420593507174748,-0.8216729225767763,21.233494233525008,4.549962411907528,0.0087438102030374,12.584193225614657,D
2026-08-03 09:00:17.600,41.5906419640246,-1.8877024493594703,-1.712967151191987,22.163264375616805,-0.0448649481629255,-0.1357666941444219,12.637748717840646,D
2026-08-03 09:00:17.700,39.79471939967217,-0.9216003289541655,-0.9959756510059956,21.54212138082615,-3.231354488769793,-0.0083392363336864,12.59899051094738,D
2026-08-03 09:00:17.800,39.36642116253553,-2.5681651603286246,-1.9108694667067612,22.735142225062877,-0.0265836269441545,0.0258185819855094,12.603189972117269,D
2026-08-03 09:00:17.900,39.75691606687903,-1.6383230128047055,-1.7713510312216003,21.12844132594079,2.0488269966852206,-0.0096710075049379,12.598978737831068,D
2026-08-03 09:00:18.000,40.88536354925334,-1.5202399373241744,-1.4518093431342032,22.114494546142435,-0.3317801391338289,-0.0334466802179073,12.611589242877043,D
2026-08-03 09:00:18.100,39.484775978237565,-1.402156861843643,-1.0909595343570344,21.43245755941245,-3.1274771405811443,-0.0570109172906839,12.578098566541984,D
2026-08-03 09:00:18.200,38.63089829757123,-0.7354904800241894,-0.6326251309948018,21.87099011455028,1.267106473308727,-0.0133244728805991,12.540704773846494,D
2026-08-03 09:00:18.300,40.35320980403501,-0.8182633298132576,-0.1781278317058273,20.950994894035347,1.2191844260651057,-0.0298921376754442,12.57792827733988,D
2026-08-03 09:00:18.400,39.4410019055312,-0.7238558519032325,-0.7657469151110015,21.179770199002448,0.4545896358613621,-0.0542473660183197,12.59783471419993,D
2026-08-03 09:00:18.500,40.66943088547173,-0.5446130959309491,0.1823989744124641,21.08447850267376,-0.5974195391647006,-0.0260910248565624,12.5621039920977,D
2026-08-03 09:00:18.600,38.94565362551996,-0.2306634909600138,-0.2521602275364408,20.53137792546937,-5.068839894931368,0.0052153919850659,12.577872680990216,D
2026-08-03 09:00:18.700,37.15489771980338,-0.7035933312277655,-0.9459795984732808,21.53180250600649,-2.741424208063072,-0.0520487402902412,12.567464605139952,D
2026-08-03 09:00:18.800,36.88021814335458,0.2873532632680794,0.2508584849129111,21.47569790844737,4.537303362074658,-0.034765173928859,12.611240585036862,D
2026-08-03 09:00:18.900,40.400152560548136,0.3985885871301408,-0.0040026903915177,21.388653838818367,4.952271734673697,-0.0595806399941192,12.59608914030813,D
2026-08-03 09:00:19.000,40.38377001502872,0.3930270083567414,0.088894852341343,22.00216017585691,-3.437241383241069,0.0278467651590731,12.594030812412878,D
2026-08-03 09:00:19.100,37.99560360751744,0.6118044324126658,0.60855353593478,21.89443371470682,-3.868639262732375,0.0394376767229993,12.59333202626242,D
2026-08-03 09:00:19.200,37.64620209104188,0.6144058198063008,0.6581992824400781,20.571541232997788,2.4540677861302207,0.0236938857980655,12.580055014948956,D
2026-08-03 09:00:19.300,39.75412636778846,1.6158746306273055,1.1060493944255672,21.04976368269412,-1.50207090119731,0.081893297462481,12.58465112565055,D
2026-08-03 09:00:19.400,36.56569242460566,0.6862672951734792,0.8452353796527036,20.307257652832128,-4.2002547265247685,0.0175324851438257,12.556896308389351,D
2026-08-03 09:00:19.500,36.713638214021245,0.7069383431839737,0.9128030019535192,20.71581640291224,2.706490282691669,0.0331901753497451,12.536771160424989,D
2026-08-03 09:00:19.600,38.45189735487409,0.6134257335116207,0.9216311137782838,20.235882808155186,0.393210838867364,0.0275421963181793,12.5834016226069,D
2026-08-03 09:00:19.700,37.0984267081672,0.602667651026131,0.6409581429586214,21.7465580781473,-1.303438869261611,0.0071296318060489,12.586779805125442,D
2026-08-03 09:00:19.800,37.45732939047481,0.6239295602529771,0.9081722618280912,20.82447198356148,0.0839090493298388,-0.0143042031469307,12.604385291368509,D
2026-08-03 09:00:19.900,37.158364185671104,0.9277487650958068,0.1779594836844281,20.37522133243836,0.251468651386093,0.1287579794082221,12.611526716321649,D
2026-08-03 09:00:20.000,37.650124654673576,1.4612647314588445,1.073639820578537,21.321928009683607,-0.21293578439449773,0.0062091797544262,12.61139996969998,D
2026-08-03 09:00:20.100,37.158364185671104,1.7865472467152506,1.1691362204751727,18.92612293161516,-0.6773402201750884,0.0030234908332672,12.559939528134125,D
2026-08-03 09:00:20.200,37.133464092849,1.7659663055422048,1.4485408027719815,18.995456369140992,-1.7728142025343376,0.0560362382135555,12.572754699301004,D
2026-08-03 09:00:20.300,37.68672118564409,1.4766896378681935,1.0099169445355338,20.92281555913905,-3.824287028734458,0.0417318254944597,12.589306685917627,D
2026-08-03 09:00:20.400,34.34262993711285,2.426545686564414,1.891389196666612,20.36909241651568,-1.5830808342303018,-0.0266060176764452,12.630238093554842,D
2026-08-03 09:00:20.500,36.63284828112152,2.460960012669192,2.5334204741965687,20.463758188053717,1.705572254607698,0.1033373763355367,12.609101984074275,D
2026-08-03 09:00:20.600,35.56756278466362,2.123906394717453,1.6482091768478488,19.32230438045428,-2.2708924348578776,0.0348440610673342,12.601787943239968,D
2026-08-03 09:00:20.700,35.00466985305393,1.9873009852204415,1.7139784833334175,20.197517595304355,-0.2767051643811268,-0.019122502861602,12.571544240889017,D
2026-08-03 09:00:20.800,35.30096966902508,2.695430921726998,2.086663938404328,21.57990978540979,1.1473256917844972,0.1092603230956907,12.561536007376898,D
2026-08-03 09:00:20.900,35.84103488887397,2.6199716668334903,2.118691319853842,20.718745933235624,2.620959812720949,0.0804510104685368,12.594878157667663,D
2026-08-03 09:00:21.000,37.22804311530616,1.9038827651676324,1.5249112162649276,20.22564303677279,18.0,-0.0261155547660881,12.55698677471531,D
2026-08-03 09:00:21.100,34.42403545386064,2.692998118583764,2.2888957146589592,19.76525021126989,-1.6885016589649324,0.1373987710217596,12.574131272980392,D
2026-08-03 09:00:21.200,35.939003873371135,2.954018297917277,2.7128068989979752,19.76283138652745,1.1311850725130412,0.0885274575669751,12.57650444101996,D
2026-08-03 09:00:21.300,35.207598000645206,2.466028767259629,2.467041213088702,18.51575065818963,-0.943928126133386,0.044950584268531,12.610558241782456,D
2026-08-03 09:00:21.400,35.28158790949083,3.1004340631212317,2.573233275069735,20.154413773412003,2.1429781801178867,0.1367864872158933,12.571506053940809,D
2026-08-03 09:00:21.500,36.76416160412004,2.364398181285038,2.0683826108387118,20.534506302438388,1.0009382799876807,0.0534787739341111,12.529715007228548,D
2026-08-03 09:00:21.600,36.092532871499685,3.8427645054026978,2.728952251566489,18.80907015353419,0.2718576920091928,0.0712164330004132,12.588488892953247,D
2026-08-03 09:00:21.700,36.937523028397614,3.877981393280983,3.0760220919001005,19.419086587878745,-1.6123287571755904,0.0419868677585266,12.56431956293792,D
2026-08-03 09:00:21.800,35.03302155109652,3.2034674510488608,2.8448608003041653,19.04267304366639,-3.646088652087984,0.0878545172839826,12.579052620488754,D
2026-08-03 09:00:21.900,34.26903572246214,3.583473651433794,3.126569512672181,19.14872313925774,-0.4227214431508847,0.0881292228958232,12.576365905983156,D
2026-08-03 09:00:22.000,34.721253508300386,2.2650264955752863,1.8755041162987445,19.8342329909963,1.4375725497255134,0.0419122018759758,12.572525920083644,D
2026-08-03 09:00:22.100,35.166599534609055,2.95619945964215,2.6308777555841054,18.310802476609528,0.2619649752670249,0.0149337400772674,12.593706811635691,D
2026-08-03 09:00:22.200,34.97323609838716,3.447942923170441,2.9055843512344985,20.173727445703317,-2.5369959759494907,0.0696350290528191,12.547142702432946,D
2026-08-03 09:00:22.300,33.34587576836936,3.115231077626188,2.8522767395787465,20.246061320620164,-0.3167501892794169,0.0509015583337558,12.567359715500912,D
2026-08-03 09:00:22.400,34.64159459053281,4.060904413061665,3.3355312775364654,19.517990221923814,1.966096978181344,0.0069841724158171,12.591280758262348,D
2026-08-03 09:00:22.500,34.692841549379146,4.750648172472952,3.693809043307052,17.933443807680625,3.672665653078056,0.012705521017691,12.565218304493111,D
2026-08-03 09:00:22.600,37.326015674920015,3.2078177799451835,2.667006601036054,18.949406455615293,2.449361721312352,0.0909507980439237,12.5452238658146,D
2026-08-03 09:00:22.700,36.443481464849725,3.41730114388966,1.8546626023558952,20.487675790864166,-5.933525632448485,-0.064886287707804,12.590671106865134,D
2026-08-03 09:00:22.800,33.0537620566276,3.989402872280911,3.306388018740244,17.65858149961174,-3.899822759446745,0.0793147601864164,12.59966189260883,D
2026-08-03 09:00:22.900,33.61936842008617,4.708581137666516,2.672341062568778,19.33923486936,-1.387669781943434,0.0589812840581144,12.57620009584714,D
2026-08-03 09:00:23.000,32.09488380674105,3.318843991675541,2.138036171118808,18.73661744780599,-0.8268433960887498,0.1211849787959845,12.53778308803061,D
2026-08-03 09:00:23.100,33.029186030097826,4.077190996661472,3.397283377611473,20.10672886498489,2.523759173783975,0.0458376992889971,12.591019394933976,D
2026-08-03 09:00:23.200,34.00403822868145,4.881572696298367,4.048516958218732,19.05265811010339,2.692349960336317,0.1198880389168778,12.543602242371607,D
2026-08-03 09:00:23.300,32.871168144407626,3.1588823037344023,2.178377208945543,19.790511792099927,-2.017062896693281,0.0379775163397714,12.582875985536962,D
2026-08-03 09:00:23.400,32.52583175227319,3.353638778075504,2.4692804098967214,19.8868712477638,-3.429235322050876,0.0628015048629195,12.558850723505156,D
2026-08-03 09:00:23.500,32.50394481700403,3.7873440224264656,3.441037514525412,20.76051157268281,-2.8029827676416383,0.1012987318298472,12.55330321428466,D
2026-08-03 09:00:23.600,30.6007110908689,3.7393839777788087,2.8462981427512446,19.317998566767194,0.5891149481997752,0.0367864747458632,12.567561799658408,D
2026-08-03 09:00:23.700,32.871168144407626,4.402066011235911,4.194528902709624,19.70899337870745,1.5292492234352224,0.1255930378998642,12.572634048871455,D
2026-08-03 09:00:23.800,31.680773889553876,4.108243082196762,3.286018509804506,18.392727545629967,-0.976280007636356,0.0184627016271747,12.56331583499227,D
2026-08-03 09:00:23.900,32.21006500853703,3.0871499984691653,2.592130851839712,20.252859003183836,-0.0189114468762401,0.0667948917781618,12.587874065564304,D
2026-08-03 09:00:24.000,31.683320233540847,4.215138187943933,3.857172869904729,19.628450024611936,0.3007743141869295,0.1160583790633748,12.567078612430825,D
2026-08-03 09:00:24.100,32.51306107235185,3.6470687603844616,2.9569631431655954,19.004041046040037,-1.853297740764415,0.0950888399903654,12.595503817433436,D
2026-08-03 09:00:24.200,30.40800948355048,4.547094281448226,3.3369722309513405,19.37068902898373,-2.6327717545281653,0.1682192443879045,12.581423463312868,D
2026-08-03 09:00:24.300,30.648443342641745,3.565765475161885,2.8196941446212214,18.282730436673365,6.27622860850246,0.0190496106977253,12.561748855868071,D
2026-08-03 09:00:24.400,34.85613704288491,3.5266299499672598,2.8106207391167803,19.528166765526915,-0.0506273013925807,-0.0045942418135165,12.558281202323354,D
2026-08-03 09:00:24.500,30.6488270809542,4.076609987734271,2.851865494526947,20.037321165798843,-5.622781783565776,0.0157034111140535,12.54255007401905,D
2026-08-03 09:00:24.600,30.77085785194022,4.144385467887559,3.2387587529078004,19.558001416565823,4.868504906957318,0.0997947408303533,12.581214663557336,D
2026-08-03 09:00:24.700,34.1851576272483,3.9396693154955065,2.929077824197174,18.23435520536928,6.395615154653295,0.095413495998522,12.568208249054972,D
2026-08-03 09:00:24.800,35.36141898378552,2.8213902976350718,2.534419565264287,19.25433209506162,-5.317679054765309,0.0573514264421286,12.527756089438729,D
2026-08-03 09:00:24.900,30.36457308874076,3.8777045549893017,3.1125472062470183,19.855609508682583,-5.676115119158077,0.0055032033696005,12.56438570254461,D
2026-08-03 09:00:25.000,30.96200243901694,3.032022406541578,2.340779200488992,19.51368838874084,2.190512941984728,0.0879139594176479,12.5569793194149,P
2026-08-03 09:00:25.100,31.972547540051156,3.6033604212852897,2.850833757841459,18.576544528926863,3.082455502640816,-0.0009121505053924,12.606413551843414,D
2026-08-03 09:00:25.200,33.53427362692789,2.7065284146535915,2.232159337244723,19.939952971671843,-2.6092524999199944,0.1054700707690687,12.540744427762132,D
2026-08-03 09:00:25.300,30.1734860043153,3.570432107291105,3.041389945739818,19.51368838874084,-3.6151490716139696,0.1992804651025945,12.54587298400532,D
2026-08-03 09:00:25.400,30.96200243901694,2.8691281368517885,1.9953888408806164,19.61200295457413,2.559853392515475,0.0648359060216206,12.596799392862112,D
2026-08-03 09:00:25.500,32.0885263012375,2.5526311253637,1.7296286105045786,20.62501700068085,0.8878280021872222,0.0720434720294144,12.60163526314928,D
2026-08-03 09:00:25.600,31.5776103884886,3.4688308771953373,3.106468466377029,19.65184599561581,-2.235938803084323,0.0327106548119419,12.559500341225489,D
2026-08-03 09:00:25.700,30.50547860931261,3.1472580586095678,2.394105385226235,19.785603505179804,-1.0316038927791813,-0.0402406736391162,12.56165828354382,D
2026-08-03 09:00:25.800,30.698078248406063,2.630599990800005,1.6794273648609417,19.64926908760208,-2.07518759347838,0.01214691815047,12.586524707931066,D
2026-08-03 09:00:25.900,29.11143590268808,3.57106672484042,2.9899971926872677,19.18004145048019,-0.4268562591072425,-0.0002120197406398,12.527558004061094,D
2026-08-03 09:00:26.000,30.37901247075516,2.5298786496673755,2.1629138615437067,18.77457275402675,1.4904788678249838,-0.0321089323234089,12.536776126309888,D
2026-08-03 09:00:26.100,30.249550781675996,2.6679307573141955,1.675130028674345,19.63664095491495,0.480119835750718,0.1283743592321506,12.568285331982986,D
2026-08-03 09:00:26.200,30.753118669701724,2.6850594469497837,2.2168920721989087,19.64926908760208,-0.7320281878886287,0.0568787459638778,12.604797811322582,D
2026-08-03 09:00:26.300,29.714344724731763,2.13666181820021,1.93000438228868,18.97875767036857,-0.0462655149139364,0.0522274065446245,12.564985398236663,D
2026-08-03 09:00:26.400,30.85374889015645,2.5752369182670174,2.172505470125493,18.63094660259877,2.375812522266963,0.0261517958906419,12.575618735834702,D
2026-08-03 09:00:26.500,31.411288556436983,1.963517193016555,1.7604081995416627,19.59676193584912,-0.6284574370403466,0.0236502408097667,12.59617578545128,D
2026-08-03 09:00:26.600,30.291652065660404,1.9125209817779811,1.1087360559951605,19.59676193584912,-1.388966399737278,0.0785614019678351,12.615537694665562,D
2026-08-03 09:00:26.700,30.437350794612176,2.685404745733209,2.247635843085426,18.86353492012531,-0.3979640269197443,0.0411803310305034,12.561763030537032,D
2026-08-03 09:00:26.800,29.990153033726195,1.367307129332526,1.003059775624887,20.026096603772316,-0.7495673428764429,0.0480052574213659,12.572863265525331,D
2026-08-03 09:00:26.900,29.83862681821712,0.5626295805653458,0.3052666168348832,19.317992491729505,-1.5468452430248845,-0.0010099893813755,12.609541104426857,D
2026-08-03 09:00:27.000,28.88586818034983,2.4539424384729736,2.2243206336042967,19.227454012465543,0.2412835268406435,0.0200072660566176,12.542556014496173,D
2026-08-03 09:00:27.100,30.045814264401795,2.8007606440850807,2.684390868470333,19.80875715327702,0.6218034909517421,-0.0262842774942465,12.593451621411075,D
2026-08-03 09:00:27.200,29.464649110689457,1.1993892559072796,1.4978224211059314,18.522151586502197,2.7788604142781663,-0.0803836904296736,12.552433689352776,D
2026-08-03 09:00:27.300,32.00967269724492,0.3079744290873158,0.6408219047216243,19.68520864075071,2.54490216747208,-0.0079163741946546,12.574749447342064,D
2026-08-03 09:00:27.400,31.303497171669736,0.9941029384324596,0.7623620962569125,20.78992501977121,-3.153855406655432,0.0191186517635229,12.567747619051994,D
2026-08-03 09:00:27.500,29.797227394292968,0.8779079970657362,0.8081424465604918,19.79024371239733,-4.108008076866883,-0.050609564063332,12.553339767985976,D
2026-08-03 09:00:27.600,28.338439385813587,0.7965977358898552,0.8673250502471572,19.214197984157323,-2.764672214563136,0.0100961517799276,12.552737961446834,D
2026-08-03 09:00:27.700,27.84028338835955,0.2044152897353882,0.1998856165781491,19.13675283143732,2.997124727656169,0.0056674180974988,12.577828287285076,D
2026-08-03 09:00:27.800,30.526806534878283,0.9195939375185078,0.7749044063882696,19.219209908672347,2.126160367541704,-0.0931017960812401,12.592110786563254,D
2026-08-03 09:00:27.900,29.33619648239771,0.760071381671297,0.8551830448998923,19.343924780854188,-1.5029795002278286,-0.034081235138437,12.569505275936228,D
2026-08-03 09:00:28.000,29.521752121606504,-0.381933867690656,-0.3233318879603045,19.273002151324565,-3.4692723174160864,0.0144594315834707,12.573402263174664,D
2026-08-03 09:00:28.100,26.777995053380284,0.5819127394546657,0.2467441106516341,20.195157798252023,0.4296312008397162,0.0275118915923323,12.58332348132582,D
2026-08-03 09:00:28.200,29.91159330920672,1.1254441927863763,0.7760134344783437,18.357258970165624,3.411443517907428,-0.0400574061805309,12.55236762453974,D
2026-08-03 09:00:28.300,29.27240598739489,0.051759093431426,0.2315803880652635,20.19115071248248,-3.439628106122794,0.0087157139395482,12.586493850168258,D
2026-08-03 09:00:28.400,27.32429937202007,-0.33616840852824,-0.2680367394626053,19.33968232854227,-1.6464927939932366,0.0463108100347025,12.587986861941197,D
2026-08-03 09:00:28.500,28.02199554144916,-0.3716060890509978,-0.1952218781802969,19.887492364791488,2.1082309381398336,0.0334013384117098,12.623572525975009,D
2026-08-03 09:00:28.600,28.836603657513013,-0.1257407786616182,0.1004311497313623,18.85334393007611,0.6119072050696955,-0.0066628255231686,12.563877916188806,D
2026-08-03 09:00:28.700,28.51674326951221,-1.43098816849055,-1.2572429736617228,20.591310857999748,-1.1513000204846409,-0.0447653748976342,12.562138363966636,D
2026-08-03 09:00:28.800,28.038153727629982,-0.6151117734032675,-0.2652149696336722,20.552660705886503,-0.4328112965097324,-0.0404975220548502,12.586579317431474,D
2026-08-03 09:00:28.900,28.200898477905067,-1.023419144820736,-0.7050825348190707,20.372276424535187,-0.1049908197426833,0.0082792271717178,12.587482083378244,D
2026-08-03 09:00:29.000,27.96039899923249,-0.0342345860432409,-0.3978315949080363,18.660467298117005,0.2483008316461968,0.0092540032671118,12.560298256932466,D
2026-08-03 09:00:29.100,28.384909242236784,-1.1741288725462555,-0.5066116606811313,20.321784644935374,2.7026380209306136,0.0140199403893832,12.562836746461398,D
2026-08-03 09:00:29.200,28.183892302267715,-0.380786400031752,-0.4548525431524765,20.045760138678204,-4.712658578137242,0.0006306399470764,12.581622616764362,D
2026-08-03 09:00:29.300,28.183892302267715,-1.892938679169444,-2.0108795462911107,20.045760138678204,-3.1221649986207964,0.0161555817837487,12.554148315185309,D
2026-08-03 09:00:29.400,27.743173503279674,-1.172286933606311,-1.2513426597609396,19.788291383377523,4.374997515586482,-0.0122993552794356,12.5623893202397,D
2026-08-03 09:00:29.500,28.183892302267715,-1.4294359265202348,-1.4498622894196844,20.08242081266281,0.8095789554605927,0.0181401762214573,12.572291855347368,D
2026-08-03 09:00:29.600,28.27338800570166,-2.145113680510112,-1.7004389488108294,20.23874557170012,-1.1711771863276077,0.0117850657739757,12.590318773696444,D
2026-08-03 09:00:29.700,27.419460783650784,-1.7414455177828152,-1.4753115658901237,19.996106239947192,-3.5799934094563493,-0.0652279097186587,12.55820802767641,D
2026-08-03 09:00:29.800,28.15885722092874,-1.3414043706272292,-1.174173086793961,20.098684859649097,0.9613591819177204,-0.1084625085014639,12.533352310759389,D
2026-08-03 09:00:29.900,28.15885722092874,-2.2249159846208717,-1.594022198051953,20.08242081266281,5.680204637342137,0.0443706079807478,12.531768050649635,D
2026-08-03 09:00:30.000,27.46643847938441,-35.0,-2.315690006156078,20.799392740539624,-3.265560655629437,-0.0343053387921529,12.544811738665878,D
2026-08-03 09:00:30.100,25.830038820105,-2.295512520140867,-1.7415956549194076,19.996106239947192,-1.4482456788784202,-0.1167701299189482,12.543636645636,D
2026-08-03 09:00:30.200,28.662209938615756,-2.846048740553751,-2.153890455244393,19.7662021613453,1.926354431731248,-0.0784030457275124,12.5667077848276,D
2026-08-03 09:00:30.300,27.187834821270137,-2.67145306490347,-1.9523220515221047,19.89707019296252,-1.7657379466390422,0.0005641990353475,12.545922396928049,D
2026-08-03 09:00:30.400,27.46643847938441,-2.6437440482764583,-2.7473812411543994,18.809950737578863,-1.2682466437076718,-0.0520045651811364,12.555544900803577,D
2026-08-03 09:00:30.500,26.236034504331663,-3.555551940239074,-2.953773027870598,20.126603132218428,-0.6276075104171441,-0.0744462410103169,12.554018282300358,D
2026-08-03 09:00:30.600,27.05918101880476,-3.6073279200345136,-3.539925355374453,20.95920641025705,3.769259435977181,0.0189349153352322,12.56058984278304,D
2026-08-03 09:00:30.700,28.98313628922658,-2.652127984590786,-2.11088440963329,19.34900941125007,1.4517564666979548,-0.0926118175093336,12.595750086630463,D
2026-08-03 09:00:30.800,28.08636969926912,-3.244969076276706,-2.5973651526886687,20.369732666869808,0.5835425523411335,-0.087628146732886,12.58243895178861,D
2026-08-03 09:00:30.900,29.431611578288653,-4.353115409964609,-3.168832645534783,19.5179189684223,0.9694521889856292,-0.0565137334938648,12.56942258830552,D
2026-08-03 09:00:31.000,28.73294678031857,-2.762043110588829,-1.8533441706547271,20.369732666869808,-2.306228692022002,-0.0220309097272841,12.559779474388382,D
2026-08-03 09:00:31.100,27.81573869957598,-3.0984975043614487,-2.417965489013449,21.2428889994258,0.810158147601095,-0.0203102543546064,12.56023534686754,D
2026-08-03 09:00:31.200,29.35191196802062,-3.668243288360857,-3.084702953907756,19.853865755504263,-0.1328163250186672,-0.010813953895126,12.57535492939904,D
2026-08-03 09:00:31.300,27.757917909030912,-4.042665588121001,-3.08858413673308,20.58218228232268,-1.647583041384718,-0.0488272184497293,12.580383381467046,D
2026-08-03 09:00:31.400,28.198232970128878,-3.0355312105310097,-2.5868002596221022,18.97377671517103,-1.2093480013802584,-0.0203490865235609,12.550447649877988,D
2026-08-03 09:00:31.500,26.823873914437574,-3.344107728606465,-2.675703978318177,21.612250093945114,-1.2856839233373696,-0.0599282805767988,12.569229615112285,D
2026-08-03 09:00:31.600,27.23632187881401,-2.3889203828112464,-1.615295411160767,20.7554694672662,-0.5937698554752799,-0.0309332509624686,12.52776760862674,D
2026-08-03 09:00:31.700,26.29786684674428,-3.4275880534635976,-2.909401846567705,20.23081837475897,1.6617836653373317,-0.0418195705495822,12.572534275683411,D
2026-08-03 09:00:31.800,28.302189811712296,-3.497250115820219,-2.556096500883425,20.786360905584964,-0.9374840695452696,-0.0410708144601448,12.583442984839174,D
2026-08-03 09:00:31.900,25.682247617710985,-3.82388414076352,-2.855886902003125,19.421453442999365,-0.3888408720051839,-0.0127935192286089,12.562498627462382,D
2026-08-03 09:00:32.000,28.01816824213451,-3.3771950937520363,-2.988193620140876,21.26086992892785,1.5073918113855955,-0.021787108767673,12.604330539922804,D
2026-08-03 09:00:32.100,26.835318860147275,-3.513997464456677,-2.5190297331001217,20.23098719703569,0.545847416000359,-0.0471641177324656,12.55027523105128,D
2026-08-03 09:00:32.200,28.45596848309307,-3.237383281005433,-2.3803367211928954,20.33949690255252,1.4831907104427238,-0.0886917246456794,12.572148808306066,D
2026-08-03 09:00:32.300,27.939508924256764,-4.156320866935513,-3.294478927336613,20.16263072175313,0.9666664793825844,-0.0574196401987462,12.56698350506668,D
2026-08-03 09:00:32.400,29.212860468998898,-4.141448656737946,-3.541855962798653,20.12463704827918,-0.1442181752769322,-0.0647477340439845,12.56559404665113,D
2026-08-03 09:00:32.500,27.89626054497632,-4.187022705455488,-3.607379969937061,21.04150940431552,-5.688075172654029,-0.0514984498666524,12.565213556639904,D
2026-08-03 09:00:32.600,25.12575712489076,-3.5714107862246998,-3.0184274020506665,20.758349626969117,-1.444412848862126,0.0633414433838372,12.569542100600188,D
2026-08-03 09:00:32.700,26.926366274694647,-3.2325577930771434,-2.423267895474127,21.059225706922177,0.7210927019806704,-0.0717632183534432,12.584259174869274,D
2026-08-03 09:00:32.800,25.59643735747052,-4.221674874715046,-3.664027449992457,20.620429707314127,-0.8340982636142109,-0.0354655471130021,12.594754724725494,D
2026-08-03 09:00:32.900,26.378678128647664,-4.2107156791866895,-3.2373188687633907,21.009191212613768,4.692892118795494,-0.004734642916717,12.567054995109917,D
2026-08-03 09:00:33.000,28.81348851032572,-3.842922214267914,-3.446864430077849,20.37988860627923,1.890847449600795,-0.0530769469365058,12.583306321443432,D
2026-08-03 09:00:33.100,27.766088036735784,-4.120029597707294,-3.3572442534974902,22.256777173397303,-3.672699805543891,0.0569940720979047,12.552864661074665,D
2026-08-03 09:00:33.200,26.164996434159697,-3.513869177345556,-2.778201015504242,19.62103137315212,-2.8460419831613386,-0.0670418321003882,12.582119109054524,D
2026-08-03 09:00:33.300,25.791549461084863,-5.10409899812548,-3.349740154982709,21.623577147638866,1.3702105643058409,-0.0527234544564016,12.55146016952346,D
2026-08-03 09:00:33.400,27.05327715519175,-4.37545740071525,-3.913560617228311,21.72050023454444,-0.2297800468589267,-0.1019189160799145,12.588413198721762,D
2026-08-03 09:00:33.500,25.56162458813219,-4.332805637534728,-3.0246401400807423,20.188188677057283,-1.126194450833297,-0.0755666605167631,12.610712817547864,D
2026-08-03 09:00:33.600,26.225314796437377,-5.07688892279834,-4.016558414042488,22.366602321675177,2.4676483412433066,-0.0572668215935167,12.563958322240572,D
2026-08-03 09:00:33.700,27.415907220637077,-4.369292086761359,-3.372082094004298,21.524026512364127,3.09323166136516,-0.0204057027638128,12.522449130183851,D
2026-08-03 09:00:33.800,28.440307180463357,-4.311493856108592,-3.413690710870412,21.52770027753142,0.441671327886208,-0.0482490499479484,12.555238541335104,D
2026-08-03 09:00:33.900,27.798505004965737,-3.916629326867773,-2.9998854160356485,20.88787101317591,-5.58604783108229,0.0059481718197559,12.590737502685789,D
2026-08-03 09:00:34.000,27.466201365375134,-3.217515562231807,-2.620117981094052,20.736168391524146,-0.3967972542164656,-0.0457436480499512,12.577061535740503,D
2026-08-03 09:00:34.100,27.466201365375134,-3.85025739869232,-2.643990864516619,20.761216465864177,3.996781403806184,-0.071980015422089,12.5708782719735,D
2026-08-03 09:00:34.200,27.2063064010316,-4.192720962794279,-3.4911181135028406,21.200340897309523,0.0423761637144271,0.07547315399811,12.585973367119095,D
2026-08-03 09:00:34.300,27.637047441452573,-3.6512928765791792,-2.5813639296095694,21.92654393380433,2.554161831144408,-0.0331249697237651,12.575389068784968,D
2026-08-03 09:00:34.400,29.10194767982633,-3.039705320595994,-2.625074392540702,21.09094128430448,-4.00986922827235,-0.0822923293345119,12.589954503749023,D
2026-08-03 09:00:34.500,24.71032655591633,-3.9897881068111674,-3.2099060393693195,20.343868992580298,-3.513730766250471,-0.0863342505254059,12.58388847353294,D
2026-08-03 09:00:34.600,26.50219942748274,-3.890722169852354,-3.4341665015689493,21.576373933034144,4.584823969278041,-0.1011236765051373,12.59583400905474,D
2026-08-03 09:00:34.700,27.94751163265457,-3.08596948112147,-2.332268468792921,21.661000278290317,-1.7012557426517656,0.0016706034416089,12.572475921678125,D
2026-08-03 09:00:34.800,25.36899524170257,-3.402082437740236,-2.2881281631142287,21.490887730556764,1.5805108191235695,-0.0634093205081024,12.58330518802988,D
2026-08-03 09:00:34.900,29.06811000955112,-2.8899857762587584,-2.335195474953263,21.570405566317355,3.416850239864619,-0.0376175372122302,12.558957458538284,D
2026-08-03 09:00:35.000,27.77063373793568,-3.1393947808440084,-2.57058153428638,20.874323506327112,-1.0915601910926254,-0.0488243366734996,12.55297078376882,D
2026-08-03 09:00:35.100,28.377706800541965,-2.697102511631345,-2.492067098225454,20.42857207437432,-1.4717450151309466,-0.0035003650223961,12.59903535280838,D
2026-08-03 09:00:35.200,26.7114326271269,-3.4774500632817924,-2.8507478466911267,20.48548285596673,0.0659148180151883,-0.0909730765368283,12.569124093526456,D
2026-08-03 09:00:35.300,28.409392147370333,-2.8746415167403123,-2.7775514913087083,19.962198480550697,2.811305420354908,-0.0965392602881728,12.580797611317248,D
2026-08-03 09:00:35.400,28.75289656986961,-2.8794453462900726,-2.5774196730477064,21.28613048920088,-1.0090288898382562,-0.0321351308836104,12.567074800288228,D
2026-08-03 09:00:35.500,27.789575869557897,-3.284464900603449,-2.559536106650019,21.07452393199313,-1.3046297238646756,-0.0177429310047037,12.5527696869816,D
2026-08-03 09:00:35.600,27.832323379827287,-3.357703876793227,-2.2904591421121627,20.83703515042081,0.1520357863550427,-0.0323051037004349,12.564619657851647,D
2026-08-03 09:00:35.700,27.917894428516217,-2.129673931310802,-0.860975886679791,19.08758783907256,-1.721433868583364,-0.0716037815303365,12.593019880355351,D
2026-08-03 09:00:35.800,27.81094962469259,-2.5418611644599824,-2.2094644570892563,20.294288671597595,-0.617355883522013,-0.0015299972144655,12.575304801485588,D
2026-08-03 09:00:35.900,27.50585414648485,-2.7687325653866783,-1.7843960053157109,21.96227429677352,2.476876198673008,-0.0770684201229805,12.52987053680539,D
