timestamp,lot_id,chamber_temp_c,cusum_upper,temp_ewma,ewma_ucl,ewma_lcl,variance_ratio,change_score,severity
2026-01-01 10:00:00,LOT-D,71.55489539234347,0.0,71.55489539234347,72.29361560746439,71.774228776197,,1.7617741858269327,normal
2026-01-01 10:00:01,LOT-D,71.83449600683946,0.0,71.61081551524268,72.36649203261986,71.70135235104154,,0.9024958211391552,normal
2026-01-01 10:00:02,LOT-D,72.57956636758016,0.7606654067481984,71.80456568571017,72.4057103001466,71.6621340835148,,3.6846551852122644,normal
2026-01-01 10:00:03,LOT-D,72.08728848860967,0.38396378914750606,71.86111024629008,72.42877097872761,71.63907340493378,,1.395610709821461,normal
2026-01-01 10:00:04,LOT-D,72.41410390483793,0.7623419615309666,71.97170897799965,72.4428478958558,71.62499648780559,,2.737891018410649,normal
2026-01-01 10:00:05,LOT-D,72.25969670606577,0.7839751658634215,72.02930652361289,72.45160822011923,71.61623616354217,,1.0799416217624183,normal
2026-01-01 10:00:06,LOT-D,71.71359135913306,0.0,71.96616349071692,72.45711967030742,71.61072471335397,,2.5197011104032936,normal
2026-01-01 10:00:07,LOT-D,72.24387849918463,0.0,72.02170649241047,72.46060963930073,71.60723474436067,,1.0973146706376362,normal
2026-01-01 10:00:08,LOT-D,71.85753204697538,0.0,71.98887160332346,72.46282831668056,71.60501606698084,,1.9247759800782376,normal
2026-01-01 10:00:09,LOT-D,71.85492489772847,0.0,71.96208226220446,72.46424226693884,71.60360211672256,,2.0773608228460816,normal
2026-01-01 10:00:10,LOT-D,72.0437252934017,0.0,71.97841086844392,72.46514476200738,71.60269962165401,,3.396060220070556,normal
2026-01-01 10:00:11,LOT-D,71.31333131706647,0.0,71.84539495816843,72.46572136892875,71.60212301473264,,2.790158850298498,normal
2026-01-01 10:00:12,LOT-D,72.53647474684574,0.661105807296825,71.9836109159039,72.46608999361922,71.60175439004217,,1.9393376175450099,normal
2026-01-01 10:00:13,LOT-D,71.69800964617166,0.0,71.92649066195744,72.46632574850113,71.60151863516026,,2.805879774329279,normal
2026-01-01 10:00:14,LOT-D,72.45012123884676,0.46159322176223205,72.03121677733532,72.46647656419223,71.60136781946916,0.7750951895954367,3.8992791505309086,normal
2026-01-01 10:00:15,LOT-D,72.0613445057339,0.024950193296424894,72.03724232301504,72.4665730586447,71.6012713250167,0.7237617236461341,0.667205504307792,normal
2026-01-01 10:00:16,LOT-D,72.68941488583296,1.0394114492418556,72.16767683557862,72.46663480380154,71.60120957985986,0.8144691161348393,2.2382668901070386,normal
2026-01-01 10:00:17,LOT-D,71.70301376379368,0.0,72.07474422122164,72.46667431607854,71.60117006758286,0.8065298072176336,2.4699043058904055,normal
2026-01-01 10:00:18,LOT-D,71.85969231458854,0.0,72.03173383989503,72.46669960204262,71.60114478161877,0.7718704636462878,1.995476437342871,normal
2026-01-01 10:00:19,LOT-D,72.15199610695147,0.0,72.05578629330631,72.46671578428433,71.60112859937706,0.7346089104162118,3.525789832428246,normal
2026-01-01 10:00:20,LOT-D,71.00663800581009,0.0,71.84595663580707,72.46672614060151,71.60111824305989,0.9721341874029944,4.208707551445805,caution
2026-01-01 10:00:21,LOT-D,72.37256464870143,0.2824051819975305,71.95127823838595,72.46673276851445,71.60111161514695,0.960268017189838,3.5710504775672343,normal
2026-01-01 10:00:22,LOT-D,72.69373367761078,1.3068446465177486,72.09976932623093,72.46673701032546,71.60110737333594,1.0241643792013788,4.531687052138624,caution
2026-01-01 10:00:23,LOT-D,72.50706305696926,1.899997194842534,72.18122807237859,72.4667397250627,71.6011046585987,1.0276146622679159,2.576252178253958,normal
2026-01-01 10:00:24,LOT-D,72.33964633994051,2.1063473670957777,72.21291172589098,72.46674146248559,71.60110292117581,1.0012616453916303,1.4291040808192301,normal
2026-01-01 10:00:25,LOT-D,71.93430994809815,1.37620157732406,72.15719137033241,72.46674257443259,71.60110180922881,0.9651642493939483,1.4647793462038892,normal
2026-01-01 10:00:26,LOT-D,72.57685600217687,2.130604910626904,72.24112429670132,72.46674328607716,71.60110109758423,0.9792888592918347,3.4124696003215327,normal
2026-01-01 10:00:27,LOT-D,72.48331377988737,2.6688867329675015,72.28956219333853,72.46674374152907,71.60110064213232,0.9730243932436377,2.691311985323379,normal
2026-01-01 10:00:28,LOT-D,72.17667938005977,2.4987153223001664,72.26698563068277,72.46674403301805,71.60110035064335,0.9393345119413975,1.722766494461256,normal
2026-01-01 10:00:29,LOT-D,72.00230144077304,1.9256582115209047,72.21404879270082,72.46674421957088,71.60110016409051,0.9087614519964807,3.1309218367542666,normal
2026-01-01 10:00:30,LOT-D,71.83720490752758,0.9711593159911125,72.13868001566618,72.46674433896466,71.60110004469674,0.8903619781064536,3.071351933071271,normal
2026-01-01 10:00:31,LOT-D,71.4463955120293,0.0,72.0002231149388,72.46674441537667,71.60109996828473,0.9310679178727003,1.9476434058771113,normal
2026-01-01 10:00:32,LOT-D,72.55180318176951,0.6965208790722184,72.11053912830495,72.46674446428034,71.60109991938106,0.9393086394153625,3.6129833400622258,normal
2026-01-01 10:00:33,LOT-D,71.02258025099167,0.0,71.8929473528423,72.46674449557868,71.60109988808271,1.088366637053018,5.048792828604244,caution
2026-01-01 10:00:34,LOT-D,71.83343369436646,0.0,71.88104462114714,72.46674451560962,71.60109986805178,1.0638196016226638,2.68578062495794,normal
2026-01-01 10:00:35,LOT-D,72.0739710313536,0.0,71.91962990318844,72.46674452842943,71.60109985523196,1.0335222279067935,2.56131669985059,normal
2026-01-01 10:00:36,LOT-D,72.38694653307573,0.3156333275919224,72.0130932291659,72.4667445366341,71.6010998470273,1.0212858409450531,1.8125066599875579,normal
2026-01-01 10:00:37,LOT-D,72.79274755643031,1.5688361096061754,72.16902409461879,72.46674454188509,71.6010998417763,1.0694826793589822,2.731316735685276,normal
2026-01-01 10:00:38,LOT-D,72.44699569917832,2.023208032374394,72.2246184155307,72.46674454524572,71.60109983841568,1.060024429648174,1.1161865368126769,normal
2026-01-01 10:00:39,LOT-D,71.8688153582557,1.1417424495706632,72.1534578040757,72.46674454739653,71.60109983626486,1.0391960998485406,2.6847307187110836,normal
2026-01-01 10:00:40,LOT-D,72.32765740105012,1.3203931773975421,72.18829772347058,72.46674454877304,71.60109983488836,1.007484071701497,2.4161339066272283,normal
2026-01-01 10:00:41,LOT-D,71.43227985738613,0.0,72.0370941502537,72.46674454965401,71.60109983400739,1.058399842069585,2.072399652684396,normal
2026-01-01 10:00:42,LOT-D,72.64347233700992,0.9083148246754769,72.15836978760494,72.46674455021784,71.60109983344356,1.0674954525237559,3.476476417282643,normal
2026-01-01 10:00:43,LOT-D,71.92958610382676,0.1672549862902698,72.1126130508493,72.46674455057868,71.60109983308271,1.07103455403061,1.7217396006215195,normal
2026-01-01 10:00:44,LOT-D,71.69680838250582,0.0,72.02945211718061,72.46674455080962,71.60109983285177,1.0757517778396375,1.3272937271226566,normal
2026-01-01 10:00:45,LOT-D,71.7124229548055,0.0,71.9660462847056,72.46674455095742,71.60109983270398,1.0873792494209418,1.7378475243018685,normal
2026-01-01 10:00:46,LOT-D,71.97238740257083,0.0,71.96731450827865,72.46674455105202,71.60109983260938,1.0720005900121372,1.8662055528857442,normal
2026-01-01 10:00:47,LOT-D,71.82324678484352,0.0,71.93850096359162,72.46674455111255,71.60109983254884,1.0748195088867878,2.794267152648729,normal
2026-01-01 10:00:48,LOT-D,73.03045947629155,1.8024163674596632,72.15689266613161,72.4667445511513,71.6010998325101,1.1957226648080852,3.477172201318726,normal
2026-01-01 10:00:49,LOT-D,71.67681848345373,0.47735800198917433,72.06087782959604,72.46674455117609,71.6010998324853,1.211032507618274,1.9510715216204977,normal
2026-01-01 10:00:50,LOT-D,72.01467348442064,0.0,72.05163696056096,72.46674455119197,71.60109983246943,1.2114149891242407,2.80277542442057,normal
2026-01-01 10:00:51,LOT-D,72.01262245301353,0.0,72.04383405905148,72.46674455120213,71.60109983245927,1.1304996855816913,0.4382847316779406,normal
2026-01-01 10:00:52,LOT-D,72.01272245523288,0.0,72.03761173828775,72.46674455120862,71.60109983245277,1.1037269407847343,0.842163535003207,normal
2026-01-01 10:00:53,LOT-D,72.02490563787872,0.0,72.03507051820594,72.46674455121278,71.60109983244861,1.0836867682620153,1.691195853467669,normal
2026-01-01 10:00:54,LOT-D,71.78329671381452,0.0,71.98471575732766,72.46674455121544,71.60109983244595,1.0771969065593894,1.401213332262619,normal
2026-01-01 10:00:55,LOT-D,71.73746662479115,0.0,71.93526593082036,72.46674455121715,71.60109983244425,1.09221292564896,2.116157905149673,normal
2026-01-01 10:00:56,LOT-D,71.61202777406793,0.0,71.87061829946988,72.46674455121824,71.60109983244315,1.0628777686765656,1.7069171641551761,normal
2026-01-01 10:00:57,LOT-D,71.33032142403678,0.0,71.76255892438326,72.46674455121894,71.60109983244246,1.1155686436664907,3.3605241245731587,normal
2026-01-01 10:00:58,LOT-D,72.09733807489914,0.0,71.82951475448644,72.46674455121939,71.601099832442,1.1121255153262728,1.6140624480807846,normal
2026-01-01 10:00:59,LOT-D,72.44296935781314,0.445069396505816,71.95220567515179,72.46674455121968,71.60109983244172,1.1327899720564154,2.283676731360762,normal
2026-01-01 10:01:00,LOT-D,71.75561213654431,0.0,71.9128869674303,72.46674455121986,71.60109983244153,0.9954368654160587,1.2190483183055614,normal
2026-01-01 10:01:01,LOT-D,71.74862323243029,0.0,71.8800342204303,72.46674455121997,71.60109983244142,0.9940735720437254,1.369613299391681,normal
2026-01-01 10:01:02,LOT-D,71.85758272680481,0.0,71.8755439217052,72.46674455122005,71.60109983244135,0.9388425642922952,0.45671267255553094,normal
2026-01-01 10:01:03,LOT-D,71.79271211644249,0.0,71.85897756065266,72.4667445512201,71.60109983244129,0.9124613456530086,0.9466318038097754,normal
2026-01-01 10:01:04,LOT-D,71.35367861293878,0.0,71.75791777110989,72.46674455122013,71.60109983244126,0.9521542568018992,2.020508601667006,normal
2026-01-01 10:01:05,LOT-D,72.61429861441661,0.8409113692845303,71.92919393977124,72.46674455122015,71.60109983244125,1.0050940530749235,2.6420525746981047,normal
2026-01-01 10:01:06,LOT-D,72.19754994940087,0.7189596702109724,71.98286514169718,72.46674455122016,71.60109983244124,0.9642312222805944,1.6399035215100208,normal
2026-01-01 10:01:07,LOT-D,71.67973723776089,0.0,71.92223956090993,72.46674455122017,71.60109983244122,0.9416503533941277,1.7231639443618465,normal
2026-01-01 10:01:08,LOT-D,72.13372729269294,0.0,71.96453710726654,72.46674455122017,71.60109983244122,0.9394526648540319,1.1966617652627014,normal
2026-01-01 10:01:09,LOT-D,71.80269422732292,0.0,71.93216853127782,72.46674455122017,71.60109983244122,0.9428820762740684,1.7824390652078363,normal
2026-01-01 10:01:10,LOT-D,71.9047631549814,0.0,71.92668745601854,72.46674455122017,71.60109983244122,0.9411690899750242,2.0989035441704185,normal
2026-01-01 10:01:11,LOT-D,72.1637837242106,0.0,71.97410670965695,72.46674455122017,71.60109983244122,0.9081119188311566,0.7288832000981306,normal
2026-01-01 10:01:12,LOT-D,72.42883402138854,0.41241087940762344,72.06505217200328,72.46674455122017,71.60109983244122,0.890962141994168,2.700663291389231,normal
2026-01-01 10:01:13,LOT-D,72.68378585815857,1.4138667359038943,72.18879890923434,72.46674455122017,71.60109983244122,0.8241615698824425,2.5225228233725243,normal
2026-01-01 10:01:14,LOT-D,72.76675925202707,2.6070257058565436,72.30439097779289,72.46674455122019,71.60109983244121,0.8925278192102266,2.919281697303152,normal
2026-01-01 10:01:15,LOT-D,71.88801358165608,1.7699160186850533,72.22111549856552,72.46674455122019,71.60109983244121,0.895625930320302,1.4437092385938775,normal
2026-01-01 10:01:16,LOT-D,71.77511313398992,0.6719592536837238,72.13191502565041,72.46674455122019,71.60109983244121,0.8873941229667612,2.801497146074139,normal
2026-01-01 10:01:17,LOT-D,72.0448188758649,0.19713513426803098,72.11449579569332,72.46674455122019,71.60109983244121,0.8046990609038079,2.228206474754352,normal
2026-01-01 10:01:18,LOT-D,72.05775444552974,0.0,72.1031475256606,72.46674455122019,71.60109983244121,0.7778790772284924,1.6534255585019926,normal
2026-01-01 10:01:19,LOT-D,71.66960014839981,0.0,72.01643805020845,72.46674455122019,71.60109983244121,0.7901004830672633,1.6466805320215254,normal
2026-01-01 10:01:20,LOT-D,71.72078612029436,0.0,71.95730766422564,72.46674455122019,71.60109983244121,0.7832918115467645,3.1344332265038877,normal
2026-01-01 10:01:21,LOT-D,72.36597317418938,0.26717612931793466,72.03904076621839,72.46674455122019,71.60109983244121,0.760749461728408,1.242025894077884,normal
2026-01-01 10:01:22,LOT-D,72.73881045618334,1.395761735077592,72.17899470421139,72.46674455122019,71.60109983244121,0.7787822537084744,4.64110328982059,caution
2026-01-01 10:01:23,LOT-D,71.89807461822937,0.5818972346554232,72.12281068701499,72.46674455122019,71.60109983244121,0.7795340439271655,3.308785796673704,normal
2026-01-01 10:01:24,LOT-D,71.7084156550521,0.0,72.03993168062242,72.46674455122019,71.60109983244121,0.7785867803414434,3.999737356362954,normal
2026-01-01 10:01:25,LOT-D,71.87248295701912,0.0,72.00644193590176,72.46674455122019,71.60109983244121,0.7693667791455534,0.5784412171486975,normal
2026-01-01 10:01:26,LOT-D,71.55219088801348,0.0,71.91559172632411,72.46674455122019,71.60109983244121,0.7966671384167804,3.321198214287117,normal
2026-01-01 10:01:27,LOT-D,71.8772077035948,0.0,71.90791492177826,72.46674455122019,71.60109983244121,0.7945278760042663,0.8963197812699009,normal
2026-01-01 10:01:28,LOT-D,72.19009986366049,0.0,71.9643519101547,72.46674455122019,71.60109983244121,0.6507367084522692,3.2741702500873013,normal
2026-01-01 10:01:29,LOT-D,71.96339566728479,0.0,71.96416066158073,72.46674455122019,71.60109983244121,0.6383267534422519,1.710861518087542,normal
2026-01-01 10:01:30,LOT-D,72.55555991867772,0.7052005066993592,72.08244051300014,72.46674455122019,71.60109983244121,0.6822242982265221,2.592401745611314,normal
2026-01-01 10:01:31,LOT-D,72.0678996144992,0.2837025108851554,72.07953233329995,72.46674455122019,71.60109983244121,0.6828926310881074,2.32993352675109,normal
2026-01-01 10:01:32,LOT-D,72.2165037873004,0.20554207510554146,72.10692662410004,72.46674455122019,71.60109983244121,0.6893234875622293,1.9115739993183922,normal
2026-01-01 10:01:33,LOT-D,71.93305911041573,0.0,72.07215312136319,72.46674455122019,71.60109983244121,0.6898703059711155,0.6564846945507739,normal
2026-01-01 10:01:34,LOT-D,72.59204956795216,0.7895068011475339,72.17613241068099,72.46674455122019,71.60109983244121,0.7292737978720538,3.381007713979891,normal
2026-01-01 10:01:35,LOT-D,71.44994447900704,0.0,72.0308948243462,72.46674455122019,71.60109983244121,0.7625279882915948,2.694808232881181,normal
2026-01-01 10:01:36,LOT-D,71.8633838968649,0.0,71.99739263884995,72.46674455122019,71.60109983244121,0.7433960808514833,1.7736611461097191,normal
2026-01-01 10:01:37,LOT-D,71.47184009594392,0.0,71.89228213026874,72.46674455122019,71.60109983244121,0.7193933137694435,2.3345916131093274,normal
2026-01-01 10:01:38,LOT-D,72.37182307815526,0.28069184503588607,71.98819031984604,72.46674455122019,71.60109983244121,0.7350758341974122,3.427602312167803,normal
2026-01-01 10:01:39,LOT-D,72.38264503033037,0.586386908922045,72.06708126194292,72.46674455122019,71.60109983244121,0.7287303090886988,3.84094909495085,normal
2026-01-01 10:01:40,LOT-D,71.76790458314403,0.0,72.00724592618315,72.46674455122019,71.60109983244121,0.7278345980728771,2.8978179681032703,normal
2026-01-01 10:01:41,LOT-D,72.74615099323657,1.1455453050311515,72.15502693959382,72.46674455122019,71.60109983244121,0.7843108211857884,4.282314677555884,caution
2026-01-01 10:01:42,LOT-D,71.86623183196234,0.2581106999777192,72.09726791806753,72.46674455122019,71.60109983244121,0.7838580415014379,1.0151057394851344,normal
2026-01-01 10:01:43,LOT-D,71.37748029602324,0.0,71.95331039365868,72.46674455122019,71.60109983244121,0.8364821364265348,1.9411652938789403,normal
2026-01-01 10:01:44,LOT-D,71.87345797282372,0.0,71.9373399094917,72.46674455122019,71.60109983244121,0.7744735463386362,1.524994419475819,normal
2026-01-01 10:01:45,LOT-D,72.16200922947348,0.0,71.98227377348806,72.46674455122019,71.60109983244121,0.7326322517030985,2.613644681344582,normal
2026-01-01 10:01:46,LOT-D,71.89452359328281,0.0,71.96472373744702,72.46674455122019,71.60109983244121,0.7321953677351152,0.9404199288597344,normal
2026-01-01 10:01:47,LOT-D,73.01948426994025,1.7770590676039322,72.17567584394567,72.46674455122019,71.60109983244121,0.8407096502041016,3.5203773257606463,normal
2026-01-01 10:01:48,LOT-D,72.38492399285097,2.08801948451811,72.21752547372674,72.46674455122019,71.60109983244121,0.8534797625333991,2.028780060344712,normal
2026-01-01 10:01:49,LOT-D,72.77907574742527,3.309634690917436,72.32983552846645,72.46674455122019,71.60109983244121,0.9074500035176408,4.068459649316184,caution
2026-01-01 10:01:50,LOT-D,72.62364844939093,4.172148074911891,72.38859811265135,72.46674455122019,71.60109983244121,0.9377665447732353,2.613892593096002,normal
2026-01-01 10:01:51,LOT-D,71.24139689473407,1.841084406633466,72.1591578690679,72.46674455122019,71.60109983244121,1.040032888794152,4.060430174781332,caution
2026-01-01 10:01:52,LOT-D,71.83000862700068,0.8699591045172652,72.09332802065445,72.46674455122019,71.60109983244121,1.0333400085688007,3.934678164825697,normal
2026-01-01 10:01:53,LOT-D,70.77218144090722,0.0,71.82909870470502,72.46674455122019,71.60109983244121,1.2056226163994777,4.174992492248572,caution
2026-01-01 10:01:54,LOT-D,71.70912146884187,0.0,71.8051032575324,72.46674455122019,71.60109983244121,1.1425518530498757,3.574408977259361,normal
2026-01-01 10:01:55,LOT-D,72.50179691510267,0.5809855663000747,71.94444198904645,72.46674455122019,71.60109983244121,1.17285541544564,1.6683303204760047,normal
2026-01-01 10:01:56,LOT-D,71.62055500682726,0.0,71.87966459260261,72.46674455122019,71.60109983244121,1.1864983101453224,2.349083724654085,normal
2026-01-01 10:01:57,LOT-D,71.71349020291522,0.0,71.84642971466513,72.46674455122019,71.60109983244121,1.1987482442534019,3.0828647173985466,normal
2026-01-01 10:01:58,LOT-D,72.14676037538686,0.0,71.90649584680948,72.46674455122019,71.60109983244121,1.2009671888034354,2.092691584648416,normal
2026-01-01 10:01:59,LOT-D,72.35429242553565,0.24018873275596553,71.99605516255471,72.46674455122019,71.60109983244121,1.1992969799251376,1.386765536633386,normal
2026-01-01 10:02:00,LOT-E,71.83965897714057,0.0,71.96477592547188,72.46674455122019,71.60109983244121,1.1911396637976361,2.3239943960243568,normal
2026-01-01 10:02:01,LOT-E,71.88488452105193,0.0,71.9487976445879,72.46674455122019,71.60109983244121,1.1780946084662927,1.396488869876661,normal
2026-01-01 10:02:02,LOT-E,72.36404176612619,0.2627137719066629,72.03184646889557,72.46674455122019,71.60109983244121,1.1231314621173623,2.104763957400448,normal
2026-01-01 10:02:03,LOT-E,72.11432640818887,0.0,72.04834245675423,72.46674455122019,71.60109983244121,1.122687832342649,1.763782816834194,normal
2026-01-01 10:02:04,LOT-E,71.87162095299874,0.0,72.01299815600314,72.46674455122019,71.60109983244121,1.1124828246458367,1.837336728383077,normal
2026-01-01 10:02:05,LOT-E,72.1415265715147,0.0,72.03870383910545,72.46674455122019,71.60109983244121,1.111242857742768,3.23811468765342,normal
2026-01-01 10:02:06,LOT-E,72.03425467866766,0.0,72.0378140070179,72.46674455122019,71.60109983244121,1.0795709454171138,1.6676014014795417,normal
2026-01-01 10:02:07,LOT-E,72.11458481557453,0.0,72.05316816872923,72.46674455122019,71.60109983244121,1.076560616728299,1.8356992078807055,normal
2026-01-01 10:02:08,LOT-E,72.9005540318112,1.5022806612923687,72.22264534134563,72.46674455122019,71.60109983244121,1.1721017194664822,3.492989870294985,normal
2026-01-01 10:02:09,LOT-E,71.86265643434608,0.6065853979372191,72.15064755994572,72.46674455122019,71.60109983244121,1.1762014591534795,2.1198957824148916,normal
2026-01-01 10:02:10,LOT-E,71.75710671392409,0.0,72.07193939074139,72.46674455122019,71.60109983244121,1.1530587470065958,1.3671217421862814,normal
2026-01-01 10:02:11,LOT-E,72.63613385734939,0.8913598788383816,72.184778284063,72.46674455122019,71.60109983244121,1.2004151230571076,2.8255774076010587,normal
2026-01-01 10:02:12,LOT-E,71.68243471016463,0.0,72.08430956928333,72.46674455122019,71.60109983244121,1.2148204026336844,3.469939066630973,normal
2026-01-01 10:02:13,LOT-E,72.77395026405476,1.2097732041105909,72.22223770823763,72.46674455122019,71.60109983244121,1.284261242426826,2.425700440288413,normal
2026-01-01 10:02:14,LOT-E,71.91261098720462,0.4294937730821271,72.16031236403103,72.46674455122019,71.60109983244121,1.2473462435271214,0.5530552597832517,normal
2026-01-01 10:02:15,LOT-E,72.03322778311993,0.0,72.1348954478488,72.46674455122019,71.60109983244121,1.1976779482736697,1.1445731456965937,normal
2026-01-01 10:02:16,LOT-E,72.3301327265134,0.1843697610736167,72.17394290358173,72.46674455122019,71.60109983244121,1.2016362602387098,2.1648134772214442,normal
2026-01-01 10:02:17,LOT-E,72.5458993629359,0.867250358617996,72.24833419545257,72.46674455122019,71.60109983244121,1.1792412652238666,3.8406686515824284,normal
2026-01-01 10:02:18,LOT-E,72.44864939325055,1.3254430037596254,72.28839723501217,72.46674455122019,71.60109983244121,1.185777887417579,2.126807510184686,normal
2026-01-01 10:02:19,LOT-E,71.90836409013491,0.5353514708894356,72.21239060603672,72.46674455122019,71.60109983244121,1.1791501966016416,1.4520599280540005,normal
2026-01-01 10:02:20,LOT-E,71.83510702402597,0.0,72.13693388963458,72.46674455122019,71.60109983244121,1.1738545927377901,3.3767937657427893,normal
2026-01-01 10:02:21,LOT-E,72.17914750085133,0.0,72.14537661187794,72.46674455122019,71.60109983244121,1.1149462787508904,1.2889403208003523,normal
2026-01-01 10:02:22,LOT-E,72.10619320275727,0.0,72.1375399300538,72.46674455122019,71.60109983244121,1.1088491128757814,1.4859379155387265,normal
2026-01-01 10:02:23,LOT-E,71.77933153212608,0.0,72.06589825046827,72.46674455122019,71.60109983244121,1.052895314392188,2.1292035565396175,normal
2026-01-01 10:02:24,LOT-E,72.27596687418455,0.05922407219272374,72.10791197521152,72.46674455122019,71.60109983244121,1.050427499794232,4.127954749934863,caution
2026-01-01 10:02:25,LOT-E,72.56127787970559,0.77763545144482,72.19858515611034,72.46674455122019,71.60109983244121,1.078245072603724,2.33527390858581,normal
2026-01-01 10:02:26,LOT-E,72.21163687799773,0.6882304272166606,72.20119550048781,72.46674455122019,71.60109983244121,1.072775617942259,1.1085086101641313,normal
2026-01-01 10:02:27,LOT-E,72.86329354355901,2.1044238348266076,72.33361510910206,72.46674455122019,71.60109983244121,1.0375746528497678,2.951054220662034,normal
2026-01-01 10:02:28,LOT-E,72.36691443918615,2.3737746784963987,72.34027497511887,72.46674455122019,71.60109983244121,1.0362928531814053,2.1407602289313785,normal
2026-01-01 10:02:29,LOT-E,72.13494744077641,2.107185099086079,72.29920946825038,72.46674455122019,71.60109983244121,0.9746899349065775,1.3812818998274166,normal
2026-01-01 10:02:30,LOT-E,72.27294480173497,2.1594269246734177,72.2939565349473,72.46674455122019,71.60109983244121,0.9407922880487822,1.4740592385712679,normal
2026-01-01 10:02:31,LOT-E,71.99858347116668,1.5777797548879615,72.23488192219118,72.46674455122019,71.60109983244121,0.8412378064006585,3.2985549649932713,normal
2026-01-01 10:02:32,LOT-E,71.80933363586183,0.5588866083193391,72.14977226492532,72.46674455122019,71.60109983244121,0.8428781193556276,1.2424923502826442,normal
2026-01-01 10:02:33,LOT-E,72.51064036174543,1.160304221279922,72.22194588428934,72.46674455122019,71.60109983244121,0.6099006632393678,1.639649055758548,normal
2026-01-01 10:02:34,LOT-E,71.93502469886974,0.4318098036152297,72.16456164720542,72.46674455122019,71.60109983244121,0.5892801914274999,1.0849917725768494,normal
2026-01-01 10:02:35,LOT-E,72.18054076435033,0.2705597996330893,72.1677574706344,72.46674455122019,71.60109983244121,0.5728492317559193,1.1784013665688047,normal
2026-01-01 10:02:36,LOT-E,72.32441693785809,0.4417237072397757,72.19908936407914,72.46674455122019,71.60109983244121,0.5368901386204126,2.447924943878553,normal
2026-01-01 10:02:37,LOT-E,72.56063865053399,1.15865820074942,72.27139922137012,72.46674455122019,71.60109983244121,0.5272809073294376,2.220743801450621,normal
2026-01-01 10:02:38,LOT-E,72.6176494762534,2.0073114571248105,72.34064927234678,72.46674455122019,71.60109983244121,0.551415316234987,3.252063899266722,normal
2026-01-01 10:02:39,LOT-E,72.45731198667755,2.4855183026400613,72.36398181521294,72.46674455122019,71.60109983244121,0.5571585206513595,3.0783006767983037,normal
2026-01-01 10:02:40,LOT-E,71.58660775821001,0.9520355725619578,72.20850700381236,72.46674455122019,71.60109983244121,0.590903531437455,2.7923404423220592,normal
2026-01-01 10:02:41,LOT-E,72.38551429840518,1.2643598412767794,72.24390846273093,72.46674455122019,71.60109983244121,0.5815611592057204,2.5333467753001235,normal
2026-01-01 10:02:42,LOT-E,72.15227308832662,1.037799727013887,72.22558138785007,72.46674455122019,71.60109983244121,0.578594394258417,2.2491497237052562,normal
2026-01-01 10:02:43,LOT-E,72.47394423448168,1.5544339953350796,72.2752539571764,72.46674455122019,71.60109983244121,0.5869923023765715,2.4577050778096594,normal
2026-01-01 10:02:44,LOT-E,72.99293221623978,3.2701467550959435,72.41878960898909,72.46674455122019,71.60109983244121,0.6498982206664543,3.522234456405196,normal
2026-01-01 10:02:45,LOT-E,72.93179118423822,4.8445982544917,72.52138992403891,72.46674455122019,71.60109983244121,0.7116442700746901,5.02845894230441,caution
2026-01-01 10:02:46,LOT-E,72.69155368391604,5.8640010252103,72.55542267601435,72.46674455122019,71.60109983244121,0.7284814025651674,1.9214621803806824,normal
2026-01-01 10:02:47,LOT-E,72.8427817822534,7.232803717297726,72.61289449726216,72.46674455122019,71.60109983244121,0.7667617503564457,2.503308269192839,normal
2026-01-01 10:02:48,LOT-E,71.96819099321368,6.580937259405549,72.48395379645247,72.46674455122019,71.60109983244121,0.7284067227101041,2.5880971861468542,normal
2026-01-01 10:02:49,LOT-E,72.7484498532324,7.731793888923438,72.53685300780846,72.46674455122019,71.60109983244121,0.7337508457105815,2.3003024605477567,normal
2026-01-01 10:02:50,LOT-E,72.9645741543245,9.381987709331712,72.62239723711167,72.46674455122019,71.60109983244121,0.7506614489383822,2.2732710424435587,normal
2026-01-01 10:02:51,LOT-E,72.388571835185,9.701376162032162,72.57563215672634,72.46674455122019,71.60109983244121,0.7377396642976302,2.976424714633953,normal
2026-01-01 10:02:52,LOT-E,72.91135834490974,11.228619288558042,72.64277739436302,72.46674455122019,71.60109983244121,0.7252759842918074,4.480208901591332,caution
2026-01-01 10:02:53,LOT-E,72.58052692108815,11.991503974156226,72.63032729970806,72.46674455122019,71.60109983244121,0.7077844289836412,2.225862738523903,normal
2026-01-01 10:02:54,LOT-E,73.22491158241432,14.243185731687351,72.74924415624932,72.46674455122019,71.60109983244121,0.7824645233613071,6.936728641910827,caution
2026-01-01 10:02:55,LOT-E,73.29625680815823,16.65970468904463,72.8586466866311,72.46674455122019,71.60109983244121,0.8763957200754052,6.2218407005608904,caution
2026-01-01 10:02:56,LOT-E,72.5796007724113,17.42044958528868,72.80283750378715,72.46674455122019,71.60109983244121,0.8793249609895095,2.6741123788832115,normal
2026-01-01 10:02:57,LOT-E,73.50135313979872,20.310826528933426,72.94254063098947,72.46674455122019,71.60109983244121,1.0353638796505442,4.637524106866993,caution
2026-01-01 10:02:58,LOT-E,72.78028665126565,21.535239427767348,72.91008983504472,72.46674455122019,71.60109983244121,1.0509192533457363,4.729451093356512,caution
2026-01-01 10:02:59,LOT-E,73.81648264611192,25.15369684017,73.09136839725817,72.46674455122019,71.60109983244121,1.2553117030481327,7.032500786557243,caution
2026-01-01 10:03:00,LOT-E,72.69019300837444,26.16995588341684,73.01113331948142,72.46674455122019,71.60109983244121,1.1984290051051196,5.006079534430659,caution
2026-01-01 10:03:01,LOT-E,72.96286755650813,27.816206751758653,73.00148016688676,72.46674455122019,71.60109983244121,1.208053734529705,5.653005213897821,caution
2026-01-01 10:03:02,LOT-E,73.05289726352926,29.67046375718664,73.01176358621527,72.46674455122019,71.60109983244121,1.2162870249875035,4.764002018082703,caution
2026-01-01 10:03:03,LOT-E,72.64188861390336,30.575119521575125,72.93778859175289,72.46674455122019,71.60109983244121,1.1313352716520757,3.5049553703178464,normal
2026-01-01 10:03:04,LOT-E,72.22611085784764,30.51915542186465,72.79545304497185,72.46674455122019,71.60109983244121,1.1358323841655673,5.823854041644173,caution
2026-01-01 10:03:05,LOT-E,72.66549467967555,31.47835103443816,72.7694613719126,72.46674455122019,71.60109983244121,1.1367497771479635,4.523102215083144,caution
2026-01-01 10:03:06,LOT-E,73.53392381707042,34.443979814234886,72.92235386094416,72.46674455122019,71.60109983244121,1.2358278237356615,5.8311583270593506,caution
2026-01-01 10:03:07,LOT-E,72.9229861025623,35.998087906029575,72.92248030926778,72.46674455122019,71.60109983244121,1.2403509520924463,6.050252219984163,caution
2026-01-01 10:03:08,LOT-E,72.9466529129414,37.60687619136251,72.9273148300025,72.46674455122019,71.60109983244121,1.2455016038598927,6.884267943944861,caution
2026-01-01 10:03:09,LOT-E,73.79901655275168,41.184979650275146,73.10165517455233,72.46674455122019,71.60109983244121,1.3888141612857818,5.528999275235886,caution
2026-01-01 10:03:10,LOT-E,73.36133251281578,43.7518506013449,73.15359064220503,72.46674455122019,71.60109983244121,1.427652757779032,4.547233800208285,caution
2026-01-01 10:03:11,LOT-E,73.47806407783172,46.58842010768475,73.21848532933038,72.46674455122019,71.60109983244121,1.4355274293803941,5.9732864633328795,caution
2026-01-01 10:03:12,LOT-E,73.56706202330635,49.630611952020644,73.28820066812557,72.46674455122019,71.60109983244121,1.4012934779099082,5.805322013472921,caution
2026-01-01 10:03:13,LOT-E,72.79925685058387,50.898853915843205,73.19041190461724,72.46674455122019,71.60109983244121,1.3910244290855398,6.255737006144079,caution
2026-01-01 10:03:14,LOT-E,73.28650653287114,53.2928456745113,73.20963083026803,72.46674455122019,71.60109983244121,1.3190077042999928,7.271156144117091,caution
2026-01-01 10:03:15,LOT-E,73.32076215811742,55.76598220124219,73.23185709583791,72.46674455122019,71.60109983244121,1.292189316129394,6.623684125881125,caution
2026-01-01 10:03:16,LOT-E,73.20445939121139,57.97041087500984,73.2263775549126,72.46674455122019,71.60109983244121,1.2687280392475964,8.034952565682872,warning
2026-01-01 10:03:17,LOT-E,72.80686986287739,59.25624206944483,73.14247601650557,72.46674455122019,71.60109983244121,1.255776287690544,4.775879147791527,caution
2026-01-01 10:03:18,LOT-E,73.5302198771845,62.21331320473555,73.22002478864135,72.46674455122019,71.60109983244121,1.3016281459798824,7.124154787560016,caution
2026-01-01 10:03:19,LOT-E,72.59799552406987,63.01655764209509,73.09561893572706,72.46674455122019,71.60109983244121,1.287151682185473,3.9923929101814633,normal
2026-01-01 10:03:20,LOT-E,72.94540856326321,64.62247096117179,73.06557686123429,72.46674455122019,71.60109983244121,1.0430349598375241,5.5602878005284,caution
2026-01-01 10:03:21,LOT-E,73.02567125259489,66.41382453671973,73.05759573950641,72.46674455122019,71.60109983244121,1.0006808828018925,7.701196963126984,caution
2026-01-01 10:03:22,LOT-E,73.22719896838612,68.67079110896104,73.09151638528236,72.46674455122019,71.60109983244121,0.9185872749466925,8.069890023582516,warning
2026-01-01 10:03:23,LOT-E,73.81393470629698,72.28336171870743,73.23600004948528,72.46674455122019,71.60109983244121,0.9717863288573163,8.912331666495547,warning
2026-01-01 10:03:24,LOT-E,74.20373404239079,76.79653121766934,73.4295468480664,72.46674455122019,71.60109983244121,1.1598973229945626,8.92656712659671,warning
2026-01-01 10:03:25,LOT-E,74.25604555428141,81.43056210642732,73.5948465893094,72.46674455122019,71.60109983244121,1.3525467737437837,9.269587584496717,warning
2026-01-01 10:03:26,LOT-E,73.86661418866434,85.16484427109816,73.64920010918038,72.46674455122019,71.60109983244121,1.4121707293068506,10.19373431038639,warning
2026-01-01 10:03:27,LOT-E,73.72444451896865,88.57065525905756,73.66424899113804,72.46674455122019,71.60109983244121,1.4517955710460413,8.010869480184104,warning
2026-01-01 10:03:28,LOT-E,72.49792009853645,89.1426837636853,73.43098321261772,72.46674455122019,71.60109983244121,1.320702992097141,3.2679452863661527,normal
2026-01-01 10:03:29,LOT-E,74.08070573943486,93.37160661899075,73.56092771798114,72.46674455122019,71.60109983244121,1.4134191220797117,9.546876924457168,warning
2026-01-01 10:03:30,LOT-E,74.77796266395457,99.2114835051906,73.80433470717583,72.46674455122019,71.60109983244121,1.746803805121487,11.07573421322687,warning
2026-01-01 10:03:31,LOT-E,73.82151591368373,102.8415698629622,73.80777094847741,72.46674455122019,71.60109983244121,1.6937674920048116,7.123072945200587,caution
2026-01-01 10:03:32,LOT-E,73.74582402075728,106.29677640853278,73.79538156293339,72.46674455122019,71.60109983244121,1.7074728847355423,6.496632950958242,caution
2026-01-01 10:03:33,LOT-E,73.97770426132416,110.28772293041594,73.83184610261155,72.46674455122019,71.60109983244121,1.700828193050783,8.979059540273758,warning
2026-01-01 10:03:34,LOT-E,74.01395881282983,114.3624325729401,73.86826864465522,72.46674455122019,71.60109983244121,1.7646811356049734,10.661721808974853,warning
2026-01-01 10:03:35,LOT-E,73.7695731101749,117.87250941091219,73.84852953775916,72.46674455122019,71.60109983244121,1.7897290650157895,9.3503836233785,warning
2026-01-01 10:03:36,LOT-E,73.56342842989913,120.90630614042006,73.79150931618716,72.46674455122019,71.60109983244121,1.7126245295479552,9.632051290375134,warning
2026-01-01 10:03:37,LOT-E,73.91722202409802,124.75751349237805,73.81665185776933,72.46674455122019,71.60109983244121,1.7506455917058685,6.86609073184979,caution
2026-01-01 10:03:38,LOT-E,73.15991004557803,126.85901461476828,73.68530349533107,72.46674455122019,71.60109983244121,1.7075030268475104,9.216464747902926,warning
2026-01-01 10:03:39,LOT-E,72.95290805551713,128.48225488586402,73.53882440736828,72.46674455122019,71.60109983244121,1.7062041224455313,8.122152421838361,warning
2026-01-01 10:03:40,LOT-E,72.61242238832467,129.31883139108427,73.35354400355956,72.46674455122019,71.60109983244121,1.7214499567726476,3.424152125595045,normal
2026-01-01 10:03:41,LOT-E,71.79387240134889,128.26421635035393,73.04160968311743,72.46674455122019,71.60109983244121,2.032969652081272,2.589183946272504,normal
2026-01-01 10:03:42,LOT-E,72.32217996439843,128.4302119171595,72.89772373937363,72.46674455122019,71.60109983244121,2.1611018284524213,2.2802880077216554,normal
2026-01-01 10:03:43,LOT-E,72.69956729525234,129.46812946920224,72.85809245054938,72.46674455122019,71.60109983244121,2.1508552078316985,3.9624989386527583,normal
2026-01-01 10:03:44,LOT-E,72.54912615732351,130.15846530633306,72.79629919190421,72.46674455122019,71.60109983244121,2.0680171345952885,2.8693108206485043,normal
2026-01-01 10:03:45,LOT-E,71.75097328110398,129.0047354224938,72.58723400974417,72.46674455122019,71.60109983244121,2.3456055187706837,1.310452031807472,normal
2026-01-01 10:03:46,LOT-E,72.14613931327976,128.7640037320316,72.49901507045129,72.46674455122019,71.60109983244121,2.515893113284993,1.6943349211068248,normal
2026-01-01 10:03:47,LOT-E,71.47526085990327,126.97326327048187,72.29426422834169,72.46674455122019,71.60109983244121,2.933485649725245,2.480856960469086,normal
2026-01-01 10:03:48,LOT-E,71.95294210436221,126.28616552538682,72.2259998035458,72.46674455122019,71.60109983244121,3.143628161505244,1.8095447894250973,normal
2026-01-01 10:03:49,LOT-E,72.47070762795374,126.79532188398889,72.27494136842739,72.46674455122019,71.60109983244121,3.1648732209967942,4.3072830385967595,caution
2026-01-01 10:03:50,LOT-E,72.0144118081632,126.25024476806767,72.22283545637455,72.46674455122019,71.60109983244121,3.3388969136889486,1.7007880563690463,normal
2026-01-01 10:03:51,LOT-E,70.71688381602297,122.70733733217303,71.92164512830425,72.46674455122019,71.60109983244121,4.103088030394146,5.9965838012464525,caution
2026-01-01 10:03:52,LOT-E,70.9869314668305,119.78835249396589,71.73470239600951,72.46674455122019,71.60109983244121,4.643217935647357,3.519940006194419,normal
2026-01-01 10:03:53,LOT-E,71.63928649324367,118.37657959216,71.71561921545634,72.46674455122019,71.60109983244121,4.889533126289344,2.1198192649221914,normal
2026-01-01 10:03:54,LOT-E,72.59995874668449,119.18435989180121,71.89248712170198,72.46674455122019,71.60109983244121,4.894920508005763,2.123865012511514,normal
2026-01-01 10:03:55,LOT-E,72.0895883675235,118.81297195281239,71.93190737086628,72.46674455122019,71.60109983244121,4.976734429779918,2.9314032342057885,normal
2026-01-01 10:03:56,LOT-E,72.0635729058055,118.38147745704887,71.95824047785413,72.46674455122019,71.60109983244121,5.065512134934268,2.995025965704256,normal
2026-01-01 10:03:57,LOT-E,71.40781476739339,116.43490841814695,71.84815533576199,72.46674455122019,71.60109983244121,5.3639274212601995,2.348456756805933,normal
2026-01-01 10:03:58,LOT-E,72.06589424316071,116.00877717893627,71.89170311724173,72.46674455122019,71.60109983244121,5.385043233164724,1.8145644992398218,normal
2026-01-01 10:03:59,LOT-E,70.97617245969771,113.06493455115476,71.70859698573292,72.46674455122019,71.60109983244121,5.840140813041601,3.3501340620891216,normal
2026-01-01 10:04:00,LOT-F,72.15382448247908,112.84195880382394,71.79764248508215,72.46674455122019,71.60109983244121,5.890494304864655,2.858382729768108,normal
2026-01-01 10:04:01,LOT-F,72.5306581672284,113.48962588853362,71.9442456215114,72.46674455122019,71.60109983244121,5.888833366205504,3.5265010091202,normal
2026-01-01 10:04:02,LOT-F,71.63208570285015,112.06121616047022,71.88181363777915,72.46674455122019,71.60109983244121,6.024256658824205,2.2266522774710618,normal
2026-01-01 10:04:03,LOT-F,72.48797823496295,112.61027481763554,72.00304655721591,72.46674455122019,71.60109983244121,5.861757316520521,3.6157981664817207,normal
2026-01-01 10:04:04,LOT-F,71.6760470782329,111.28343418467333,71.93764666141931,72.46674455122019,71.60109983244121,5.664696886642048,2.252455895174956,normal
2026-01-01 10:04:05,LOT-F,72.06631863896374,110.85828347660625,71.9633810569282,72.46674455122019,71.60109983244121,5.325989274513082,2.601777268574638,normal
2026-01-01 10:04:06,LOT-F,71.93882873103603,110.13857795832202,71.95847059174977,72.46674455122019,71.60109983244121,5.137032813402313,0.47538619660692544,normal
2026-01-01 10:04:07,LOT-F,72.04224038467001,109.65779644983212,71.97522455033382,72.46674455122019,71.60109983244121,4.96029175289504,1.4767305264213881,normal
2026-01-01 10:04:08,LOT-F,72.68712918081033,110.66697677476037,72.11760547642913,72.46674455122019,71.60109983244121,4.966074744367913,2.4649648494605874,normal
2026-01-01 10:04:09,LOT-F,72.39654718562646,111.0047916101752,72.17339381826861,72.46674455122019,71.60109983244121,4.608112687040507,1.9278415122617631,normal
2026-01-01 10:04:10,LOT-F,71.69502534878437,109.72179869011359,72.07772012437177,72.46674455122019,71.60109983244121,3.9043555326334727,1.0571255434717517,normal
2026-01-01 10:04:11,LOT-F,70.75576699813988,106.26872760687814,71.81332949912539,72.46674455122019,71.60109983244121,3.935489015149163,3.6290621384606196,normal
2026-01-01 10:04:12,LOT-F,72.40266151997861,106.62066910238691,71.93119590329604,72.46674455122019,71.60109983244121,3.640012685324019,1.7708028415630526,normal
2026-01-01 10:04:13,LOT-F,72.34375928734708,106.83652189694546,72.01370858010625,72.46674455122019,71.60109983244121,3.225238101631149,1.2590910419700458,normal
2026-01-01 10:04:14,LOT-F,72.07448018747156,106.4302277667117,72.02586290157932,72.46674455122019,71.60109983244121,2.7710480794905683,3.6543126601916995,normal
2026-01-01 10:04:15,LOT-F,71.74881415396091,105.27150939949992,71.97045315205564,72.46674455122019,71.60109983244121,2.4281084805431736,1.0955273569382218,normal
2026-01-01 10:04:16,LOT-F,72.71928352769557,106.35497966390956,72.12021922718363,72.46674455122019,71.60109983244121,2.1882645752720604,4.410492808806762,caution
2026-01-01 10:04:17,LOT-F,71.19575466069843,103.9184634166562,71.93532631388659,72.46674455122019,71.60109983244121,1.8175386960294808,4.866400075391708,caution
2026-01-01 10:04:18,LOT-F,71.64702974611527,102.52458065546715,71.87766700033234,72.46674455122019,71.60109983244121,1.6529011443115773,2.4698854740461034,normal
2026-01-01 10:04:19,LOT-F,71.34014462108152,100.42166538157099,71.77016252448217,72.46674455122019,71.60109983244121,1.57358174665145,2.0653070627222134,normal
2026-01-01 10:04:20,LOT-F,74.36708819199318,105.31225103304592,72.28954765798437,72.46674455122019,71.60109983244121,2.304222447583909,12.581349839967023,critical
2026-01-01 10:04:21,LOT-F,73.99005586671932,109.33173491009848,72.62964929973137,72.46674455122019,71.60109983244121,2.8296317790912813,14.704563177866163,critical
2026-01-01 10:04:22,LOT-F,75.1500356708684,116.03125547884434,73.13372657395878,72.46674455122019,71.60109983244121,4.111007154501883,15.129123321937719,critical
2026-01-01 10:04:23,LOT-F,74.20801289454934,120.55431090921836,73.34858383807689,72.46674455122019,71.60109983244121,4.6555637331524675,14.365102633842504,critical
2026-01-01 10:04:24,LOT-F,74.09253684793337,124.81056855497965,73.49737444004819,72.46674455122019,71.60109983244121,5.140450133678264,13.634832827939993,critical
2026-01-01 10:04:25,LOT-F,74.45771518028975,129.91054031216413,73.68944258809651,72.46674455122019,71.60109983244121,5.791042626199908,11.363384169592653,warning
2026-01-01 10:04:26,LOT-F,73.87051143506382,133.6538267399349,73.72565635748998,72.46674455122019,71.60109983244121,6.1340424818353165,11.595393132787745,warning
2026-01-01 10:04:27,LOT-F,73.71224083849414,137.0314421409294,73.72297325369081,72.46674455122019,71.60109983244121,6.294814778447493,10.95706984388002,warning
2026-01-01 10:04:28,LOT-F,74.44075268803631,142.0922234730227,73.86652914055992,72.46674455122019,71.60109983244121,6.8441171307193,14.346731003880103,critical
2026-01-01 10:04:29,LOT-F,73.97994172242572,146.08833946236294,73.88921165693309,72.46674455122019,71.60109983244121,7.168475497818598,12.907705019375697,critical
2026-01-01 10:04:30,LOT-F,74.63918854491587,151.6075903087379,74.03920703452964,72.46674455122019,71.60109983244121,7.768364208156469,14.857596033699998,critical
2026-01-01 10:04:31,LOT-F,74.35065098191342,156.46019915581914,74.1014958240064,72.46674455122019,71.60109983244121,7.732187331567483,14.08278929356773,critical
2026-01-01 10:04:32,LOT-F,74.25238946350903,161.08578295146128,74.13167455190694,72.46674455122019,71.60109983244121,7.699366842777529,14.533150966094404,critical
2026-01-01 10:04:33,LOT-F,74.23080266506437,165.66149224783976,74.15150017453843,72.46674455122019,71.60109983244121,7.845120247318705,14.619992286709445,critical
2026-01-01 10:04:34,LOT-F,74.16116035754995,170.07629879507965,74.15343221114074,72.46674455122019,71.60109983244121,8.101141935141076,14.136151669292001,critical
2026-01-01 10:04:35,LOT-F,74.38338783514396,175.00454341402053,74.19942333594139,72.46674455122019,71.60109983244121,8.356580001148043,14.504570215576699,critical
2026-01-01 10:04:36,LOT-F,74.02124830730665,179.09609482619612,74.16378833021444,72.46674455122019,71.60109983244121,8.44210061611107,13.01665964572822,critical
2026-01-01 10:04:37,LOT-F,73.31903288482461,181.56523601106147,73.99483724113648,72.46674455122019,71.60109983244121,8.145053357537483,11.117465612976272,warning
2026-01-01 10:04:38,LOT-F,74.2350100432589,186.15066610421317,74.04287180156096,72.46674455122019,71.60109983244121,8.24496248740969,12.698470303643916,critical
2026-01-01 10:04:39,LOT-F,73.99273129107391,190.17633132632923,74.03284369946356,72.46674455122019,71.60109983244121,7.7804162771046705,13.235345237765493,critical
2026-01-01 10:04:40,LOT-F,73.58038573450608,193.24930649530327,73.94235210647206,72.46674455122019,71.60109983244121,7.688470301495297,12.363284987488154,critical
2026-01-01 10:04:41,LOT-F,74.551308231331,198.565517199046,74.06414333144386,72.46674455122019,71.60109983244121,7.907149291405152,14.773490491033446,critical
2026-01-01 10:04:42,LOT-F,74.02888933109301,202.67472256005442,74.0570925313737,72.46674455122019,71.60109983244121,7.664141800481666,11.554068874147172,warning
2026-01-01 10:04:43,LOT-F,73.41464447567853,205.36476635953696,73.92860292023467,72.46674455122019,71.60109983244121,7.590299909581628,10.799330526820569,warning
2026-01-01 10:04:44,LOT-F,74.16635553583987,209.79157593337013,73.97615344335571,72.46674455122019,71.60109983244121,7.342214773635195,13.50703168457726,critical
2026-01-01 10:04:45,LOT-F,73.89635541916606,213.59457273317133,73.96019383851778,72.46674455122019,71.60109983244121,7.162977672328782,9.77883852237529,warning
2026-01-01 10:04:46,LOT-F,73.4343037457436,216.33003763819198,73.85501581996294,72.46674455122019,71.60109983244121,6.8788178709244905,12.04018704743765,critical
2026-01-01 10:04:47,LOT-F,74.34048399385371,221.15915650644206,73.9521094547411,72.46674455122019,71.60109983244121,6.72987065416755,14.899810018207075,critical
2026-01-01 10:04:48,LOT-F,73.72724840913203,224.57144564901282,73.9071372456193,72.46674455122019,71.60109983244121,6.655086138475028,10.742227400590872,warning
2026-01-01 10:04:49,LOT-F,74.52326685973907,229.82286910000946,74.03036316844326,72.46674455122019,71.60109983244121,6.626256437892653,12.36006889216265,critical
2026-01-01 10:04:50,LOT-F,73.79612975159927,233.39430284537843,73.98351648507446,72.46674455122019,71.60109983244121,6.15651924618221,13.491761844019216,critical
2026-01-01 10:04:51,LOT-F,74.63967087583345,238.9146680771522,74.11474736322626,72.46674455122019,71.60109983244121,5.157783384799408,14.503794900518887,critical
2026-01-01 10:04:52,LOT-F,74.39144057198807,243.86151787364324,74.17008600497863,72.46674455122019,71.60109983244121,4.987138099863575,15.426120535340228,critical
2026-01-01 10:04:53,LOT-F,74.24887445342232,248.47898053133937,74.18584369466737,72.46674455122019,71.60109983244121,4.745752998652673,14.048141291986921,critical
2026-01-01 10:04:54,LOT-F,73.85987407612505,252.19769022755273,74.1206497709589,72.46674455122019,71.60109983244121,4.336126108333048,14.409879063370202,critical
2026-01-01 10:04:55,LOT-F,74.60716478502741,257.6429528448223,74.21795277377261,72.46674455122019,71.60109983244121,3.799861110462931,11.508906260733562,warning
2026-01-01 10:04:56,LOT-F,74.42659998653743,262.67103553926006,74.25968221632557,72.46674455122019,71.60109983244121,3.6374609591265745,15.034854019418896,critical
2026-01-01 10:04:57,LOT-F,74.03692033307034,266.7987958612198,74.21512983967453,72.46674455122019,71.60109983244121,2.5789855625054017,12.574425927099508,critical
2026-01-01 10:04:58,LOT-F,74.46128678522358,271.9070195140292,74.26436122878434,72.46674455122019,71.60109983244121,1.8133661349313763,15.512193530178385,critical
2026-01-01 10:04:59,LOT-F,73.73848804193216,275.3452768917345,74.15918659141391,72.46674455122019,71.60109983244121,0.7801066322150001,13.120950662179046,critical
2026-01-01 10:05:00,LOT-F,71.42410536563546,273.4363459227905,73.61217034625822,72.46674455122019,71.60109983244121,1.7554951953263929,3.009300589322408,normal
2026-01-01 10:05:01,LOT-F,71.95699509023044,272.75861226386223,73.28113529505268,72.46674455122019,71.60109983244121,2.3513220747340204,1.444712224387333,normal
2026-01-01 10:05:02,LOT-F,72.03200254903197,272.25417708911425,73.03130874584855,72.46674455122019,71.60109983244121,2.6831029496906424,2.4489432502652626,normal
2026-01-01 10:05:03,LOT-F,72.19255796667994,272.12069182987995,72.86355859001483,72.46674455122019,71.60109983244121,3.077734312888832,1.656218731847852,normal
2026-01-01 10:05:04,LOT-F,72.02927106944718,271.6099457991294,72.69670108590131,72.46674455122019,71.60109983244121,3.531654800420746,2.5835401447488593,normal
2026-01-01 10:05:05,LOT-F,72.55832106129031,272.3215256957856,72.66902508097911,72.46674455122019,71.60109983244121,3.6912918275655127,3.2951687839539314,normal
2026-01-01 10:05:06,LOT-F,71.41927335701781,270.40143077351803,72.41907473618686,72.46674455122019,71.60109983244121,4.439986954626806,4.123986063288904,caution
2026-01-01 10:05:07,LOT-F,72.25574681896981,270.4139380928072,72.38640915274345,72.46674455122019,71.60109983244121,4.730174011045303,2.9390038747056852,normal
2026-01-01 10:05:08,LOT-F,72.10153936640928,270.0701619410251,72.32943519547662,72.46674455122019,71.60109983244121,4.981971745586011,2.579165469911462,normal
2026-01-01 10:05:09,LOT-F,72.61029493304551,270.9018231380756,72.38560714299041,72.46674455122019,71.60109983244121,5.103033105271307,3.451989913963775,normal
2026-01-01 10:05:10,LOT-F,72.05621216847476,270.4533222719824,72.31972814808728,72.46674455122019,71.60109983244121,5.259224532357743,1.5665219774211439,normal
2026-01-01 10:05:11,LOT-F,72.14233669940782,270.20380495899064,72.28424985835139,72.46674455122019,71.60109983244121,5.417736067896445,2.849023430126067,normal
2026-01-01 10:05:12,LOT-F,72.79257777853229,271.45661548331685,72.38591544238757,72.46674455122019,71.60109983244121,5.3939075664262255,3.556885075362516,normal
2026-01-01 10:05:13,LOT-F,72.35833093060374,271.70613484555736,72.38039854003081,72.46674455122019,71.60109983244121,5.458817966415862,1.826908970981697,normal
2026-01-01 10:05:14,LOT-F,72.2738500787615,271.7604682382897,72.35908884777695,72.46674455122019,71.60109983244121,5.5397752222124,0.6772883861561452,normal
2026-01-01 10:05:15,LOT-F,71.82444010259715,270.7764773244907,72.25215909874099,72.46674455122019,71.60109983244121,5.690180808223005,2.886133265029532,normal
2026-01-01 10:05:16,LOT-F,72.0625275015192,270.34256750922344,72.21423277929664,72.46674455122019,71.60109983244121,5.808285897087897,1.831143890769139,normal
2026-01-01 10:05:17,LOT-F,71.25641424287883,268.04620017263625,72.02266907201307,72.46674455122019,71.60109983244121,6.330098336144662,3.6914926269549024,normal
2026-01-01 10:05:18,LOT-F,71.62032357243613,266.5906150222342,71.94219997209768,72.46674455122019,71.60109983244121,6.49168432333513,2.1771249254183234,normal
2026-01-01 10:05:19,LOT-F,72.29114700471975,266.68491152126876,72.0119893786221,72.46674455122019,71.60109983244121,6.471901626191042,1.1370565806844448,normal
2026-01-01 10:05:20,LOT-F,71.1993741329934,264.25675776319014,71.84946632949637,72.46674455122019,71.60109983244121,6.9011419333920765,6.651475641414165,caution
2026-01-01 10:05:21,LOT-F,72.04180138914101,263.7749619921062,71.8879333414253,72.46674455122019,71.60109983244121,6.688698139853482,2.331845271388863,normal
2026-01-01 10:05:22,LOT-F,72.00802542864632,263.2151296784039,71.9119517588695,72.46674455122019,71.60109983244121,6.640136945612791,1.3206747655369993,normal
2026-01-01 10:05:23,LOT-F,72.17509445295285,263.04129642570706,71.96458029768618,72.46674455122019,71.60109983244121,6.672389553206338,0.6482190194059878,normal
2026-01-01 10:05:24,LOT-F,71.2366660565138,260.69930254987895,71.8189974494517,72.46674455122019,71.60109983244121,6.781695440174172,4.31144733562938,caution
2026-01-01 10:05:25,LOT-F,71.08611255327929,258.00946734846207,71.67242047021722,72.46674455122019,71.60109983244121,6.993112693785036,4.174290629824016,caution
2026-01-01 10:05:26,LOT-F,72.49930294148584,258.5846907965103,71.83779696447095,72.46674455122019,71.60109983244121,6.9297483994907605,3.6118341027486154,normal
2026-01-01 10:05:27,LOT-F,72.04982390351209,258.1214303764706,71.88020235227918,72.46674455122019,71.60109983244121,6.606039983343382,1.8941024790484824,normal
2026-01-01 10:05:28,LOT-F,72.18457293506432,257.9694963669756,71.94107646883621,72.46674455122019,71.60109983244121,6.468831373030988,1.419955835883247,normal
2026-01-01 10:05:29,LOT-F,72.72748418276888,259.0719135616799,72.09835801162275,72.46674455122019,71.60109983244121,5.959496889837914,2.743616690283982,normal
2026-01-01 10:05:30,LOT-F,72.0782271214609,258.67427641024597,72.09433183359039,72.46674455122019,71.60109983244121,5.775233165957049,1.412784925553913,normal
2026-01-01 10:05:31,LOT-F,71.11613300197746,256.0538009543388,71.8986920672678,72.46674455122019,71.60109983244121,5.39127519196454,3.10914120223481,normal
2026-01-01 10:05:32,LOT-F,71.85956023738567,255.1509521858718,71.89086570129137,72.46674455122019,71.60109983244121,4.891307928040635,0.9780647093950006,normal
2026-01-01 10:05:33,LOT-F,72.36826845241444,255.42343136429352,71.986346251516,72.46674455122019,71.60109983244121,4.397306178051451,3.0866491371885543,normal
2026-01-01 10:05:34,LOT-F,71.8085651327727,254.40276265536667,71.95079002776734,72.46674455122019,71.60109983244121,4.0972302583758795,1.2683301613342435,normal
2026-01-01 10:05:35,LOT-F,71.86370764928012,253.50949613653276,71.9333735520699,72.46674455122019,71.60109983244121,3.3495754405283473,2.0772302931260427,normal
2026-01-01 10:05:36,LOT-F,71.72929914116258,252.30568995817868,71.89255866988843,72.46674455122019,71.60109983244121,2.680566738388234,2.476987606110831,normal
2026-01-01 10:05:37,LOT-F,72.66054399827213,253.25344743384449,72.04615573556518,72.46674455122019,71.60109983244121,2.2179753815174372,3.3078678839137114,normal
2026-01-01 10:05:38,LOT-F,72.55948600603263,253.96771883826838,72.14882178965867,72.46674455122019,71.60109983244121,1.4733006029057383,5.680168339307518,caution
2026-01-01 10:05:39,LOT-F,71.18558891020909,251.5077154714871,71.95617521376876,72.46674455122019,71.60109983244121,1.1673962984443935,2.6608852670047476,normal
2026-01-01 10:05:40,LOT-F,72.8569290857129,252.90920432950983,72.1363259881576,72.46674455122019,71.60109983244121,1.2184680519522881,3.54364501901724,normal
2026-01-01 10:05:41,LOT-F,71.65166288510143,251.52602604993004,72.03939336754637,72.46674455122019,71.60109983244121,1.2368624072630487,2.203614464861116,normal
2026-01-01 10:05:42,LOT-F,72.91243757672892,253.05576265165598,72.21400220938288,72.46674455122019,71.60109983244121,1.3430605927920283,3.2624079669592225,normal
2026-01-01 10:05:43,LOT-F,71.40872955734254,251.1113071587142,72.05294767897482,72.46674455122019,71.60109983244121,1.392873686788999,1.5736095924582234,normal
2026-01-01 10:05:44,LOT-F,72.49572755524552,251.6782699747439,72.14150365422896,72.46674455122019,71.60109983244121,1.422710838177443,3.1022621314254994,normal
2026-01-01 10:05:45,LOT-F,71.74510651077287,250.5109854068551,72.06222422553773,72.46674455122019,71.60109983244121,1.3943905343296938,2.002084426864102,normal
2026-01-01 10:05:46,LOT-F,71.92992554708107,249.77070982382764,72.0357644898464,72.46674455122019,71.60109983244121,1.3460076868447328,2.5326996246741538,normal
2026-01-01 10:05:47,LOT-F,72.39751835018932,250.11076845405066,72.10811526191499,72.46674455122019,71.60109983244121,1.3575636401024331,3.214147052092855,normal
2026-01-01 10:05:48,LOT-F,71.6671546430828,248.76338259056328,72.01992313814856,72.46674455122019,71.60109983244121,1.3743139708681305,1.5495754641275892,normal
2026-01-01 10:05:49,LOT-F,72.14189070619479,248.51283484741154,72.04431665175781,72.46674455122019,71.60109983244121,1.3278758956158871,0.9352252693515174,normal
2026-01-01 10:05:50,LOT-F,72.1383588969288,248.25412715320974,72.063125100792,72.46674455122019,71.60109983244121,1.329858971592985,1.0704547469901775,normal
2026-01-01 10:05:51,LOT-F,72.53606973737683,248.91429721987274,72.15771402810897,72.46674455122019,71.60109983244121,1.3647972723909425,4.575976692679903,caution
2026-01-01 10:05:52,LOT-F,72.61499573405452,249.75681922599887,72.24917036929808,72.46674455122019,71.60109983244121,1.3314474948285124,3.899029066675847,normal
2026-01-01 10:05:53,LOT-F,72.84555647308059,251.1320326100642,72.36844759005459,72.46674455122019,71.60109983244121,1.4088484899540228,2.8516848805909496,normal
2026-01-01 10:05:54,LOT-F,72.13674157435902,250.86958822681504,72.32210638691548,72.46674455122019,71.60109983244121,1.4021188826540307,2.104709240536675,normal
2026-01-01 10:05:55,LOT-F,72.1839247563453,250.71615665439396,72.29447006080144,72.46674455122019,71.60109983244121,1.399698707926985,3.032288653420218,normal
2026-01-01 10:05:56,LOT-F,71.7441327580291,249.5466223119206,72.18440260024698,72.46674455122019,71.60109983244121,1.4106771968727805,1.9229532824506266,normal
2026-01-01 10:05:57,LOT-F,71.65490318126497,248.1709304666556,72.07850271645059,72.46674455122019,71.60109983244121,1.3479938604029986,1.984356980883307,normal
2026-01-01 10:05:58,LOT-F,71.40547352736858,246.21895218774097,71.94389687863419,72.46674455122019,71.60109983244121,1.3785588232841075,2.3797939660209875,normal
2026-01-01 10:05:59,LOT-F,71.89817243396426,245.40531368242458,71.9347519897002,72.46674455122019,71.60109983244121,1.3710639476196458,1.6529986633359688,normal
