timestamp,process_phase,true_temperature_c,true_pressure_pa,temp_sensor_a_c,temp_sensor_b_c,pressure_sensor_a_pa,pressure_sensor_b_pa
2026-01-08 08:00:00,idle,25.0,1.0,25.067049542118834,24.02185455085387,1.06625861770604,0.9996714156262148
2026-01-08 08:00:02,idle,25.02,1.0012467473338522,24.885749359326276,25.864725852287982,0.8707113189991867,1.1173894794625259
2026-01-08 08:00:04,idle,25.04,1.0024740395925453,25.40808166883914,25.46888649594875,0.8186254456173465,1.093595809289582
2026-01-08 08:00:06,idle,25.06,1.0036627252908605,25.3497109596069,25.35538108272328,1.0121100567373742,1.1884157791064485
2026-01-08 08:00:08,idle,25.08,1.004794255386042,25.368386374661643,25.432537371380217,0.8107392284329069,1.5621783397900861
2026-01-08 08:00:10,idle,25.1,1.0058509727294047,25.422743357909884,26.25477949010981,1.0922369555841611,1.3393843909755714
2026-01-08 08:00:12,idle,25.12,1.0068163876002334,24.890171629914548,25.913147586606804,1.0517346305025568,1.3547209714631843
2026-01-08 08:00:14,idle,25.14,1.0076754350223602,24.937258428771674,26.254490201661326,1.1516911014161646,1.2853283054194673
2026-01-08 08:00:16,idle,25.16,1.008414709848079,24.910639799081874,24.562783090287937,0.7352844393280401,1.4411792132601335
2026-01-08 08:00:18,idle,25.18,1.009022675940991,24.76050495846125,25.78393664756441,1.1480900240903658,1.3591917999844738
2026-01-08 08:00:20,idle,25.2,1.009489846193556,25.811397693982858,25.21457301644087,1.154864582063622,0.9966484194644664
2026-01-08 08:00:22,idle,25.22,1.0098089305702316,25.580635730459644,25.86328564370981,1.044223941124109,1.5457691704807603
2026-01-08 08:00:24,idle,25.24,1.0099749498660406,25.206449843633994,25.940647248739662,1.0640375119354644,0.9720305508328722
2026-01-08 08:00:26,idle,25.26,1.0099853134053982,25.486342234934572,25.101908648628665,1.026490534231617,1.2182005232212136
2026-01-08 08:00:28,idle,25.28,1.0098398594687394,25.541780810471067,25.908118487069817,0.6841927512232656,1.4970930139522116
2026-01-08 08:00:30,idle,25.3,1.009540857816097,25.28524804716614,24.76617973814007,1.2427362866596785,1.4350259747753016
2026-01-08 08:00:32,idle,25.32,1.0090929742682568,25.25674911873626,26.69043972983812,1.026302764469273,0.8010525210833266
2026-01-08 08:00:34,idle,25.34,1.0085031978981844,25.10507692402982,25.86480726553274,1.0101992982571921,1.22978753473118
2026-01-08 08:00:36,idle,25.36,1.0077807319688792,25.732135643244447,25.91952387941844,1.182752666082735,1.6968716811530786
2026-01-08 08:00:38,idle,25.38,1.0069368503195326,25.37215282197204,26.54173383068356,0.9924939023509393,0.7952368762077018
2026-01-08 08:00:40,idle,25.4,1.0059847214410396,24.93631325114497,26.21392138354892,1.3329380155915662,1.4240620780929532
2026-01-08 08:00:42,idle,25.42,1.0049392029861008,25.79580432778812,25.553219414505215,1.173124330343635,1.4617442400924472
2026-01-08 08:00:44,idle,25.44,1.0038166099205232,26.108935244386966,24.983515332273083,0.9147758437909134,0.7064584610123847
2026-01-08 08:00:46,idle,25.46,1.0026344599336343,25.301210423696535,27.664543679967984,0.8336758825890305,1.0483773934216878
2026-01-08 08:00:48,idle,25.48,1.0014112000805986,25.083138538156177,25.35218707164356,0.8592346010684895,1.0179392441800026
2026-01-08 08:00:50,idle,25.5,1.0001659189222936,26.153743223162014,25.398451095423297,1.0912760307642122,0.8460173576004011
2026-01-08 08:00:52,idle,25.52,0.9989180486546989,25.881760037092842,26.38038247145678,1.085969780920053,1.1839694461405947
2026-01-08 08:00:54,idle,25.54,0.9976870618759798,25.90575740516172,25.47611117002558,0.6036539193792508,0.9692476519145425
2026-01-08 08:00:56,idle,25.56,0.9964921677231038,25.8414728278812,25.565896485018193,0.7151837782287527,0.9343320345935006
2026-01-08 08:00:58,idle,25.58,0.9953520121196839,25.842687843426805,25.900080935207843,1.0449823301252563,0.9882652052808008
2026-01-08 08:01:00,idle,25.6,0.9942843868125766,25.6035410440529,27.060914435582276,1.1206561528547554,1.0785281597595144
2026-01-08 08:01:02,idle,25.62,0.9933059517376226,25.21210820900729,25.8103464762414,0.8653029777338942,1.302053273925647
2026-01-08 08:01:04,idle,25.64,0.9924319750469207,26.25190512029106,24.86134422681809,0.8621290296592271,0.8250313767932367
2026-01-08 08:01:06,idle,25.66,0.9916760948544201,,27.51097713230551,0.8602408938477599,0.9432619959182651
2026-01-08 08:01:08,idle,25.68,0.9910501064177142,26.264406035146045,25.410858533022186,0.8209629745896659,0.7042986718822744
2026-01-08 08:01:10,idle,25.7,0.9905637780769904,25.472990897517928,26.386353296199236,1.0418646929360338,0.9193488695694272
2026-01-08 08:01:12,idle,25.72,0.9902246988233491,26.117523729544452,26.466523883136446,1.0384867255063555,1.462581273580117
2026-01-08 08:01:14,idle,25.74,0.9900381598751352,25.53119108202231,26.55635526241613,1.0049412294351787,1.1765178986545937
2026-01-08 08:01:16,idle,25.76,0.9900070721102462,25.42343401404141,26.145424505609377,1.0380029068042769,1.3977750974350416
2026-01-08 08:01:18,idle,25.78,0.9901319206428556,26.61142157980915,25.676342740087684,0.8806522521662488,0.9096732076475965
2026-01-08 08:01:20,idle,25.8,0.9904107572533686,26.10503695133844,26.435313517902134,0.7995345104697902,1.2642431728396788
2026-01-08 08:01:22,idle,25.82,0.9908392307897376,26.151508698995393,26.132313053916377,1.1493459461687505,1.0869384663467683
2026-01-08 08:01:24,idle,25.84,0.9914106550657341,25.83709059645017,26.55359030201119,1.2060494808152473,1.3654402666949572
2026-01-08 08:01:26,idle,25.86,0.992116113196649,25.80705227590799,25.79540241236073,1.0155091185288911,1.1654000604753252
2026-01-08 08:01:28,idle,25.88,0.992944596744296,26.465783144259195,27.02349047468249,0.8730917690259757,1.0174570429313006
2026-01-08 08:01:30,idle,25.9,0.9938831775000077,26.10946280283395,25.846290638254562,0.9587105390557349,0.8105886754512965
2026-01-08 08:01:32,idle,25.92,0.9949172092250074,25.91933068842885,26.54575514530853,1.021012244468275,1.4622679774008802
2026-01-08 08:01:34,idle,25.94,0.9960305562000675,25.837624359791633,26.627856007837824,1.1231362252218884,1.2572285435170332
2026-01-08 08:01:36,idle,25.96,0.9972058450180108,26.003389790194472,25.791123155108625,1.0366476845680501,1.5428611930714085
2026-01-08 08:01:38,idle,25.98,0.9984247356899185,25.65912285822453,26.818742695106934,0.7782062983015982,1.1469069612877676
2026-01-08 08:01:40,idle,26.0,0.9996682078345245,26.514323105533137,26.423024067497487,1.0711969448627678,0.9636348366682902
2026-01-08 08:01:42,idle,26.02,1.0009168574849017,26.30022460383812,25.357035130457614,1.057682195314685,1.0305143215155397
2026-01-08 08:01:44,idle,26.04,1.002151199880878,26.776285569426516,26.147371776118284,0.8074132968409624,1.3838524221357418
2026-01-08 08:01:46,idle,26.06,1.003351973522201,25.580213361869443,26.581646488245536,0.9607054713175661,1.0253796084570168
2026-01-08 08:01:48,idle,26.08,1.0045004407378062,26.520659577476966,27.73717571340022,0.9200075230489966,1.0960388473075149
2026-01-08 08:01:50,idle,26.1,1.0055786800809094,25.350379042409227,26.80062158132432,0.8771182137837374,1.2625976427649535
2026-01-08 08:01:52,idle,26.12,1.0065698659871878,25.850659818487973,27.26534328423637,0.8505494256034138,0.9763781036141461
2026-01-08 08:01:54,idle,26.14,1.007458531332085,26.334902749541904,25.715380409500096,0.9135925176258017,0.9570424850562358
2026-01-08 08:01:56,idle,26.16,1.008230808790115,25.949362683913424,26.59855835765465,,1.2653467876915416
2026-01-08 08:01:58,idle,26.18,1.0088746472298407,26.73461951341521,26.51846994350775,0.8601220386988477,0.9837731369726668
2026-01-08 08:02:00,idle,26.2,1.0093799997677473,26.397267175169592,25.74572040524969,0.95880241709894,1.4295109824925967
2026-01-08 08:02:02,idle,26.22,1.0097389805465005,26.7301438181984,26.85811931655051,1.0398538546187746,1.0234834876861862
2026-01-08 08:02:04,idle,26.24,1.0099459877911117,26.75642777589901,26.222570777723536,0.7258091736230151,1.4844803633196468
2026-01-08 08:02:06,idle,26.26,1.0099977912227645,26.768723412301984,26.6939204800106,0.962406009427226,1.5960144166741335
2026-01-08 08:02:08,idle,26.28,1.0098935824662338,26.32470156591165,26.615627217364512,0.7567444072561884,1.616707234393359
2026-01-08 08:02:10,idle,26.3,1.0096349876643118,26.36891954252044,26.53600322249684,0.9629079205067349,1.545827271705493
2026-01-08 08:02:12,idle,26.32,1.0092260421023933,26.22252491759964,26.980800442580886,0.9523376320317773,0.524077730468399
2026-01-08 08:02:14,idle,26.34,1.0086731272391967,26.52179541671158,26.63180378537252,1.1109382539798665,0.8142067328606
2026-01-08 08:02:16,idle,26.36,1.007984871126235,26.484236663140642,26.287740144821463,0.7107991874846098,1.2356425747499424
2026-01-08 08:02:18,idle,26.38,1.0071720137699574,27.00218787769442,28.506928044097194,0.8944081626832437,1.1133503536556173
2026-01-08 08:02:20,idle,26.4,1.006247239537542,26.93447704276182,27.588429992608546,0.9743046605525914,1.6819412622464296
2026-01-08 08:02:22,idle,26.42,1.0052249792215864,26.85094041557249,27.69103410927096,1.148986768231044,1.6751242169714393
2026-01-08 08:02:24,idle,26.44,1.0041211848524176,26.72887467825294,28.196183175326684,,1.1911286923846047
2026-01-08 08:02:26,idle,26.46,1.0029530807719926,26.64064069841958,27.31684612014175,1.0709869804971262,0.5072011599667036
2026-01-08 08:02:28,idle,26.48,1.0017388948538044,26.772238463450947,27.84708189844007,1.1924422402082429,0.6163389447994404
2026-01-08 08:02:30,idle,26.5,1.0004975740630109,26.413515225408364,28.816006426414774,1.1039124115327261,1.7716119575487475
2026-01-08 08:02:32,idle,26.52,0.9992484887953819,26.905083274541287,27.47584037394648,0.9461444507570353,1.478182523889375
2026-01-08 08:02:34,idle,26.54,0.9980111306087517,26.936506081103477,26.025342054002593,1.0007538359383281,0.9159070864808829
2026-01-08 08:02:36,idle,26.56,0.9968048080637772,27.571476464755012,28.91633378227458,0.8743585688819496,1.2454690230588261
2026-01-08 08:02:38,idle,26.58,0.995648345420308,26.632112918151705,26.532372111806026,0.9401720874350546,1.0460991554120667
2026-01-08 08:02:40,ramp,26.5,1.0,26.60522721546803,27.511156143310558,1.048853970989223,1.3170824075226317
2026-01-08 08:02:42,ramp,26.955,1.17,27.25034438132615,26.764724952395113,1.135389472780093,0.6447616564316955
2026-01-08 08:02:44,ramp,27.41,1.34,27.666631491979373,27.03928682550966,1.4283474154048628,1.622206484711807
2026-01-08 08:02:46,ramp,27.865,1.51,27.82807590586814,29.332971170078565,1.339378706823197,1.8703066255533787
2026-01-08 08:02:48,ramp,28.32,1.6800000000000002,29.136273334955952,28.81169003170411,1.7893079488537438,1.6615009425201672
2026-01-08 08:02:50,ramp,28.775,1.85,28.63337071896671,28.48492200969408,1.7658195241081094,1.7836777295778998
2026-01-08 08:02:52,ramp,29.23,2.02,29.82870279443686,30.039131258411402,2.0795408539702778,2.3260447480050392
2026-01-08 08:02:54,ramp,29.685000000000002,2.1900000000000004,30.314095085885317,30.524825396382557,2.283642144202292,2.532179495304482
2026-01-08 08:02:56,ramp,30.14,2.3600000000000003,30.516646575999953,31.40407626232839,2.3259911189951072,1.9412558439710357
2026-01-08 08:02:58,ramp,30.595,2.5300000000000002,30.100303589905476,32.1249134329162,2.505279532659706,2.318149398352794
2026-01-08 08:03:00,ramp,31.05,2.7,31.53366863931508,32.73332957900709,2.584537508006266,3.034874005671607
2026-01-08 08:03:02,ramp,31.505,2.87,31.312760117077914,33.67242728636109,2.878846490893374,2.853590180356422
2026-01-08 08:03:04,ramp,31.96,3.04,31.644505303359054,33.34588032598055,3.1340700403931976,3.4236878589330964
2026-01-08 08:03:06,ramp,32.415,3.21,32.65835917634951,31.46374140346652,3.2050512465800556,3.187085450947373
2026-01-08 08:03:08,ramp,32.870000000000005,3.3800000000000003,33.26646068666152,32.65061461885871,3.204352458048226,3.4721547462676505
2026-01-08 08:03:10,ramp,33.325,3.55,33.56513683893507,34.23399217296792,3.6543636527591317,3.9269775807702496
2026-01-08 08:03:12,ramp,33.78,3.72,33.5946124226495,34.24006066173469,3.44635291492062,4.11971842163812
2026-01-08 08:03:14,ramp,34.235,3.89,34.440515677314366,34.66739027245331,,3.9978621005934545
2026-01-08 08:03:16,ramp,34.69,4.0600000000000005,35.45766251883898,36.649210147606624,4.1356977307027405,3.9509668426844184
2026-01-08 08:03:18,ramp,35.144999999999996,4.23,35.040696930793956,35.35261961275778,4.339439496917018,4.699099252017426
2026-01-08 08:03:20,ramp,35.6,4.4,35.87535484586483,35.24784310752597,4.447095573563594,4.336119856987311
2026-01-08 08:03:22,ramp,36.055,4.57,36.30337182534048,36.08427258744066,4.5070194417938145,5.060760312654682
2026-01-08 08:03:24,ramp,36.51,4.74,36.3405856271611,37.74029788832728,4.663604841004503,5.286125699458147
2026-01-08 08:03:26,ramp,36.965,4.91,36.85377604207518,37.1011508713532,5.064092235137721,4.5090629935915505
2026-01-08 08:03:28,ramp,37.42,5.08,37.57871104009275,37.89901904538981,5.0043545853164835,5.006344858292583
2026-01-08 08:03:30,ramp,37.875,5.25,37.67991228484603,39.39632946016711,5.462629427413928,5.141851845709872
2026-01-08 08:03:32,ramp,38.33,5.42,38.420507921219006,39.68832700622925,5.564345656742391,5.570658453389906
2026-01-08 08:03:34,ramp,38.785,5.59,38.68766859949187,40.48610045865504,5.356422994534681,6.115320675465071
2026-01-08 08:03:36,ramp,39.24,5.760000000000001,39.548322824773194,39.521225007218625,5.788217913265975,6.528143918285758
2026-01-08 08:03:38,ramp,39.695,5.93,39.5937287161642,39.96447432906567,6.185077117018482,6.254312485983857
2026-01-08 08:03:40,ramp,40.15,6.1,40.05959056603184,40.39652764534485,6.111593916083245,5.863404828543922
2026-01-08 08:03:42,ramp,40.605000000000004,6.27,40.37040580917681,42.54248127673134,6.167621540467404,6.636450677748547
2026-01-08 08:03:44,ramp,41.06,6.44,41.57791007501213,41.51006765096216,6.41558805034471,6.982304194069936
2026-01-08 08:03:46,ramp,41.515,6.61,42.02993795164851,42.01117180731736,6.393576150562938,6.918172453301596
2026-01-08 08:03:48,ramp,41.97,6.78,42.03245572389931,42.385795458776464,6.4925981597087565,6.425122621543027
2026-01-08 08:03:50,ramp,42.425,6.949999999999999,42.55463221444818,42.95985404050385,7.216217674767814,6.612692182807171
2026-01-08 08:03:52,ramp,42.879999999999995,7.12,42.71440669266991,43.368478084626354,7.297764613605934,6.942862114768455
2026-01-08 08:03:54,ramp,43.335,7.29,43.41705517294161,43.037655479077934,7.369634305610186,7.213921115810067
2026-01-08 08:03:56,ramp,43.79,7.46,,43.93748480751019,7.38417295389638,7.734950403415531
2026-01-08 08:03:58,ramp,44.245000000000005,7.63,43.919655672532144,44.49015122632844,7.699719460353477,7.6861576888517105
2026-01-08 08:04:00,ramp,44.7,7.800000000000001,44.274430813148086,45.03237402778929,7.83367747591548,7.956599198639303
2026-01-08 08:04:02,ramp,45.155,7.97,45.43678542744379,44.81203408836903,7.850641835090826,8.326977034156993
2026-01-08 08:04:04,ramp,45.61,8.14,45.71387636154844,47.4243413601168,8.282120362548136,8.31441926552488
2026-01-08 08:04:06,ramp,46.065,8.309999999999999,46.726191054590764,46.231796115325665,,8.334136692145794
2026-01-08 08:04:08,ramp,46.519999999999996,8.48,46.61969660954778,48.16088900732822,8.511812717010926,8.834372632152862
2026-01-08 08:04:10,ramp,46.975,8.65,46.806530606120916,48.5662223178059,8.397627118624026,9.001898637381077
2026-01-08 08:04:12,ramp,47.43,8.82,47.480705693583765,47.220372469152146,8.754315386905775,9.197541220200128
2026-01-08 08:04:14,ramp,47.885,8.989999999999998,48.299129425756874,47.724291389909446,9.001418577709797,9.21291578430885
2026-01-08 08:04:16,ramp,48.34,9.16,48.17685775978592,48.5644347000321,9.177476272781284,8.88683716529867
2026-01-08 08:04:18,ramp,48.795,9.33,48.58495049061924,50.07293598607778,9.561942767668828,9.459375678240379
2026-01-08 08:04:20,ramp,49.25,9.5,49.12539423432362,48.906405785272874,9.490650233764512,9.973282495028332
2026-01-08 08:04:22,ramp,49.705,9.67,49.45399795038954,50.04934063417221,9.511807917137467,10.204376085819328
2026-01-08 08:04:24,ramp,50.16,9.84,50.082640351712165,49.836884348224686,10.014178078248444,10.254572328281743
2026-01-08 08:04:26,ramp,50.615,10.01,51.08185856462346,50.92399620897529,9.798345468483411,10.434284061911393
2026-01-08 08:04:28,ramp,51.07,10.18,50.90214299676101,51.48428806818565,10.063941247799688,9.828176332467258
2026-01-08 08:04:30,ramp,51.525000000000006,10.350000000000001,51.13761991065971,51.425531225170246,10.41729991270211,10.505378603300153
2026-01-08 08:04:32,ramp,51.980000000000004,10.520000000000001,51.82335230011104,51.66203199704445,10.614530049566651,10.667169236009189
2026-01-08 08:04:34,ramp,52.435,10.69,52.56187076737721,51.99855129003999,10.602319715264604,10.519333371637106
2026-01-08 08:04:36,ramp,52.89,10.86,53.17907220206641,53.76279726283207,10.636249600395885,11.159644194649132
2026-01-08 08:04:38,ramp,53.345,11.03,53.25542985598296,53.79131319944238,11.055705424808671,10.99552854990871
2026-01-08 08:04:40,ramp,53.8,11.2,53.311083820314806,53.42647703620966,11.320076194781572,10.88679018571925
2026-01-08 08:04:42,ramp,54.254999999999995,11.37,54.49205848604609,55.15411697146405,11.421556899870685,11.750282746073626
2026-01-08 08:04:44,ramp,54.71,11.54,54.63256984714792,55.110714917173546,11.500631305338397,11.67443002811606
2026-01-08 08:04:46,ramp,55.165,11.71,55.502482706993604,55.33192818528375,11.605793664306375,11.733504708991267
2026-01-08 08:04:48,ramp,55.620000000000005,11.88,55.44819171300281,56.138895174749905,11.929029062165242,11.757012528929838
2026-01-08 08:04:50,ramp,56.075,12.05,,56.641927951358944,11.793446957205253,12.45845205844084
2026-01-08 08:04:52,ramp,56.53,12.22,56.476106149141735,57.119332913673155,12.104520126179795,12.57421947487487
2026-01-08 08:04:54,ramp,56.985,12.39,56.99372095774027,57.41574234505609,12.05011900124097,12.637547409287126
2026-01-08 08:04:56,ramp,57.44,12.56,57.759098080726346,59.087642144744535,12.343040255385361,12.649362706640959
2026-01-08 08:04:58,ramp,57.894999999999996,12.729999999999999,57.56929042830368,58.58621421202843,12.590875426658119,12.76161224842816
2026-01-08 08:05:00,ramp,58.349999999999994,12.899999999999999,,59.53743540901747,12.724118965328895,13.293923006096723
2026-01-08 08:05:02,ramp,58.805,13.07,59.04832823443506,59.217688115669134,13.222760025296724,13.694958511626155
2026-01-08 08:05:04,ramp,59.26,13.24,58.90716167230291,59.9284270546252,13.087808105759663,13.159977709766494
2026-01-08 08:05:06,ramp,59.714999999999996,13.41,59.441081310671784,60.65579603964434,13.587697694673476,13.363136802561828
2026-01-08 08:05:08,ramp,60.17,13.58,60.606973057035546,60.412472991927956,13.630159976001703,13.96638276722276
2026-01-08 08:05:10,ramp,60.625,13.75,60.79349277661101,61.370058609119745,13.941516579686343,14.322235246900373
2026-01-08 08:05:12,ramp,61.08,13.92,61.18321591492609,61.49956572492544,,14.39520784220982
2026-01-08 08:05:14,ramp,61.535000000000004,14.09,61.59964731738996,62.81243895494257,14.017742942616298,13.946758263374448
2026-01-08 08:05:16,ramp,61.99,14.26,62.38423829674584,62.1226259482619,14.055102298492239,14.820409144517326
2026-01-08 08:05:18,ramp,62.445,14.43,62.666049115820314,62.73555451416075,14.33904804971092,14.85308376543986
2026-01-08 08:05:20,ramp,62.9,14.600000000000001,62.342052305909775,63.413121262150064,14.299377567251435,15.067972462774469
2026-01-08 08:05:22,ramp,63.355000000000004,14.770000000000001,64.08409439646925,63.79395562724169,14.559461421612788,15.034747857008195
2026-01-08 08:05:24,ramp,63.809999999999995,14.94,63.30831260454764,64.1995205382213,14.966670178691142,15.287780218631962
2026-01-08 08:05:26,ramp,64.265,15.11,64.91924437586728,64.8093940328392,15.144810487904445,15.066991600044783
2026-01-08 08:05:28,ramp,64.72,15.28,64.61067460203212,65.1331513861506,15.31683166379228,15.315181048302286
2026-01-08 08:05:30,ramp,65.175,15.45,65.87237885686237,65.56303610454974,15.162018471475648,15.76014185735194
2026-01-08 08:05:32,ramp,65.63,15.62,66.38845631231479,65.20968685114323,15.345170229150188,15.634441958774637
2026-01-08 08:05:34,ramp,66.08500000000001,15.79,65.82397118151613,66.97489348318724,15.584549436548548,15.851703437559367
2026-01-08 08:05:36,ramp,66.53999999999999,15.96,66.84784976844504,67.22256451616836,16.287831557539167,16.36583643568915
2026-01-08 08:05:38,ramp,66.995,16.130000000000003,67.65838298588713,67.31926044072193,16.427842406487688,16.442910452625696
2026-01-08 08:05:40,ramp,67.45,16.3,67.90574273015689,68.28947870106008,16.339227525632147,17.302910350543062
2026-01-08 08:05:42,ramp,67.905,16.47,67.62331974225374,69.33430514270603,16.464242658019952,16.20487624751794
2026-01-08 08:05:44,ramp,68.36,16.64,68.73478625664386,68.49284182765064,16.7114981190382,17.13566077513836
2026-01-08 08:05:46,ramp,68.815,16.810000000000002,68.65442410080672,68.02810350286279,16.654476617257426,17.09333666329811
2026-01-08 08:05:48,ramp,69.27,16.979999999999997,69.50273769581182,68.74820700710664,17.10413660730434,17.292455051926975
2026-01-08 08:05:50,ramp,69.725,17.15,69.44441159719246,69.12708150414419,17.11795158155622,17.547109931909894
2026-01-08 08:05:52,ramp,70.18,17.32,70.4309231123493,70.38073470200415,17.370896393391444,17.05831793432015
2026-01-08 08:05:54,ramp,70.63499999999999,17.49,71.13615514115325,72.52949190404215,17.43669244265563,17.881780850528667
2026-01-08 08:05:56,ramp,71.09,17.66,70.54176154947938,71.24436870520135,17.704781381729916,17.64973008747826
2026-01-08 08:05:58,ramp,71.545,17.83,71.64066147498282,71.76163008515915,17.634705857915723,18.321168388539846
2026-01-08 08:06:00,process,71.56448640111994,18.057338427336816,71.1044608793337,71.81426502432033,18.043683870038915,18.37113413693124
2026-01-08 08:06:02,process,71.57241090049487,18.070866622701732,71.74507010123111,73.03015122623472,17.816737192201952,18.7636847292651
2026-01-08 08:06:04,process,71.58200512615288,18.08403340736533,71.82363344654462,72.59319117424229,18.100588000899204,18.190150846263776
2026-01-08 08:06:06,process,71.59323161284809,18.096771632411823,72.74588399458521,71.30105889487677,18.03693280451684,17.864513119931576
2026-01-08 08:06:08,process,71.60604652139021,18.10901633452461,71.3888804267094,72.64201097409257,18.150979123582893,18.34421381418435
2026-01-08 08:06:10,process,71.62039980983562,18.120705067290846,71.62848875793708,71.04554958069042,18.020835544438324,18.308550619352044
2026-01-08 08:06:12,process,71.6362354289001,18.13177821967016,71.56350302972724,72.31196687707708,17.975336076810617,18.3444631982474
2026-01-08 08:06:14,process,71.65349154083007,18.142179320003336,71.46604699372352,71.34702487654025,18.192259742886304,18.424772811827676
2026-01-08 08:06:16,process,71.67210076087777,18.151855324010533,71.31835709451879,72.859520685085,18.330559529353966,18.190417461321992
2026-01-08 08:06:18,process,71.69199042043714,18.160756885310324,71.4112980039324,72.32292761625571,17.93943575175656,18.47720621782711
2026-01-08 08:06:20,process,71.71308285081322,18.168838607079923,72.69364951043865,70.88374594318674,18.126656453138256,18.631554188544143
2026-01-08 08:06:22,process,71.73529568651679,18.176059273573173,71.615312119964,71.59608162192188,18.16097097031304,18.160854439424426
2026-01-08 08:06:24,process,71.7585421868998,18.182382060315557,72.04185339099215,70.93505874521095,18.1007850054509,18.425807904314116
2026-01-08 08:06:26,process,71.78273157487573,18.187774721904326,71.59956077060805,72.64579774353467,17.968995274136372,18.216740461092368
2026-01-08 08:06:28,process,71.80776939140216,18.192209756455902,71.67810456829058,72.09039263736842,17.90471223805803,18.429134868303997
2026-01-08 08:06:30,process,71.8335578643414,18.19566454586198,72.13001945192848,72.58833107451238,18.326730528529644,18.23906562964557
2026-01-08 08:06:32,process,71.8599962902585,18.198121471138975,72.09587133200012,72.3084510151882,18.211339970911915,17.797925525180403
2026-01-08 08:06:34,process,71.88698142766602,18.19956800228258,72.46078935917141,73.33423345276425,18.233607728675473,18.02912413297515
2026-01-08 08:06:36,process,71.9144079001799,18.199996762169196,71.95322263403169,71.9090332022313,18.22601200833876,18.444712023285533
2026-01-08 08:06:38,process,71.94216860801187,18.199405564178296,71.7778752250529,72.61348037509369,,18.4769726097432
2026-01-08 08:06:40,process,71.97015514619196,18.19779742334394,71.81256533860221,72.38948406688309,18.142999805142793,18.237664195038036
2026-01-08 08:06:42,process,71.99825822788749,18.195180540978452,71.59954316449296,72.89105883542878,18.171338158013995,18.639219491126692
2026-01-08 08:06:44,process,72.02636811116584,18.19156826284681,71.99849119025049,71.4834060264504,18.23126314698419,18.064377007734148
2026-01-08 08:06:46,process,72.05437502753436,18.18697901110494,72.53689584952535,71.60629024660288,18.02645297662287,17.893294985627943
2026-01-08 08:06:48,process,72.082169610584,18.181436190349057,72.46012642217973,72.59410321047838,18.10477106953143,18.320999262344696
2026-01-08 08:06:50,process,72.10964332306277,18.174968068255268,,72.14704469844318,18.184581385521152,17.841210044661906
2026-01-08 08:06:52,process,72.13668888071136,18.16760763141801,72.30710996714743,73.31835548731203,18.059283581458278,18.141078469884626
2026-01-08 08:06:54,process,72.16320067120594,18.15939241712265,72.56581405538007,72.02510599765341,17.90322201149762,18.2992626922662
2026-01-08 08:06:56,process,72.18907516657198,18.15036432191014,72.1421432898539,71.62349080999586,18.09254052424154,18.499408193287422
2026-01-08 08:06:58,process,72.21421132745881,18.14056938791001,72.34379365072319,73.18399015226443,18.153223105535805,17.901229828139837
2026-01-08 08:07:00,process,72.23851099769608,18.13005756803142,71.5544681383712,73.57717207913919,17.899205989663205,18.586906512054306
2026-01-08 08:07:02,process,72.26187928759154,18.118882471209727,72.26592026551715,72.03112148003888,18.07375796228583,18.54793904817585
2026-01-08 08:07:04,process,72.28422494447321,18.107101089007745,72.0180286925569,73.8229847609866,18.33761876621918,18.076221542786122
2026-01-08 08:07:06,process,72.30546070902918,18.094773504966096,72.31221258695403,72.63297140069618,17.973105368380725,17.848876154821564
2026-01-08 08:07:08,process,72.32550365605331,18.08196258818485,72.84425701161982,73.14343644751493,18.144564328072374,18.310820423107234
2026-01-08 08:07:10,process,72.3442755182664,18.06873367269916,72.4720677743591,73.6218629872544,18.050458447958103,18.168451033960324
2026-01-08 08:07:12,process,72.36170299194823,18.055154224284042,72.20769179093111,71.61438998917077,18.01174170229829,18.710562397413238
2026-01-08 08:07:14,process,72.37771802318701,18.04129349638756,72.38692339570565,72.8130172319557,17.867663793800308,18.44345814970805
2026-01-08 08:07:16,process,72.39225807362848,18.027222176947127,72.66999685578742,72.64485872766892,17.86583356740737,18.27720018357826
2026-01-08 08:07:18,process,72.40526636468685,18.01301202789006,72.76639881330131,72.82243621529281,17.931331412517288,18.594841171446316
2026-01-08 08:07:20,process,72.41669209926388,17.99873551915694,72.63896416501608,72.71385605350156,17.79386055270026,18.18919272045392
2026-01-08 08:07:22,process,72.42649066011059,17.984465459114205,72.69798001114644,72.27806355057228,18.14712457620935,18.038634203111624
2026-01-08 08:07:24,process,72.43462378405654,17.97027462324079,72.7295128768417,73.35678712896049,18.014385748934234,18.10566809512172
2026-01-08 08:07:26,process,72.4410597114268,17.95623538298252,72.61069934722889,72.10521481670608,17.814646001604576,17.674469376489647
2026-01-08 08:07:28,process,72.44577331006269,17.942419336666987,72.70243319029449,72.47113249942609,17.856445447409932,18.0642718078278
2026-01-08 08:07:30,process,72.44874617346242,17.928896944361256,72.35574198811511,73.25336601540921,17.824854051314347,17.637045739123092
2026-01-08 08:07:32,process,72.44996669265805,17.91573716853455,72.76634742108276,72.84505775021354,17.74114036746645,18.21137306522388
2026-01-08 08:07:34,process,72.44943010154823,17.903007122358478,72.03766099708822,74.29501683665382,17.764171619259738,18.20653556499716
2026-01-08 08:07:36,process,72.44713849550975,17.890771727438455,72.60609753349982,73.17488818669342,17.854835611370493,18.22387509989806
2026-01-08 08:07:38,process,72.44310082321515,17.879093382721834,72.10187517580258,73.25951499344502,17.77708904808397,18.461189481454607
2026-01-08 08:07:40,process,72.43733285168834,17.86803164627126,72.10886975817797,72.80362927465302,17.776769393798244,17.995585175652305
2026-01-08 08:07:42,process,72.42985710473471,17.857642931526176,72.87006321930474,71.94237118771775,17.871473345069845,18.11917638042388
2026-01-08 08:07:44,process,72.42070277498611,17.84798021960151,72.81942775067785,73.38738692204072,17.925596737773926,17.996396902643344
2026-01-08 08:07:46,process,72.40990560990431,17.83909278909077,72.18552697533585,72.92270170610968,17.87942575347025,18.329325220494958
2026-01-08 08:07:48,process,72.3975077721879,17.831025964751525,72.87297573816178,73.1378264045028,17.851511237889618,17.967325432369663
2026-01-08 08:07:50,process,72.38355767512783,17.82382088635495,72.57406294783522,73.31288683240669,17.715703689429187,18.006338694278732
2026-01-08 08:07:52,process,72.36810979355461,17.81751429887826,73.2351419132133,73.35797454284506,17.904602156452757,17.64630096244467
2026-01-08 08:07:54,process,72.35122445111519,17.81213836511003,72.20553366388445,72.80894225693659,17.766953200271427,18.03378434422046
2026-01-08 08:07:56,process,72.33296758471042,17.80772050162409,72.15091240443573,73.59607989426686,17.93017096212903,17.778689590224488
2026-01-08 08:07:58,process,72.31341048701293,17.804283238958504,72.2809410500524,73.50257476772147,18.01250054735175,17.834340759718046
2026-01-08 08:08:00,process,72.2926295280707,17.801844106712736,72.74955338596497,73.10380568093339,17.69044795565992,18.008803594998895
2026-01-08 08:08:02,process,72.2707058570837,17.8004155441489,72.20441299980781,72.38711629308095,17.94084340321234,17.90787146156991
2026-01-08 08:08:04,process,72.24772508551793,17.800004836753153,72.19404832556017,71.59015478658644,17.738868161273544,18.05015226181327
2026-01-08 08:08:06,process,72.22377695279458,17.800614079080617,72.24230770090254,73.47129663865515,18.004060963087536,17.91135087638895
2026-01-08 08:08:08,process,72.19895497585944,17.80224016407344,72.02927677426969,73.3954649653246,17.670832939500354,18.474913710254548
2026-01-08 08:08:10,process,72.17335608400126,17.80487479890637,72.3704701054096,76.61843562776477,17.608317746454606,17.478997303524256
2026-01-08 08:08:12,process,72.14708024034489,17.808504547279128,72.03175820857379,76.45316739071014,17.732611794103327,17.914927125207228
2026-01-08 08:08:14,process,72.12023005149753,17.813110897939804,71.75938202104997,74.76049525060212,17.939658974909896,17.603025096042337
2026-01-08 08:08:16,process,72.092910366872,17.818670359089868,71.6863364359024,76.32850771034792,18.00721132035455,17.99237492818082
2026-01-08 08:08:18,process,72.06522786925215,17.82515457818935,72.9156371903497,75.20699998478835,17.89917080788309,18.03695541466554
2026-01-08 08:08:20,process,72.03729065819877,17.832530486551132,72.0845823177036,75.90686396941057,17.900841304457845,17.882103670403243
2026-01-08 08:08:22,process,72.00920782792313,17.840760467987064,72.12891515801975,75.83598656591994,17.82960353401777,17.813923389564337
2026-01-08 08:08:24,process,71.98108904127652,17.849802550645666,71.49355995873907,76.27887944175738,17.924287033625248,18.083216627743017
2026-01-08 08:08:26,process,71.95304410151903,17.859610621063215,72.50286394777022,75.28250406422683,17.745154688366366,17.644716373322332
2026-01-08 08:08:28,process,71.92518252354022,17.870134659336507,72.10363320565925,75.49684090296216,18.028796284361107,17.74770255480968
2026-01-08 08:08:30,process,71.89761310620588,17.88132099421795,71.59483230399437,75.21483000421516,17.61081609664089,17.78623859949772
2026-01-08 08:08:32,process,71.87044350750072,17.893112576832053,72.2749735437376,75.13269180613828,18.232857096319982,18.387673397993932
2026-01-08 08:08:34,process,71.84377982412623,17.905449271617396,72.07602822923442,75.48322471598986,17.62470179327739,17.91977339058023
2026-01-08 08:08:36,process,71.81772617719538,17.91826816301029,72.14600264408556,74.68972136834212,18.01242291837368,18.087943604031068
2026-01-08 08:08:38,process,71.79238430564189,17.931503876306078,72.03713068385801,75.19985980032659,18.13396733136208,18.501998717350254
2026-01-08 08:08:40,process,71.76785316893185,17.945088911061788,72.06520085628433,75.30496645742032,17.838550461310618,18.31221683892609
2026-01-08 08:08:42,process,71.74422856062914,17.95895398533973,71.87246146670567,75.18327103653895,17.948541855781425,18.112788203545886
2026-01-08 08:08:44,process,71.72160273432362,17.973028389036504,,75.06238694443587,17.891741054272128,18.56183521639609
2026-01-08 08:08:46,process,71.70006404338281,17.98724034449548,71.56767887164781,76.40190879586567,18.042919098256604,18.133037061993395
2026-01-08 08:08:48,process,71.67969659593389,18.001517372563658,72.39221796560707,76.34953745512114,17.910522755569865,17.99003995936104
2026-01-08 08:08:50,process,71.66057992642331,18.01578666222606,72.58227608786073,73.28163496851033,17.91888796179643,18.41890534835447
2026-01-08 08:08:52,process,71.64278868503638,18.029975441932592,71.99316620018651,71.86091955733256,17.770906977018377,18.09602358841653
2026-01-08 08:08:54,process,71.62639234618999,18.044011350723615,71.90823481916962,73.54848647889575,18.126305872060033,18.3645590807085
2026-01-08 08:08:56,process,71.61145493723645,18.057822807261594,,71.64464505291309,17.77902693350945,18.212965941116476
2026-01-08 08:08:58,process,71.59803478843806,18.071339374886737,71.27646100613389,72.8515404283686,18.271072344327234,18.18542986473809
2026-01-08 08:09:00,process,71.58618430518868,18.084492120834955,71.92036605119289,72.81273290963406,18.143145640512177,18.261570016305626
2026-01-08 08:09:02,process,71.5759497633718,18.097213967786118,72.45649707008482,72.89898103113286,17.911876129768277,18.402770784550338
2026-01-08 08:09:04,process,71.5673711286542,18.109440035949802,71.25094141817083,72.08068439895455,17.885859234482243,18.847695077156036
2026-01-08 08:09:06,process,71.56048190042085,18.12110797394392,72.13372312124665,71.19535608916493,18.389612583351376,18.421925282498396
2026-01-08 08:09:08,process,71.5553089809606,18.13215827677878,71.83805067016884,71.80766323559277,18.16964643341212,18.713235765330047
2026-01-08 08:09:10,process,71.55187257041322,18.142534589324914,72.16025370918051,72.38062854779483,18.330544086898033,18.603454897313508
2026-01-08 08:09:12,process,71.55018608788835,18.15218399371702,71.94749492970777,70.6796069301116,17.987654390619863,17.81419165411796
2026-01-08 08:09:14,process,71.55025611906417,18.161057279228302,71.32314565261068,71.43579497390445,18.034592578604123,18.233670963263723
2026-01-08 08:09:16,process,71.55208239047045,18.16910919323888,71.64407245774933,71.8647915791838,18.065171984534864,18.332017367599864
2026-01-08 08:09:18,process,71.55565777055641,18.17629867201834,71.95210011084271,73.27765078321265,18.039182375313185,18.560980280678745
2026-01-08 08:09:20,process,71.56096829753933,18.182589050145527,71.82288976688447,71.56391663513025,18.18530330232067,18.084062018211622
2026-01-08 08:09:22,process,71.567993233925,18.187948247497463,72.01636904213898,71.81338606802635,18.279455870807688,18.96281044268375
2026-01-08 08:09:24,process,71.57670514748716,18.192348932853907,70.91322982826235,72.23278813191587,18.17455258107016,17.660177172611323
2026-01-08 08:09:26,process,71.58707001838978,18.195768663283044,72.32244125040354,70.93608620933279,17.964787388235376,18.514049060152423
2026-01-08 08:09:28,process,71.59904737203382,18.198189998597577,,71.67362361522076,18.039844152462532,18.94684695405848
2026-01-08 08:09:30,process,71.61259043710959,18.199600590297464,72.3626976278158,72.76639040702895,18.02475766925631,18.756562724577062
2026-01-08 08:09:32,process,71.62764632823782,18.199993244545652,71.25910441159976,71.36942192037495,18.25432793263388,17.81264767510733
2026-01-08 08:09:34,process,71.64415625248581,18.19936595885576,71.79007877426777,71.51751830273959,18.18528015599592,18.260968942734358
2026-01-08 08:09:36,process,71.66205573895274,18.19772193230448,71.74944839140706,72.43973094698744,18.293697179558972,18.814486528941536
2026-01-08 08:09:38,process,71.68127489052699,18.195069549216708,71.28453344090508,71.62096354894607,18.19280612602313,18.68652413991166
2026-01-08 08:09:40,process,71.70173865683294,18.191422336406553,,72.85161929973796,18.270219039662937,18.40010316762616
2026-01-08 08:09:42,process,71.7233671273011,18.18679889419232,72.03707795352396,73.24078034066046,18.177817695023048,18.39508403696914
2026-01-08 08:09:44,process,71.74607584321717,18.181222801537277,72.7444955900145,71.73714360804263,18.208377172807744,18.490232216558503
2026-01-08 08:09:46,process,71.76977612753143,18.17472249579994,72.37264766152535,72.15998383056207,18.60477746262474,18.296709714121988
2026-01-08 08:09:48,process,71.79437543114085,18.16733112770721,71.67076673364829,72.43089282822989,17.90053439360442,18.30423496479947
2026-01-08 08:09:50,process,71.81977769429126,18.159086392289897,71.54510416738422,72.94162510426698,18.115565694500038,18.74861941110279
2026-01-08 08:09:52,process,71.84588372168868,18.15003033664289,71.66128408108837,72.65082939849651,17.91116426834376,19.015240430627212
2026-01-08 08:09:54,process,71.87259156985478,18.140209145490363,71.89038639497856,72.77762342143477,18.152951800212257,18.30633808000464
2026-01-08 08:09:56,process,71.89979694521402,18.129672905649596,72.2107007114599,71.9248727529761,18.104289677183413,17.99932643599236
2026-01-08 08:09:58,process,71.92739361135784,18.118475350594604,71.77494412943093,71.33406152425987,,18.763546170045682
2026-01-08 08:10:00,process,71.95527380389552,18.106673586422332,72.15142171178616,72.19096508486668,,18.096096106152633
2026-01-08 08:10:02,process,71.98332865127183,18.09432780061884,71.70930551103248,73.20003431487963,17.838786332226768,18.154113467443644
2026-01-08 08:10:04,process,72.01144859990816,18.08150095511085,71.89892560164222,73.22450005010201,18.27544460515574,18.055781499234104
2026-01-08 08:10:06,process,72.03952384200686,18.06825846516798,72.10953055619498,73.7265398654206,18.043946993004877,17.925522213577256
2026-01-08 08:10:08,process,72.06744474434832,18.054667865793235,72.14589541185092,72.2966014970248,,18.365277533652083
2026-01-08 08:10:10,process,72.09510227640645,18.04079846730316,72.53677493866672,71.95298759409611,17.892544540254647,18.424973784255677
2026-01-08 08:10:12,process,72.12238843611041,18.02672100185407,71.97069887423886,70.95941512771614,17.89277101018279,18.047399005052025
2026-01-08 08:10:14,process,72.1491966715905,18.012507262717147,73.01020324027624,72.62389028114838,17.935058591029833,18.002053207722803
2026-01-08 08:10:16,process,72.17542229726087,17.99822973814192,72.22156980227169,71.53319298433262,17.878716909486993,17.970585918186096
2026-01-08 08:10:18,process,72.2009629026145,17.983961241675487,72.59147878461386,72.20209665334278,18.05594865045897,18.09400056921104
2026-01-08 08:10:20,process,72.22571875213407,17.969774540822748,72.08653198986097,72.94351752532269,17.818919726933192,18.587277905608442
2026-01-08 08:10:22,process,72.249593174757,17.955741985941447,72.42356773524887,74.26306136173673,17.927428016419928,18.001991758573368
2026-01-08 08:10:24,process,72.27249294137383,17.941935141264615,72.47415273596901,72.68571492936732,17.734527262001286,17.693827174470204
2026-01-08 08:10:26,process,72.29432862888599,17.92842441993214,73.01187521112094,71.92398459039623,17.913287731163038,17.95417669003991
2026-01-08 08:10:28,process,72.31501496940105,17.91527872489277,72.97177976819208,73.0379082444993,,17.853203627974228
2026-01-08 08:10:30,process,72.33447118320198,17.9025650975079,72.63418699907645,73.84208626630775,17.81540020502743,17.994435150561834
2026-01-08 08:10:32,process,72.35262129419026,17.890348375649214,72.51558550445581,73.14512187805713,17.953650683505106,17.990675460097265
2026-01-08 08:10:34,process,72.36939442657089,17.87869086303385,72.49150133963239,73.84901086085839,17.874870654020906,18.27255789826165
2026-01-08 08:10:36,process,72.38472508162087,17.867652011483397,72.32342842935385,73.93849987542836,17.826906028436785,18.01442601496122
2026-01-08 08:10:38,process,72.39855339346032,17.85728811772724,72.29607156492607,72.47477994693811,17.77748898424769,17.955709745499178
2026-01-08 08:10:40,process,72.41082536282744,17.847652036296445,73.27815366644002,71.69147009799126,17.535955293211337,18.150936635276704
2026-01-08 08:10:42,process,72.42149306794444,17.838792909972405,72.4495572417707,72.7908168309759,17.68558790693323,18.081921864469408
2026-01-08 08:10:44,process,72.43051485165117,17.830755919164964,72.42833000858957,73.74499000545377,17.76850407376198,18.149604979112627
2026-01-08 08:10:46,process,72.4378554840753,17.82358205149811,72.4771165686691,73.1739961510473,17.83016042307836,17.83560630631607
2026-01-08 08:10:48,process,72.4434863002043,17.817307892778324,72.74076185389806,73.10656698270752,17.701872055384285,17.7047784986216
2026-01-08 08:10:50,process,72.4473853118217,17.811965440411676,72.01133294132129,72.21457863477013,17.720329490714377,17.549081166242395
2026-01-08 08:10:52,process,72.44953729337058,17.807581940221134,72.13641958207505,73.34816778696408,18.033951616841605,18.045021245275393
2026-01-08 08:10:54,process,72.44993384140903,17.804179747496367,72.3733422833921,73.16491633801515,17.836767705845208,18.253772347892095
2026-01-08 08:10:56,process,72.44857340742546,17.801776212984617,72.27029297482967,73.99345540001944,17.740008777969493,18.024031439226892
2026-01-08 08:10:58,process,72.44546130388545,17.80038359440412,73.45982665887797,74.08700009081029,17.91722975316171,18.232066781229097
2026-01-08 08:11:00,cooldown,72.0,18.0,72.15516869673579,73.68939443971135,17.734983065078307,18.103842671978004
2026-01-08 08:11:02,cooldown,71.53333333333333,17.816666666666666,71.29907022053293,72.37643128868868,17.859003735234495,18.878227232309023
2026-01-08 08:11:04,cooldown,71.06666666666666,17.633333333333333,71.06660902075087,72.2274635681543,17.46759600752742,17.1228496214724
2026-01-08 08:11:06,cooldown,70.6,17.45,70.74859443591652,71.86627067823478,17.457237199445913,17.575894384160197
2026-01-08 08:11:08,cooldown,70.13333333333334,17.266666666666666,70.68090251482215,69.89909534415958,17.146508120835353,17.65087578030391
2026-01-08 08:11:10,cooldown,69.66666666666667,17.083333333333332,70.12728230829747,69.97123610128038,16.918065082159718,17.315217929137482
2026-01-08 08:11:12,cooldown,69.2,16.9,69.21737134672681,70.23359561229792,17.11342119538645,17.159976942673644
2026-01-08 08:11:14,cooldown,68.73333333333333,16.716666666666665,68.3044953085117,68.61047782214999,16.44344902089543,17.16194855712141
2026-01-08 08:11:16,cooldown,68.26666666666667,16.53333333333333,68.33824462318816,69.1430573095354,16.54569912963765,16.4383405164586
2026-01-08 08:11:18,cooldown,67.8,16.35,68.20807474923723,67.98893310931359,16.34571100035302,17.007742319215545
2026-01-08 08:11:20,cooldown,67.33333333333333,16.166666666666668,67.56978999251616,67.05978938633694,16.26139394816169,16.457156205798682
2026-01-08 08:11:22,cooldown,66.86666666666667,15.983333333333334,67.00509828261951,68.10102167404706,15.996610536906609,16.41462854266588
2026-01-08 08:11:24,cooldown,66.4,15.8,66.68957123605475,66.89822543356009,15.703184200786215,16.263314322477875
2026-01-08 08:11:26,cooldown,65.93333333333334,15.616666666666667,66.47049624683021,66.78922871881569,15.557164678475651,15.462868749626116
2026-01-08 08:11:28,cooldown,65.46666666666667,15.433333333333334,65.63146178410643,66.32889952397437,15.303487461003625,16.023572820386455
2026-01-08 08:11:30,cooldown,65.0,15.25,65.113483211016,65.59584062026306,15.222314034967107,15.429680144961946
2026-01-08 08:11:32,cooldown,64.53333333333333,15.066666666666666,65.47400111696751,64.96425680945849,15.078942958270346,15.175132011398361
2026-01-08 08:11:34,cooldown,64.06666666666666,14.883333333333333,63.82989897195921,65.54868300540596,14.552068784920241,15.255792226665877
2026-01-08 08:11:36,cooldown,63.6,14.7,64.47064990237239,65.14617241840199,14.61495282377287,15.259998146183728
2026-01-08 08:11:38,cooldown,63.13333333333333,14.516666666666666,63.1725769071451,62.54079102007261,14.694915282618503,14.361682851095804
2026-01-08 08:11:40,cooldown,62.66666666666667,14.333333333333334,62.30152980722552,62.69556297520488,14.370562149327974,14.50920506114472
2026-01-08 08:11:42,cooldown,62.2,14.15,62.42738861450968,62.460979805465605,14.097480057103049,14.839932392461757
2026-01-08 08:11:44,cooldown,61.733333333333334,13.966666666666667,61.58124023025755,61.348227455668514,14.175506103495714,14.272566035152183
2026-01-08 08:11:46,cooldown,61.266666666666666,13.783333333333333,61.04921563237388,63.080080610808636,13.494128729058042,14.161321716606421
2026-01-08 08:11:48,cooldown,60.8,13.6,61.279011726131834,62.09995521860578,13.544013231227924,14.055819690808105
2026-01-08 08:11:50,cooldown,60.33333333333333,13.416666666666666,60.385926564732685,59.95048140202483,13.423828687113977,13.748857329755186
2026-01-08 08:11:52,cooldown,59.86666666666667,13.233333333333334,60.47605853072803,60.07334850139735,13.217075374792746,13.261511102837625
2026-01-08 08:11:54,cooldown,59.4,13.05,59.087239608026074,60.731596158310545,13.125347043352596,13.286695576507489
2026-01-08 08:11:56,cooldown,58.93333333333334,12.866666666666667,59.38690368055469,59.1954183991499,12.9496487927651,12.933948759001009
2026-01-08 08:11:58,cooldown,58.46666666666667,12.683333333333334,,58.03442382228205,12.807442572433343,13.237675828481777
2026-01-08 08:12:00,cooldown,58.0,12.5,58.5456141349862,58.86382834442181,12.486573961910334,13.6785618517915
2026-01-08 08:12:02,cooldown,57.53333333333333,12.316666666666666,58.037576642403785,58.85142217987551,12.160954273620574,13.4557045131142
2026-01-08 08:12:04,cooldown,57.06666666666666,12.133333333333333,57.84258996012304,57.68210466472512,12.089635192826341,13.173403500075263
2026-01-08 08:12:06,cooldown,56.6,11.95,56.7574129220394,57.79017675628085,12.235994099468202,13.276589719177212
2026-01-08 08:12:08,cooldown,56.13333333333333,11.766666666666666,56.290492363125466,57.47582535941587,11.631373783281274,13.234491238627237
2026-01-08 08:12:10,cooldown,55.66666666666667,11.583333333333332,55.63802779251014,56.23912090149522,11.660847672084605,12.988269857570334
2026-01-08 08:12:12,cooldown,55.2,11.399999999999999,,55.630487428670754,11.411117708970544,12.57359589207028
2026-01-08 08:12:14,cooldown,54.733333333333334,11.216666666666667,54.91552610236541,56.29720022982099,11.07542294247168,12.76002826416924
2026-01-08 08:12:16,cooldown,54.266666666666666,11.033333333333333,,56.20156134833168,11.209863239832188,12.7292526204425
2026-01-08 08:12:18,cooldown,53.8,10.85,53.75854401059865,55.10805542093421,11.023627863572324,11.900572757076162
2026-01-08 08:12:20,cooldown,53.333333333333336,10.666666666666668,53.92686909044617,53.99938487360041,10.424573800266561,11.795820466531497
2026-01-08 08:12:22,cooldown,52.86666666666667,10.483333333333334,53.076267259910246,53.708364265191996,10.50601240600233,11.669000305901893
2026-01-08 08:12:24,cooldown,52.4,10.3,52.6927075693445,53.17511336787088,10.1317607287352,11.388623746029904
2026-01-08 08:12:26,cooldown,51.93333333333334,10.116666666666667,51.63982086832069,52.55705729003392,10.135612723126796,11.22398047285311
2026-01-08 08:12:28,cooldown,51.46666666666667,9.933333333333334,51.47780422625758,52.12555349329419,9.99569117522998,11.135864704333258
2026-01-08 08:12:30,cooldown,51.0,9.75,51.01548469983283,52.32172409584337,9.529231120333316,9.787430677967198
2026-01-08 08:12:32,cooldown,50.53333333333333,9.566666666666666,50.066488145373306,51.245659611098844,9.59732896583141,9.608772514039135
2026-01-08 08:12:34,cooldown,50.06666666666666,9.383333333333333,50.97581262988505,50.50427800593608,9.264251145138156,9.36183988174992
2026-01-08 08:12:36,cooldown,49.6,9.2,49.9355310273247,50.95582466766468,9.209056164798815,8.898391919269233
2026-01-08 08:12:38,cooldown,49.13333333333334,9.016666666666667,49.868533883706625,49.71535204802596,8.723703070756248,9.341804098328268
2026-01-08 08:12:40,cooldown,48.666666666666664,8.833333333333332,48.699586126491,48.916443042678914,8.766414542703702,8.647501787827164
2026-01-08 08:12:42,cooldown,48.2,8.65,48.61955055616235,49.16249962878749,8.481388444484322,9.099211543971748
2026-01-08 08:12:44,cooldown,47.733333333333334,8.466666666666667,48.03731176291969,47.24948787527153,8.550159565438214,8.902293867548098
2026-01-08 08:12:46,cooldown,47.266666666666666,8.283333333333333,48.06908863539787,48.14049377572377,8.348375554662546,8.376099394521482
2026-01-08 08:12:48,cooldown,46.8,8.1,46.88937577738311,47.99585870440781,7.873105515336337,8.09227527811014
2026-01-08 08:12:50,cooldown,46.33333333333333,7.916666666666666,46.57372960973815,46.49318470126392,7.997718632366078,8.569596888837019
2026-01-08 08:12:52,cooldown,45.86666666666667,7.7333333333333325,45.943370139946886,45.325257460700584,7.542422741611535,7.87923537436926
2026-01-08 08:12:54,cooldown,45.400000000000006,7.550000000000001,45.778012335594084,46.03242152794456,7.4676251381031555,8.091479384575875
2026-01-08 08:12:56,cooldown,44.93333333333333,7.366666666666665,45.09598659688429,44.48675275992785,7.032680746124254,7.829368231569832
2026-01-08 08:12:58,cooldown,44.46666666666667,7.183333333333334,44.82508068609176,45.04533563204736,7.066090641091834,7.193986740917541
2026-01-08 08:13:00,cooldown,44.0,7.0,43.98389710928729,44.73673703246999,6.983737121652722,7.113605164875572
2026-01-08 08:13:02,cooldown,43.53333333333333,6.816666666666666,43.6976663060719,44.49214173259085,6.990128910643148,6.648565074664827
2026-01-08 08:13:04,cooldown,43.06666666666666,6.633333333333333,43.314577485182824,43.51196849815298,6.641005025324322,6.833591028722722
2026-01-08 08:13:06,cooldown,42.6,6.450000000000001,42.866704595475625,42.887369079882255,6.186490189721201,6.837352629438407
2026-01-08 08:13:08,cooldown,42.13333333333333,6.266666666666666,42.30634934210915,43.393707875287895,6.2450557947889855,6.598247098020153
2026-01-08 08:13:10,cooldown,41.66666666666667,6.083333333333334,41.935098294228496,43.11693307843151,5.966589099925505,6.239708273987882
2026-01-08 08:13:12,cooldown,41.2,5.9,41.307137593592614,42.628382476191994,5.811557339780551,6.076476393349
2026-01-08 08:13:14,cooldown,40.733333333333334,5.716666666666667,41.02798536951758,40.83584214251596,5.643398191463505,5.908415131557808
2026-01-08 08:13:16,cooldown,40.266666666666666,5.533333333333333,39.70609486364077,40.72797031305236,5.4729241515696945,5.333515066124398
2026-01-08 08:13:18,cooldown,39.8,5.35,40.054180581247465,40.611442753864395,5.448549472666266,5.279673982488945
2026-01-08 08:13:20,cooldown,39.333333333333336,5.166666666666666,39.0926220929458,40.09651775018909,5.31401707050921,5.28790220022969
2026-01-08 08:13:22,cooldown,38.86666666666667,4.983333333333334,38.72952098635828,38.67036164593814,4.93676026938536,5.761646104606173
2026-01-08 08:13:24,cooldown,38.4,4.799999999999999,38.23624837169878,37.99803139050134,4.562814164603033,4.662759558602808
2026-01-08 08:13:26,cooldown,37.93333333333333,4.616666666666667,38.32628371639199,39.13637653953401,4.52616534082975,4.308191779777479
2026-01-08 08:13:28,cooldown,37.46666666666667,4.433333333333334,37.17041447790321,37.43938197713017,4.17605594138664,4.1729599438089835
2026-01-08 08:13:30,cooldown,37.0,4.25,37.11181216729563,36.57368893347899,4.387707963869235,4.733968075397969
2026-01-08 08:13:32,cooldown,36.53333333333333,4.066666666666666,36.68112077766593,36.87254366319131,3.905324151177172,4.380136425033576
2026-01-08 08:13:34,cooldown,36.06666666666667,3.8833333333333346,35.735656968732854,36.65085830442536,3.9102960845137207,3.8625555134133025
2026-01-08 08:13:36,cooldown,35.6,3.6999999999999993,35.81869801043908,36.20631872841861,3.6413965925391887,3.7207466598973054
2026-01-08 08:13:38,cooldown,35.13333333333333,3.5166666666666675,34.62900555137715,34.06215599470788,3.5448298093014534,3.2822101202020724
2026-01-08 08:13:40,cooldown,34.66666666666667,3.333333333333334,34.941805859857254,35.320888267453526,3.317755359463348,3.613658656076979
2026-01-08 08:13:42,cooldown,34.199999999999996,3.1500000000000004,34.526169714703286,35.021767514667836,2.9682018504662744,3.3557032952235195
2026-01-08 08:13:44,cooldown,33.733333333333334,2.966666666666667,33.96805032369168,34.073379924557024,2.956697120508151,3.0657983396741626
2026-01-08 08:13:46,cooldown,33.266666666666666,2.783333333333333,33.13766708813743,33.13631566077056,2.722375211436978,2.9558217502172286
2026-01-08 08:13:48,cooldown,32.8,2.5999999999999996,32.88401164332862,33.10610069351761,2.367158898426645,2.994109510924807
2026-01-08 08:13:50,cooldown,32.333333333333336,2.416666666666668,32.77312772845043,33.31868782505549,2.423363578837527,2.152727115902795
2026-01-08 08:13:52,cooldown,31.866666666666667,2.2333333333333325,31.94173511185317,32.1149485214404,2.2329270063960585,2.7981825373200957
2026-01-08 08:13:54,cooldown,31.4,2.0500000000000007,31.510533532252015,32.80034666380615,2.169565502873812,2.621589835717604
2026-01-08 08:13:56,cooldown,30.933333333333337,1.8666666666666671,31.096407006279254,32.152027405960574,1.7071399151960447,1.6274236712402175
2026-01-08 08:13:58,cooldown,30.46666666666667,1.6833333333333336,30.092168064911306,32.70347646427135,1.703279728500774,2.223455576545039
