timestamp,lot_id,chamber_temp_c,chamber_pressure_pa,rf_power_w,gas_flow_sccm,vibration_g,particle_count,process_state
2026-01-01 10:00:00,LOT-D,71.55489539234347,18.031280478328867,839.7491064085909,120.10031298647856,0.07918642035824858,0,stabilize
2026-01-01 10:00:01,LOT-D,71.83449600683946,18.004043408825105,852.9016595404269,121.37373537474231,0.0707673335001372,3,stabilize
2026-01-01 10:00:02,LOT-D,72.57956636758016,18.11466442439986,843.6304886470953,120.44659446902489,0.09372624881490377,5,stabilize
2026-01-01 10:00:03,LOT-D,72.08728848860967,17.728760807447834,840.4846031909765,119.76635595328567,0.07418547020428902,1,stabilize
2026-01-01 10:00:04,LOT-D,72.41410390483793,18.346520827236052,844.7652048213689,117.96572763880738,0.0732311917276406,2,stabilize
2026-01-01 10:00:05,LOT-D,72.25969670606577,18.061421826710447,833.8897302315695,122.01083232789296,0.07246638158374684,4,stabilize
2026-01-01 10:00:06,LOT-D,71.71359135913306,18.218640735534184,855.4199623474434,118.88412092879508,0.08154910578171631,3,stabilize
2026-01-01 10:00:07,LOT-D,72.24387849918463,18.06904950567197,843.1567944643548,121.26790909696861,0.07228367365855203,3,stabilize
2026-01-01 10:00:08,LOT-D,71.85753204697538,17.82469703391792,861.9909990090554,118.13777915188157,0.08241300741321457,2,stabilize
2026-01-01 10:00:09,LOT-D,71.85492489772847,17.934826942788863,856.7255591085138,119.33295026582333,0.0896116885813747,5,stabilize
2026-01-01 10:00:10,LOT-D,72.0437252934017,17.34034372690004,859.9188619232847,118.95689877383899,0.07734474249972279,1,stabilize
2026-01-01 10:00:11,LOT-D,71.31333131706647,18.04277033980737,846.7915885205265,121.02377698056809,0.08359859293624397,3,stabilize
2026-01-01 10:00:12,LOT-D,72.53647474684574,17.98613878802215,860.685660153729,119.3030155019467,0.08280846191409415,1,stabilize
2026-01-01 10:00:13,LOT-D,71.69800964617166,18.242602902361224,860.6465292508606,120.67844055041725,0.08298216784456078,3,stabilize
2026-01-01 10:00:14,LOT-D,72.45012123884676,17.64880795054337,846.9147487634373,122.08938545252073,0.06057148046952647,5,stabilize
2026-01-01 10:00:15,LOT-D,72.0613445057339,17.984282949383562,850.627126098686,120.1476046507535,0.06820718237019016,2,stabilize
2026-01-01 10:00:16,LOT-D,72.68941488583296,17.9389184888988,861.7601697581447,118.93149970995616,0.0798257955642147,4,stabilize
2026-01-01 10:00:17,LOT-D,71.70301376379368,17.747362514805378,851.4076737810902,119.62016800375217,0.08045281674004139,4,stabilize
2026-01-01 10:00:18,LOT-D,71.85969231458854,17.70636808216561,844.3994935909648,118.7901019081715,0.07715773919076688,5,stabilize
2026-01-01 10:00:19,LOT-D,72.15199610695147,17.76489875533698,858.8368449275499,121.0056323087769,0.05127319376946636,3,stabilize
2026-01-01 10:00:20,LOT-D,71.00663800581009,18.196777542068673,859.8609402053852,120.83558459204667,0.06582016211812276,4,stabilize
2026-01-01 10:00:21,LOT-D,72.37256464870143,18.197059009324356,842.9412502377921,120.36345430819081,0.05569669876502402,5,stabilize
2026-01-01 10:00:22,LOT-D,72.69373367761078,17.712010797798463,853.6828026530546,118.72705825134703,0.09248581597733548,3,stabilize
2026-01-01 10:00:23,LOT-D,72.50706305696926,17.966653658646084,850.3065700443294,117.36199119394053,0.05976055417058253,3,stabilize
2026-01-01 10:00:24,LOT-D,72.33964633994051,18.09467762435335,859.2298350888188,119.57106035945333,0.0766597993555838,3,stabilize
2026-01-01 10:00:25,LOT-D,71.93430994809815,18.065131979004967,844.1697226518348,119.60481732324254,0.08361602106444271,0,stabilize
2026-01-01 10:00:26,LOT-D,72.57685600217687,17.6963045352203,860.7768852586332,118.82454645805994,0.06642904747069514,2,stabilize
2026-01-01 10:00:27,LOT-D,72.48331377988737,17.87966512592542,857.6156939033386,118.92213915556285,0.062408656951730826,1,stabilize
2026-01-01 10:00:28,LOT-D,72.17667938005977,17.71285288057454,847.1174488691832,119.54491503474843,0.07371751358816948,3,stabilize
2026-01-01 10:00:29,LOT-D,72.00230144077304,18.20328221584421,845.71504310007,120.94109623070678,0.053152676178257044,5,stabilize
2026-01-01 10:00:30,LOT-D,71.83720490752758,18.519061157854193,840.6648563360601,117.48933124986924,0.07401455960973148,4,stabilize
2026-01-01 10:00:31,LOT-D,71.4463955120293,17.990025802268427,861.5963534226946,119.40106610133192,0.06847063919944325,3,stabilize
2026-01-01 10:00:32,LOT-D,72.55180318176951,17.57086351210564,842.3358159825152,121.07762789477522,0.07897495568501219,2,stabilize
2026-01-01 10:00:33,LOT-D,71.02258025099167,18.163712584235743,848.597043741218,117.38351229515828,0.05480206757347212,7,stabilize
2026-01-01 10:00:34,LOT-D,71.83343369436646,18.311367206762846,865.4974694112441,119.80631741549828,0.0815104479696748,4,stabilize
2026-01-01 10:00:35,LOT-D,72.0739710313536,18.295734448512796,856.6068393146227,120.03753535880988,0.08492922869655832,5,stabilize
2026-01-01 10:00:36,LOT-D,72.38694653307573,18.032928067106756,852.6745477663582,120.12386241047086,0.06634362227130858,3,stabilize
2026-01-01 10:00:37,LOT-D,72.79274755643031,18.105963034330216,852.2241718806542,122.18054107451138,0.07879719128118653,3,stabilize
2026-01-01 10:00:38,LOT-D,72.44699569917832,18.018970685216708,848.5528097702884,119.96638992038991,0.07450838585415201,2,stabilize
2026-01-01 10:00:39,LOT-D,71.8688153582557,18.144111167642095,839.0245745468497,119.17153575317668,0.09093443160503267,4,stabilize
2026-01-01 10:00:40,LOT-D,72.32765740105012,18.18828285931334,854.8305759797164,119.45997628002445,0.08265597815214991,1,stabilize
2026-01-01 10:00:41,LOT-D,71.43227985738613,17.84928448720436,841.0423191474634,120.04803045282334,0.07428623385945789,2,stabilize
2026-01-01 10:00:42,LOT-D,72.64347233700992,17.88269842119941,867.4793899936523,118.89789911736375,0.057839016741337845,3,stabilize
2026-01-01 10:00:43,LOT-D,71.92958610382676,17.931666105319106,837.0792076805551,118.1458821187033,0.06157814846030222,4,stabilize
2026-01-01 10:00:44,LOT-D,71.69680838250582,17.95394009076899,847.8519688925138,119.03049000530287,0.07035056474637232,4,stabilize
2026-01-01 10:00:45,LOT-D,71.7124229548055,18.03834612651466,850.4398635464438,119.65666531404986,0.066640489263461,3,stabilize
2026-01-01 10:00:46,LOT-D,71.97238740257083,18.223731822894326,845.298523379097,121.98402213435729,0.06838324604377415,3,stabilize
2026-01-01 10:00:47,LOT-D,71.82324678484352,17.738685990103708,850.4566333888832,119.23308408341502,0.08641141827025059,1,stabilize
2026-01-01 10:00:48,LOT-D,73.03045947629155,18.183701207543297,855.7780906439742,119.2728367665223,0.07690687368752651,3,stabilize
2026-01-01 10:00:49,LOT-D,71.67681848345373,17.960597774804736,861.9606813170052,118.34234498884192,0.08521295080463907,2,stabilize
2026-01-01 10:00:50,LOT-D,72.01467348442064,17.426775915595123,851.4464274461385,121.60808263634887,0.07523056554147488,5,stabilize
2026-01-01 10:00:51,LOT-D,72.01262245301353,17.920258109309728,850.2003055151245,120.44159712290299,0.07376997569006048,2,stabilize
2026-01-01 10:00:52,LOT-D,72.01272245523288,17.94542271510445,853.221894244761,120.96660427530976,0.0681840938991122,2,stabilize
2026-01-01 10:00:53,LOT-D,72.02490563787872,18.1096420246745,850.6737684757761,120.5638988561649,0.06311092441396143,2,stabilize
2026-01-01 10:00:54,LOT-D,71.78329671381452,18.11791188201737,844.2652326073623,119.1454025857915,0.07652694917473268,2,stabilize
2026-01-01 10:00:55,LOT-D,71.73746662479115,17.998726886877986,850.32602685525,120.24923087477153,0.08910733030672803,5,stabilize
2026-01-01 10:00:56,LOT-D,71.61202777406793,17.837111180311986,860.3347135312212,118.8138936852739,0.07438002640150397,4,stabilize
2026-01-01 10:00:57,LOT-D,71.33032142403678,18.190553430332113,851.1448820681862,120.56822025452847,0.08251236435674564,4,stabilize
2026-01-01 10:00:58,LOT-D,72.09733807489914,17.86457392796389,850.3074794697122,121.43761614458003,0.06515389132496291,5,stabilize
2026-01-01 10:00:59,LOT-D,72.44296935781314,17.76231052835875,849.2160636342933,123.10108041527995,0.07176229839799331,5,stabilize
2026-01-01 10:01:00,LOT-D,71.75561213654431,17.871701501297032,854.9351306408724,118.93750444623585,0.07481202104831101,2,stabilize
2026-01-01 10:01:01,LOT-D,71.74862323243029,17.89227913085603,853.6503743778381,121.48183387193728,0.07729521777550628,5,stabilize
2026-01-01 10:01:02,LOT-D,71.85758272680481,17.977177490721584,853.9310461164017,121.05432090410683,0.07461280749230678,1,stabilize
2026-01-01 10:01:03,LOT-D,71.79271211644249,17.91040931435633,847.6537045724982,118.60363109714181,0.07480914220053206,4,stabilize
2026-01-01 10:01:04,LOT-D,71.35367861293878,17.927125793684827,831.329212398016,120.2932444501557,0.07278248662017736,2,stabilize
2026-01-01 10:01:05,LOT-D,72.61429861441661,18.148324773457354,845.219469789313,121.63565226764115,0.08006256905279938,3,stabilize
2026-01-01 10:01:06,LOT-D,72.19754994940087,18.159300149981565,849.9142962827285,119.24595227249539,0.07908272617463066,4,stabilize
2026-01-01 10:01:07,LOT-D,71.67973723776089,18.106570502668966,842.850381003322,120.52985140532441,0.0710937049955774,1,stabilize
2026-01-01 10:01:08,LOT-D,72.13372729269294,17.938111082517604,855.6886914272341,119.80998491853653,0.06672016243660507,3,stabilize
2026-01-01 10:01:09,LOT-D,71.80269422732292,17.866548517848038,842.9646382830722,120.42385279069337,0.06738510347728728,1,stabilize
2026-01-01 10:01:10,LOT-D,71.9047631549814,17.95364521005342,832.3347260279078,119.12636354257147,0.09202894180979826,1,stabilize
2026-01-01 10:01:11,LOT-D,72.1637837242106,17.970661027673057,856.8361106005849,120.11021129626116,0.07831505083214368,5,stabilize
2026-01-01 10:01:12,LOT-D,72.42883402138854,18.168289416297934,848.2857890103237,120.57725024413492,0.08421978179776482,1,stabilize
2026-01-01 10:01:13,LOT-D,72.68378585815857,17.94395643785429,850.2089692912842,119.35281315233844,0.08324473325768948,3,stabilize
2026-01-01 10:01:14,LOT-D,72.76675925202707,17.75905536772678,835.8301643959328,119.00967777826625,0.07595561291116068,2,stabilize
2026-01-01 10:01:15,LOT-D,71.88801358165608,17.832545080271867,847.2532357059509,119.92232818994039,0.07844838888446125,3,stabilize
2026-01-01 10:01:16,LOT-D,71.77511313398992,18.35283708628332,848.9572103072678,119.3986725659364,0.07918426077395764,4,stabilize
2026-01-01 10:01:17,LOT-D,72.0448188758649,17.81346784184516,850.701231720131,120.04377771746088,0.05995048469131123,3,stabilize
2026-01-01 10:01:18,LOT-D,72.05775444552974,17.747240638085923,857.4035801816524,119.09318778904145,0.07930874107643568,5,stabilize
2026-01-01 10:01:19,LOT-D,71.66960014839981,17.941666099290636,844.9900733206006,121.07569905378837,0.06825142067533174,5,stabilize
2026-01-01 10:01:20,LOT-D,71.72078612029436,18.35221301569141,848.2763874480208,120.32560257395912,0.06765892707778792,2,stabilize
2026-01-01 10:01:21,LOT-D,72.36597317418938,18.01928815028589,863.80866138217,118.30871768310362,0.07788473368837831,4,stabilize
2026-01-01 10:01:22,LOT-D,72.73881045618334,18.058529718875327,848.928918524608,121.74784187155315,0.10285924812834572,3,stabilize
2026-01-01 10:01:23,LOT-D,71.89807461822937,17.684687456764564,861.7345711066382,119.00131959471676,0.05812532587352755,3,stabilize
2026-01-01 10:01:24,LOT-D,71.7084156550521,17.700234711268834,836.0411691286886,119.59448159508527,0.054641362163030296,3,stabilize
2026-01-01 10:01:25,LOT-D,71.87248295701912,17.99952585584954,848.7080509303628,121.38091780884814,0.07603218100672685,2,stabilize
2026-01-01 10:01:26,LOT-D,71.55219088801348,17.90847768476998,860.075177230208,119.04743517191127,0.055029673771399376,3,stabilize
2026-01-01 10:01:27,LOT-D,71.8772077035948,18.077932178145314,855.7630094816037,122.4739796190155,0.07356783588060836,4,stabilize
2026-01-01 10:01:28,LOT-D,72.19009986366049,17.77950488806959,862.3818384311589,117.20825561568138,0.05413686749930105,3,stabilize
2026-01-01 10:01:29,LOT-D,71.96339566728479,18.210609800984415,847.194503955248,116.53361505577028,0.07949675922331209,3,stabilize
2026-01-01 10:01:30,LOT-D,72.55555991867772,18.27149475873236,851.2243907378254,120.26840897449776,0.07441110143887347,0,stabilize
2026-01-01 10:01:31,LOT-D,72.0678996144992,17.690618941395076,831.1350067863586,118.27732663508294,0.06572743345048478,2,stabilize
2026-01-01 10:01:32,LOT-D,72.2165037873004,18.04902750518134,838.8178781716402,120.09735569370031,0.08715341057736652,5,stabilize
2026-01-01 10:01:33,LOT-D,71.93305911041573,17.94415528039173,854.3637450014485,118.98885624369244,0.07690015702271216,1,stabilize
2026-01-01 10:01:34,LOT-D,72.59204956795216,18.2885212835984,845.0723236133389,119.63893029346335,0.08128677933819417,1,stabilize
2026-01-01 10:01:35,LOT-D,71.44994447900704,18.045165877309095,856.9443085212416,120.34711092092206,0.0632624457801151,4,stabilize
2026-01-01 10:01:36,LOT-D,71.8633838968649,18.19065038588174,847.6638563942649,120.11966877707573,0.07872967877592564,2,stabilize
2026-01-01 10:01:37,LOT-D,71.47184009594392,17.98474594193531,854.491733783002,119.69568129187125,0.06358875161873254,0,stabilize
2026-01-01 10:01:38,LOT-D,72.37182307815526,18.062837837687628,843.3085611100314,119.43018230985784,0.09875093350896735,6,stabilize
2026-01-01 10:01:39,LOT-D,72.38264503033037,18.42656534558869,841.6602531361855,119.74448000808758,0.08425233163748576,5,stabilize
2026-01-01 10:01:40,LOT-D,71.76790458314403,18.415272192313058,858.8308588938112,119.1783049399291,0.07683381879483427,3,stabilize
2026-01-01 10:01:41,LOT-D,72.74615099323657,17.660713166918157,854.6672693602993,121.41530847630158,0.08591917123373942,3,stabilize
2026-01-01 10:01:42,LOT-D,71.86623183196234,18.0762487400045,850.1678503723172,118.72300520513932,0.07659256069977433,0,stabilize
2026-01-01 10:01:43,LOT-D,71.37748029602324,18.04825783587254,856.8664084547896,120.33003247334476,0.07321492958642321,3,stabilize
2026-01-01 10:01:44,LOT-D,71.87345797282372,17.785243012237512,857.2931407215071,120.39844604664115,0.07653259264126637,4,stabilize
2026-01-01 10:01:45,LOT-D,72.16200922947348,17.84639871046434,859.3005166602494,117.86799024302239,0.05704450969975392,5,stabilize
2026-01-01 10:01:46,LOT-D,71.89452359328281,18.036987623022632,847.4599529799852,120.38279002085802,0.07057653868993671,1,stabilize
2026-01-01 10:01:47,LOT-D,73.01948426994025,18.19120056029292,844.1004163942852,121.36080818388149,0.07725185690011457,3,stabilize
2026-01-01 10:01:48,LOT-D,72.38492399285097,18.104622615379494,850.4680668877877,119.73631358148495,0.06766597920732552,4,stabilize
2026-01-01 10:01:49,LOT-D,72.77907574742527,17.916253102374213,852.9227151731216,120.80934883468322,0.09592355616103357,3,stabilize
2026-01-01 10:01:50,LOT-D,72.62364844939093,17.787766897868533,839.4460993366104,119.92022711459913,0.0713861071428439,3,stabilize
2026-01-01 10:01:51,LOT-D,71.24139689473407,17.581341776210188,832.2552499531852,120.19354895568289,0.07752211126455613,4,stabilize
2026-01-01 10:01:52,LOT-D,71.83000862700068,18.308002160186863,853.3472772259362,121.02573610944529,0.09487876836479665,3,stabilize
2026-01-01 10:01:53,LOT-D,70.77218144090722,17.888650825464364,859.9459451539841,119.80010000115324,0.08295134380158971,3,stabilize
2026-01-01 10:01:54,LOT-D,71.70912146884187,17.828113773643047,851.0991062143321,120.67872359722094,0.09648321714660085,5,stabilize
2026-01-01 10:01:55,LOT-D,72.50179691510267,18.067525437400658,848.0199174062724,118.13755855107458,0.07661050864538092,2,stabilize
2026-01-01 10:01:56,LOT-D,71.62055500682726,17.982820910131295,851.56391574271,120.12040616104846,0.05987964516971947,2,stabilize
2026-01-01 10:01:57,LOT-D,71.71349020291522,17.996668360937385,851.7841143622849,117.87304473816764,0.05017755751626558,2,stabilize
2026-01-01 10:01:58,LOT-D,72.14676037538686,18.131433894290343,841.9593357479679,119.50097713709722,0.06250834841907284,1,stabilize
2026-01-01 10:01:59,LOT-D,72.35429242553565,17.90275647273502,852.2897833621337,119.18000450966152,0.07715257231648227,2,stabilize
2026-01-01 10:02:00,LOT-E,71.83965897714057,17.788461899317625,859.5951181815187,120.49693757216497,0.08436323067288237,4,process
2026-01-01 10:02:01,LOT-E,71.88488452105193,17.97149211356844,853.3183784754046,119.4928109993439,0.08498547148600107,5,process
2026-01-01 10:02:02,LOT-E,72.36404176612619,18.013117198499632,848.9543194616938,122.23146593083777,0.06165859122595524,3,process
2026-01-01 10:02:03,LOT-E,72.11432640818887,17.78231322945736,856.1528212327971,119.52815481688535,0.068192131330086,4,process
2026-01-01 10:02:04,LOT-E,71.87162095299874,17.778973677386208,854.9854118140629,118.72725022499282,0.07948766762160589,2,process
2026-01-01 10:02:05,LOT-E,72.1415265715147,17.790523457114716,841.883919319658,117.49766746417713,0.052762617898002045,3,process
2026-01-01 10:02:06,LOT-E,72.03425467866766,18.16316424217499,860.5426311266185,119.96969042466843,0.06588956971360302,4,process
2026-01-01 10:02:07,LOT-E,72.11458481557453,18.276882379873232,856.7014191659231,119.59779823560896,0.07718109402992114,5,process
2026-01-01 10:02:08,LOT-E,72.9005540318112,18.254696063468025,852.865376914086,120.92370526955092,0.07663060680416463,3,process
2026-01-01 10:02:09,LOT-E,71.86265643434608,17.817375334183783,853.8813130094733,121.04821047729978,0.08423872924680596,3,process
2026-01-01 10:02:10,LOT-E,71.75710671392409,17.86125968298585,851.9397210903188,120.92315052141821,0.07588850511428528,4,process
2026-01-01 10:02:11,LOT-E,72.63613385734939,17.74455683421694,844.2089962275214,118.89454230989132,0.07165487204757583,4,process
2026-01-01 10:02:12,LOT-E,71.68243471016463,18.367329448682522,855.2869891000319,118.50821146092831,0.06580771817978896,4,process
2026-01-01 10:02:13,LOT-E,72.77395026405476,17.903154529143862,850.4531077740737,119.49180597655125,0.07791039499332623,4,process
2026-01-01 10:02:14,LOT-E,71.91261098720462,17.99249049360009,859.1584960165701,118.90817581578301,0.07197231770103357,2,process
2026-01-01 10:02:15,LOT-E,72.03322778311993,17.90481346017937,845.9352267277573,120.16080611269052,0.08253629400600057,4,process
2026-01-01 10:02:16,LOT-E,72.3301327265134,18.033497262286154,844.0015829864525,119.64005835033242,0.06123073673361331,1,process
2026-01-01 10:02:17,LOT-E,72.5458993629359,17.790276230519886,843.1012737827298,120.856645225573,0.09277815318555742,2,process
2026-01-01 10:02:18,LOT-E,72.44864939325055,17.87592503619776,858.4816920001564,119.36857684630036,0.06775122383159984,3,process
2026-01-01 10:02:19,LOT-E,71.90836409013491,17.817577681658584,849.8027365410778,117.77650427502685,0.0708101172286883,1,process
2026-01-01 10:02:20,LOT-E,71.83510702402597,17.526969629430475,845.7435335251969,120.82206892065852,0.08205418065067875,1,process
2026-01-01 10:02:21,LOT-E,72.17914750085133,18.05089321243595,839.9887619252584,123.08736772683596,0.08135485706687481,6,process
2026-01-01 10:02:22,LOT-E,72.10619320275727,18.147602697863057,870.5088623817918,120.76598644623357,0.08028904423453867,4,process
2026-01-01 10:02:23,LOT-E,71.77933153212608,18.19399530541622,850.8875048147737,118.13015770423512,0.06880667974516541,3,process
2026-01-01 10:02:24,LOT-E,72.27596687418455,18.311812323892497,845.0767128996152,118.21444981092489,0.05327868514647793,2,process
2026-01-01 10:02:25,LOT-E,72.56127787970559,18.189947016021236,846.3476227158928,121.92270225551475,0.07310933328289254,0,process
2026-01-01 10:02:26,LOT-E,72.21163687799773,17.98554829540312,859.4605792192835,119.835306694004,0.08193858587115242,4,process
2026-01-01 10:02:27,LOT-E,72.86329354355901,18.108594733302315,847.7932261431955,119.98660448211847,0.07926582733734555,0,process
2026-01-01 10:02:28,LOT-E,72.36691443918615,17.893774599249465,841.4821071501423,119.31009091357193,0.08440006549765339,4,process
2026-01-01 10:02:29,LOT-E,72.13494744077641,18.158531616040992,849.3548172159694,121.19068737561383,0.07117068282645204,2,process
2026-01-01 10:02:30,LOT-E,72.27294480173497,17.94253961235349,863.1495610559782,120.2522989229858,0.0669639216720997,2,process
2026-01-01 10:02:31,LOT-E,71.99858347116668,17.546581441917006,860.0729358236034,118.55370645357654,0.06283783804306799,4,process
2026-01-01 10:02:32,LOT-E,71.80933363586183,18.016878749237495,860.6679153092604,119.3965767424559,0.08065320187108753,2,process
2026-01-01 10:02:33,LOT-E,72.51064036174543,18.047024448971783,844.6720033080641,119.65192476604336,0.07713820673362919,2,process
2026-01-01 10:02:34,LOT-E,71.93502469886974,17.811356707471976,838.5347951015696,119.42955624830077,0.0743769404873424,5,process
2026-01-01 10:02:35,LOT-E,72.18054076435033,18.152805402871593,847.0212424992599,120.89090004725396,0.07415487154396463,2,process
2026-01-01 10:02:36,LOT-E,72.32441693785809,18.30696385397234,846.7294388337136,118.9527235810069,0.07208524925376548,5,process
2026-01-01 10:02:37,LOT-E,72.56063865053399,17.849939385373712,850.0766856866051,119.48401398177454,0.07083451721872443,3,process
2026-01-01 10:02:38,LOT-E,72.6176494762534,18.243945625087918,857.3986467532193,121.971057038199,0.08156963569963141,2,process
2026-01-01 10:02:39,LOT-E,72.45731198667755,18.277824786078845,845.5529595698529,122.08732061384185,0.06715475948848543,6,process
2026-01-01 10:02:40,LOT-E,71.58660775821001,17.92586511769,843.8644170448384,122.28143215141301,0.09016348299255028,2,process
2026-01-01 10:02:41,LOT-E,72.38551429840518,18.03891749660678,841.275174181033,120.50206764967186,0.0901305847822034,2,process
2026-01-01 10:02:42,LOT-E,72.15227308832662,17.920490389755468,855.870645604182,121.00741660831,0.09219411307013008,5,process
2026-01-01 10:02:43,LOT-E,72.47394423448168,18.03498162032829,853.3104978431626,119.04265531168342,0.08735529684964842,5,process
2026-01-01 10:02:44,LOT-E,72.99293221623978,18.152317808414633,857.1984280549304,119.15978038890107,0.06916544302126243,1,process
2026-01-01 10:02:45,LOT-E,72.93179118423822,18.407156745405555,839.7622992725144,118.2135961155497,0.08438239525173422,2,process
2026-01-01 10:02:46,LOT-E,72.69155368391604,18.057723894206642,846.186857028983,120.59721836547894,0.07393846544698755,3,process
2026-01-01 10:02:47,LOT-E,72.8427817822534,17.886166857762202,860.3245416680559,120.86185341761632,0.07617458781845622,5,process
2026-01-01 10:02:48,LOT-E,71.96819099321368,17.57980494733575,853.2468396927619,120.71684541610551,0.079643090427691,2,process
2026-01-01 10:02:49,LOT-E,72.7484498532324,18.08639867368858,859.4588138433563,119.6081416119603,0.07277644509545832,5,process
2026-01-01 10:02:50,LOT-E,72.9645741543245,17.969193818318377,857.725475429053,119.5463434350675,0.07498849091199784,4,process
2026-01-01 10:02:51,LOT-E,72.388571835185,18.28059363705637,855.8886908890076,121.14483416790095,0.08238965700676604,9,process
2026-01-01 10:02:52,LOT-E,72.91135834490974,18.300954230726077,845.1124814335752,118.79201060196583,0.0844936645161079,1,process
2026-01-01 10:02:53,LOT-E,72.58052692108815,17.949277907461106,849.0934461891882,120.24962722700079,0.08289958118086134,4,process
2026-01-01 10:02:54,LOT-E,73.22491158241432,18.350718322963964,852.5440061899254,121.47955489495114,0.1003630833888323,3,process
2026-01-01 10:02:55,LOT-E,73.29625680815823,18.247537044912516,868.7958201466602,120.64441443623684,0.09629289866672991,2,process
2026-01-01 10:02:56,LOT-E,72.5796007724113,18.250811371066945,855.9363532794656,120.49455649995613,0.07600714679002944,1,process
2026-01-01 10:02:57,LOT-E,73.50135313979872,18.20892680774161,849.2478655250795,120.62137364802001,0.07638473432682935,4,process
2026-01-01 10:02:58,LOT-E,72.78028665126565,18.516719282713233,851.4904960381152,120.57508443464508,0.07931386231137508,3,process
2026-01-01 10:02:59,LOT-E,73.81648264611192,18.455146841981893,853.465716084811,119.84382806135606,0.08149965940555724,2,process
2026-01-01 10:03:00,LOT-E,72.69019300837444,18.385269247141164,848.4637073761578,117.99040054376799,0.09120090575883465,3,process
2026-01-01 10:03:01,LOT-E,72.96286755650813,18.589605436964362,855.8679821190674,117.76443390500506,0.06816468611066247,1,process
2026-01-01 10:03:02,LOT-E,73.05289726352926,18.377960024882587,858.8176431987873,120.32984295601925,0.06899044462394933,1,process
2026-01-01 10:03:03,LOT-E,72.64188861390336,18.410345541552317,869.7150090925151,119.72186185406433,0.0739395276767636,4,process
2026-01-01 10:03:04,LOT-E,72.22611085784764,18.501263541405812,862.2270749416043,122.18384293183837,0.10535759444364334,4,process
2026-01-01 10:03:05,LOT-E,72.66549467967555,18.351715372267776,852.5333463122018,120.17795243984051,0.08839039638659925,1,process
2026-01-01 10:03:06,LOT-E,73.53392381707042,18.176988600292646,845.0887988677404,122.59997754088458,0.05916800028331319,1,process
2026-01-01 10:03:07,LOT-E,72.9229861025623,18.781473923727393,840.3822290308642,119.00903728771203,0.07629354763921249,2,process
2026-01-01 10:03:08,LOT-E,72.9466529129414,18.629182950878377,858.003458266488,121.74518725276685,0.05670065390336343,3,process
2026-01-01 10:03:09,LOT-E,73.79901655275168,18.192284886815937,859.8813252780421,120.6191934397611,0.07940359589869392,1,process
2026-01-01 10:03:10,LOT-E,73.36133251281578,18.26712600574181,862.0109033930104,121.65082434067521,0.07319672665226733,1,process
2026-01-01 10:03:11,LOT-E,73.47806407783172,18.262232746399715,852.6285060674184,119.00959001157443,0.08843067250346416,2,process
2026-01-01 10:03:12,LOT-E,73.56706202330635,18.182223962101023,850.2800867451124,119.0865802948803,0.08855573752470774,3,process
2026-01-01 10:03:13,LOT-E,72.79925685058387,18.570966179741493,849.5001586461559,119.38673240063216,0.0922993226935854,5,process
2026-01-01 10:03:14,LOT-E,73.28650653287114,18.81057156985973,856.7402046265722,121.84128685384515,0.0788549040242281,2,process
2026-01-01 10:03:15,LOT-E,73.32076215811742,18.5991665974896,833.6239329379019,120.6384373210718,0.08195539365079182,3,process
2026-01-01 10:03:16,LOT-E,73.20445939121139,18.84516810133632,836.1638224124904,121.54533825993603,0.08722059740929113,4,process
2026-01-01 10:03:17,LOT-E,72.80686986287739,18.461271422557303,830.2437021973834,118.72708269536639,0.08199418661020007,2,process
2026-01-01 10:03:18,LOT-E,73.5302198771845,18.60911172633626,846.5231688804523,122.02959463736654,0.06745882822592326,6,process
2026-01-01 10:03:19,LOT-E,72.59799552406987,18.38279418269611,849.0670286340373,121.5415118722429,0.06626699120861461,4,process
2026-01-01 10:03:20,LOT-E,72.94540856326321,18.58400778091862,859.6254402496395,119.29039583844767,0.0806457385556289,4,process
2026-01-01 10:03:21,LOT-E,73.02567125259489,18.806120461496437,850.3996177469439,119.14324227916366,0.05901688810535185,1,process
2026-01-01 10:03:22,LOT-E,73.22719896838612,18.745606373437127,854.2881763744614,119.95703360033002,0.09213242658051608,4,process
2026-01-01 10:03:23,LOT-E,73.81393470629698,18.81855938612172,849.0838467603943,120.69133683918918,0.06614123763135836,2,process
2026-01-01 10:03:24,LOT-E,74.20373404239079,18.544543074202238,846.1088048645951,119.80414839070659,0.08754790933768045,7,process
2026-01-01 10:03:25,LOT-E,74.25604555428141,18.820210503609083,841.2611612968898,120.77727696268033,0.07328860286028542,4,process
2026-01-01 10:03:26,LOT-E,73.86661418866434,18.93931726850125,852.0520407519199,118.6106220509022,0.059994213632758,1,process
2026-01-01 10:03:27,LOT-E,73.72444451896865,18.773581687894172,849.7652276086717,121.61262545866154,0.07785588170248844,1,process
2026-01-01 10:03:28,LOT-E,72.49792009853645,18.394443234608442,841.5588315042785,121.44325905430703,0.0721083589132303,1,process
2026-01-01 10:03:29,LOT-E,74.08070573943486,18.74052414300798,845.5446061155803,121.08302930688465,0.06195126307589288,5,process
2026-01-01 10:03:30,LOT-E,74.77796266395457,18.74450692331327,841.4594868138848,118.77402347618676,0.08605251249658466,5,process
2026-01-01 10:03:31,LOT-E,73.82151591368373,18.57283156056974,843.207027489554,121.17915399406108,0.07631196135396287,2,process
2026-01-01 10:03:32,LOT-E,73.74582402075728,18.51268242528114,859.9611447275021,118.68019502228135,0.07448992501155195,1,process
2026-01-01 10:03:33,LOT-E,73.97770426132416,18.567964859072518,853.0147045840197,121.6787102845197,0.09245960443491383,3,process
2026-01-01 10:03:34,LOT-E,74.01395881282983,18.971808825473623,854.2221412078208,118.50177695278535,0.060301838575819555,3,process
2026-01-01 10:03:35,LOT-E,73.7695731101749,18.78022327840999,842.4182754563725,119.76591364675755,0.09065072656095566,1,process
2026-01-01 10:03:36,LOT-E,73.56342842989913,19.0994000118418,845.4182341847438,121.01483097641095,0.08236394027772177,1,process
2026-01-01 10:03:37,LOT-E,73.91722202409802,18.41741534537788,859.7810363254133,118.75396901343832,0.07918759098718325,2,process
2026-01-01 10:03:38,LOT-E,73.15991004557803,18.872903855932226,844.5485879764175,117.71273157589323,0.049622529084359615,2,process
2026-01-01 10:03:39,LOT-E,72.95290805551713,19.120032878253227,845.0236554777886,119.3764395776061,0.08025088706564759,6,process
2026-01-01 10:03:40,LOT-E,72.61242238832467,18.366277913892077,855.3459671278753,119.42687324423608,0.07181793570968027,5,process
2026-01-01 10:03:41,LOT-E,71.79387240134889,17.89217496168409,859.4238024261523,119.44685894955619,0.0913698353233591,5,process
2026-01-01 10:03:42,LOT-E,72.32217996439843,18.318267808226924,859.8856017521534,120.1475856155282,0.07439177994937118,2,process
2026-01-01 10:03:43,LOT-E,72.69956729525234,18.218789525507567,851.7839136865839,119.90532502194264,0.06068087834513081,5,process
2026-01-01 10:03:44,LOT-E,72.54912615732351,18.23646835782276,845.0635934306549,120.05929953586885,0.06951467865951473,4,process
2026-01-01 10:03:45,LOT-E,71.75097328110398,18.04281883743729,852.898529293027,118.94158196125105,0.07046716218306066,4,process
2026-01-01 10:03:46,LOT-E,72.14613931327976,18.202033007892265,854.1107127987439,119.44433027627045,0.07873603326000515,3,process
2026-01-01 10:03:47,LOT-E,71.47526085990327,18.183028023277327,848.2749582444693,120.49179172337544,0.07197603729769711,2,process
2026-01-01 10:03:48,LOT-E,71.95294210436221,17.879521228493275,848.1560282743794,118.84837396123167,0.08633949341213733,3,process
2026-01-01 10:03:49,LOT-E,72.47070762795374,17.459606065021156,856.1204700952302,118.59878905020642,0.08265214429819373,1,process
2026-01-01 10:03:50,LOT-E,72.0144118081632,18.228409863409254,865.7424716893503,119.91472263654822,0.06934934635534729,2,process
2026-01-01 10:03:51,LOT-E,70.71688381602297,18.21332011350937,836.6162721103876,122.66543941879674,0.09430608005843594,3,process
2026-01-01 10:03:52,LOT-E,70.9869314668305,18.150504103021277,850.3446756485681,122.59056123001422,0.07782228182269246,0,process
2026-01-01 10:03:53,LOT-E,71.63928649324367,17.9211483267189,837.3820425606722,117.13376416051885,0.06501585107094265,3,process
2026-01-01 10:03:54,LOT-E,72.59995874668449,17.920818677079097,850.5963614285779,119.4268060044171,0.06920065058440623,0,process
2026-01-01 10:03:55,LOT-E,72.0895883675235,17.687310553132217,847.5501087632903,119.78815304324321,0.08904672711682095,4,process
2026-01-01 10:03:56,LOT-E,72.0635729058055,18.326731544811484,866.3254490833633,119.80740747054496,0.08820903243626606,7,process
2026-01-01 10:03:57,LOT-E,71.40781476739339,17.985403845114675,854.3515832599561,119.89732530061615,0.08410014248387332,4,process
2026-01-01 10:03:58,LOT-E,72.06589424316071,18.171268933325823,841.5128160709733,119.23011721701879,0.06551923000910972,5,process
2026-01-01 10:03:59,LOT-E,70.97617245969771,17.933066392890964,862.50578894745,119.71707588478154,0.06761418107132862,1,process
2026-01-01 10:04:00,LOT-F,72.15382448247908,17.532513288009923,837.6731156880742,118.56205911376675,0.07031643011271861,2,purge
2026-01-01 10:04:01,LOT-F,72.5306581672284,18.161696822018758,855.5814856385531,118.01928238353825,0.09083735408996563,1,purge
2026-01-01 10:04:02,LOT-F,71.63208570285015,18.246680956653847,864.5511799122019,118.62062330094273,0.07499450424356124,5,purge
2026-01-01 10:04:03,LOT-F,72.48797823496295,18.375583146867516,853.2593317025118,119.95127913151318,0.08188140846187,4,purge
2026-01-01 10:04:04,LOT-F,71.6760470782329,17.98123575205699,855.8506395649606,120.73183521767653,0.05962500155134362,2,purge
2026-01-01 10:04:05,LOT-F,72.06631863896374,17.908303493115977,854.4217681236272,122.79159300892523,0.05164938757883865,3,purge
2026-01-01 10:04:06,LOT-F,71.93882873103603,18.03427300677711,849.1041149425267,119.15619028204365,0.07429396036873019,1,purge
2026-01-01 10:04:07,LOT-F,72.04224038467001,17.795624203882134,852.4974786262864,121.14405654878128,0.0802889336541222,3,purge
2026-01-01 10:04:08,LOT-F,72.68712918081033,17.82840574138475,838.2118068078141,119.89878701331493,0.07663270687022024,2,purge
2026-01-01 10:04:09,LOT-F,72.39654718562646,18.125867003468166,854.8040070025955,119.52373504331983,0.0789678454606312,7,purge
2026-01-01 10:04:10,LOT-F,71.69502534878437,17.95627811303255,844.7274487847818,120.79099012801274,0.07314745799816574,5,purge
2026-01-01 10:04:11,LOT-F,70.75576699813988,17.897153422462235,857.0440008253241,119.80297458694032,0.07717839196109585,2,purge
2026-01-01 10:04:12,LOT-F,72.40266151997861,18.080767829237217,847.6929787450453,119.05321498067376,0.07945748432558555,2,purge
2026-01-01 10:04:13,LOT-F,72.34375928734708,17.932988083988366,849.4316514261278,119.10219052406224,0.0714787107532426,6,purge
2026-01-01 10:04:14,LOT-F,72.07448018747156,18.484201391510027,848.555622864785,118.80460674097222,0.062193853902596914,2,purge
2026-01-01 10:04:15,LOT-F,71.74881415396091,17.94384161134325,843.7756226297087,118.68245446364037,0.072054568549248,2,purge
2026-01-01 10:04:16,LOT-F,72.71928352769557,18.31263462568725,854.5151145032851,120.52024643809773,0.08787298692254938,2,purge
2026-01-01 10:04:17,LOT-F,71.19575466069843,18.14224646135657,848.1970941534646,120.22406173638588,0.05138765583876487,4,purge
2026-01-01 10:04:18,LOT-F,71.64702974611527,18.196748793989396,841.9087235158343,118.63945764175666,0.06857542311105377,1,purge
2026-01-01 10:04:19,LOT-F,71.34014462108152,18.073538756189617,846.5715219110518,118.18783837566095,0.0749738558213339,1,purge
2026-01-01 10:04:20,LOT-F,74.36708819199318,18.87250033030115,848.7921805656563,121.11762175634328,0.10560162649031085,8,purge
2026-01-01 10:04:21,LOT-F,73.99005586671932,18.902136079547773,853.4177125078287,119.74442827401799,0.1359238453680181,5,purge
2026-01-01 10:04:22,LOT-F,75.1500356708684,18.781013009262225,851.8314186414349,119.81299322009168,0.11814351040721317,9,purge
2026-01-01 10:04:23,LOT-F,74.20801289454934,18.97606052894307,846.4600229505216,119.7746930482059,0.12317349149313601,4,purge
2026-01-01 10:04:24,LOT-F,74.09253684793337,19.09582382163796,852.4123245113414,119.81472145546563,0.11211157868182534,8,purge
2026-01-01 10:04:25,LOT-F,74.45771518028975,18.41425060638253,868.0906456133893,118.88069910254912,0.11389284243186547,11,purge
2026-01-01 10:04:26,LOT-F,73.87051143506382,18.647826422640726,847.9798278041984,121.3611949038033,0.11882377353754951,6,purge
2026-01-01 10:04:27,LOT-F,73.71224083849414,18.661450682471187,827.553948091683,121.26601449926041,0.11522677411947432,4,purge
2026-01-01 10:04:28,LOT-F,74.44075268803631,19.03069677414521,840.9655384764015,120.14588537127882,0.11446208252319091,9,purge
2026-01-01 10:04:29,LOT-F,73.97994172242572,19.02512845639092,844.8568561035244,116.86260174232606,0.1107665032057893,12,purge
2026-01-01 10:04:30,LOT-F,74.63918854491587,18.817451456423836,859.5575958804658,120.02748589059117,0.12594043660104337,12,purge
2026-01-01 10:04:31,LOT-F,74.35065098191342,19.20102460101491,859.8827654728744,120.03023696421559,0.10514584295287431,13,purge
2026-01-01 10:04:32,LOT-F,74.25238946350903,18.82389734506436,846.1525246219653,120.72697603965884,0.13166312611097536,12,purge
2026-01-01 10:04:33,LOT-F,74.23080266506437,19.007846634370114,851.8366481171719,120.56589750454035,0.123696059086129,10,purge
2026-01-01 10:04:34,LOT-F,74.16116035754995,19.059245431916978,849.2070129346288,121.44250496927087,0.11762975253588896,11,purge
2026-01-01 10:04:35,LOT-F,74.38338783514396,18.86719472818403,840.0261934871723,119.74206714184534,0.1259234304470664,15,purge
2026-01-01 10:04:36,LOT-F,74.02124830730665,19.107634823008482,850.7234221962685,117.15655708004593,0.10668475448228124,12,purge
2026-01-01 10:04:37,LOT-F,73.31903288482461,18.825441718774503,852.9652627062561,122.162423295571,0.11819389839560245,7,purge
2026-01-01 10:04:38,LOT-F,74.2350100432589,18.895443489059197,841.4938594476239,122.33848282920157,0.1089168729597733,6,purge
2026-01-01 10:04:39,LOT-F,73.99273129107391,18.921370588828623,851.9129261648764,120.68069989075963,0.1192501334538578,12,purge
2026-01-01 10:04:40,LOT-F,73.58038573450608,19.050360226305376,859.0644000989812,118.0759702745247,0.1135013963357622,7,purge
2026-01-01 10:04:41,LOT-F,74.551308231331,19.18660180102589,836.3031532621847,121.00562227712982,0.10829935291632209,10,purge
2026-01-01 10:04:42,LOT-F,74.02888933109301,18.74724676445469,851.5463019433626,119.9375008102362,0.10940161868125482,9,purge
2026-01-01 10:04:43,LOT-F,73.41464447567853,18.622867967630086,856.3184057948583,118.52919442522212,0.1228367219375571,12,purge
2026-01-01 10:04:44,LOT-F,74.16635553583987,19.031778391752447,858.2558515166219,120.86395772076318,0.11221908814481993,9,purge
2026-01-01 10:04:45,LOT-F,73.89635541916606,18.479571488592732,841.1117835621739,123.16929028813783,0.10748960243041059,9,purge
2026-01-01 10:04:46,LOT-F,73.4343037457436,18.90909345859693,846.9088463250126,120.18047449790278,0.12088952659600836,7,purge
2026-01-01 10:04:47,LOT-F,74.34048399385371,19.014886147883054,850.3265162537001,119.98019338067591,0.12361634606794934,13,purge
2026-01-01 10:04:48,LOT-F,73.72724840913203,18.5481844084485,858.490152754537,118.69465009695182,0.11837440022931695,8,purge
2026-01-01 10:04:49,LOT-F,74.52326685973907,18.730936778556718,865.7583983265934,119.502394060398,0.1066617545512767,13,purge
2026-01-01 10:04:50,LOT-F,73.79612975159927,18.837392784699187,851.83750010154,122.2408654833422,0.1311076598502373,8,purge
2026-01-01 10:04:51,LOT-F,74.63967087583345,18.875662983434417,860.2965563424485,119.65502979093456,0.11918518721881409,13,purge
2026-01-01 10:04:52,LOT-F,74.39144057198807,18.898460665595486,848.6140571754033,119.34508444414263,0.1339236176576698,8,purge
2026-01-01 10:04:53,LOT-F,74.24887445342232,18.97912876243892,847.2017382170003,119.38265222878317,0.11864207425142832,9,purge
2026-01-01 10:04:54,LOT-F,73.85987407612505,19.037725353745042,858.6937020174628,120.39447295884668,0.12904449567823145,8,purge
2026-01-01 10:04:55,LOT-F,74.60716478502741,18.58298192289434,863.1196274779094,118.69048596089745,0.10312715060032816,7,purge
2026-01-01 10:04:56,LOT-F,74.42659998653743,19.14886406325983,865.0841351167487,120.56421555993995,0.11607507212898016,13,purge
2026-01-01 10:04:57,LOT-F,74.03692033307034,18.841913139258267,844.2803121006956,119.02792605748196,0.11520599105154693,4,purge
2026-01-01 10:04:58,LOT-F,74.46128678522358,18.81584308133726,841.9912893469152,120.78859978635442,0.13735410823050162,6,purge
2026-01-01 10:04:59,LOT-F,73.73848804193216,19.121723054845386,863.4079359533528,122.06300843940343,0.11401900191127375,14,purge
2026-01-01 10:05:00,LOT-F,71.42410536563546,17.89175165162711,833.0284317714701,119.37672389873296,0.06234961900630129,1,purge
2026-01-01 10:05:01,LOT-F,71.95699509023044,17.824121399606035,848.3262032269593,120.41094472110713,0.06935836172031372,3,purge
2026-01-01 10:05:02,LOT-F,72.03200254903197,17.621921628396123,845.0537630025324,121.04191417628581,0.06719264165423221,4,purge
2026-01-01 10:05:03,LOT-F,72.19255796667994,18.25153808724509,861.2838197927612,120.83432785130104,0.0744257698224664,6,purge
2026-01-01 10:05:04,LOT-F,72.02927106944718,17.642743326180998,851.1228719454017,120.64224753737385,0.06476214605681156,4,purge
2026-01-01 10:05:05,LOT-F,72.55832106129031,17.736376150549628,854.3190869569485,121.57847068763921,0.06516876197511089,3,purge
2026-01-01 10:05:06,LOT-F,71.41927335701781,17.574092898736698,851.4531128990421,117.08043183323797,0.08219671381965142,5,purge
2026-01-01 10:05:07,LOT-F,72.25574681896981,17.919905980505018,847.9640647103741,119.82525656376558,0.052123110039349246,3,purge
2026-01-01 10:05:08,LOT-F,72.10153936640928,17.626133374216117,854.6968948252788,118.87211653712455,0.08187445841628326,3,purge
2026-01-01 10:05:09,LOT-F,72.61029493304551,18.234545643386312,842.5041270484566,120.48936195715797,0.08435764328857703,3,purge
2026-01-01 10:05:10,LOT-F,72.05621216847476,17.862272131529075,841.6707027639409,121.65452081442655,0.08431379997958181,1,purge
2026-01-01 10:05:11,LOT-F,72.14233669940782,17.766370468144864,846.5550824019807,120.32622292129957,0.05815689357131207,2,purge
2026-01-01 10:05:12,LOT-F,72.79257777853229,18.07531786039672,848.4480294779963,119.35039480481579,0.059931226619622684,4,purge
2026-01-01 10:05:13,LOT-F,72.35833093060374,17.784438872458075,844.1687676230256,120.75002193203787,0.0734066646996497,2,purge
2026-01-01 10:05:14,LOT-F,72.2738500787615,17.974723661631288,850.8943015824192,122.86806151938944,0.07527039819076169,1,purge
2026-01-01 10:05:15,LOT-F,71.82444010259715,18.18195311746364,867.7076877851767,119.75734982884555,0.05903293294763014,3,purge
2026-01-01 10:05:16,LOT-F,72.0625275015192,17.839135480975308,847.8405653701362,119.83277862515014,0.08578757128202381,5,purge
2026-01-01 10:05:17,LOT-F,71.25641424287883,17.92573000173356,857.2359204086617,120.57600530486307,0.09160556182113408,4,purge
2026-01-01 10:05:18,LOT-F,71.62032357243613,17.851853737224175,847.5832583082855,119.89027254511423,0.06842124227538005,1,purge
2026-01-01 10:05:19,LOT-F,72.29114700471975,17.93751035432506,859.3659584494579,121.19135468150283,0.071252190459127,1,purge
2026-01-01 10:05:20,LOT-F,71.1993741329934,18.61164882204664,840.7987001978396,118.63060123233666,0.09272345030892996,6,purge
2026-01-01 10:05:21,LOT-F,72.04180138914101,17.573596747036568,857.2145141918918,119.36329850481538,0.0780215867738984,1,purge
2026-01-01 10:05:22,LOT-F,72.00802542864632,18.182647091100243,852.8438649910407,117.126574860278,0.0778762599242348,1,purge
2026-01-01 10:05:23,LOT-F,72.17509445295285,18.011686659931662,853.3203794062248,120.11560408228704,0.07664926938578187,1,purge
2026-01-01 10:05:24,LOT-F,71.2366660565138,17.860717863380234,839.8935255699926,120.29275140889591,0.05469760595946374,3,purge
2026-01-01 10:05:25,LOT-F,71.08611255327929,18.20347714932189,846.2860661818925,119.1397171088782,0.06457673687628013,4,purge
2026-01-01 10:05:26,LOT-F,72.49930294148584,18.250176309338645,860.9148688089018,118.9773570079042,0.08798365589869182,5,purge
2026-01-01 10:05:27,LOT-F,72.04982390351209,17.820187356829567,837.7662529414154,120.34438620694056,0.06328200035905819,3,purge
2026-01-01 10:05:28,LOT-F,72.18457293506432,17.982510126756864,846.7403107302295,123.27240961800398,0.0857596571393416,7,purge
2026-01-01 10:05:29,LOT-F,72.72748418276888,17.878133347647122,853.6466854349358,118.4629730409919,0.08115107743872824,8,purge
2026-01-01 10:05:30,LOT-F,72.0782271214609,18.090388930245233,865.7356611404429,120.56870756479094,0.06595232492793773,2,purge
2026-01-01 10:05:31,LOT-F,71.11613300197746,18.035952080673617,859.6695501918556,119.76561398000558,0.08249495479156657,4,purge
2026-01-01 10:05:32,LOT-F,71.85956023738567,17.996667658046945,860.9718865352622,116.97416318709273,0.08011046794102415,4,purge
2026-01-01 10:05:33,LOT-F,72.36826845241444,18.086368351964467,846.2635079895705,121.08993689277439,0.0940076450895752,6,purge
2026-01-01 10:05:34,LOT-F,71.8085651327727,18.10243898437357,851.5302189954837,120.165010195045,0.07652716071229763,4,purge
2026-01-01 10:05:35,LOT-F,71.86370764928012,18.297570424386603,844.0403296007006,119.11861032427717,0.07648979562574199,6,purge
2026-01-01 10:05:36,LOT-F,71.72929914116258,17.827846455345895,847.5251297385767,119.87392401497087,0.0637848871448695,4,purge
2026-01-01 10:05:37,LOT-F,72.66054399827213,17.987241438147734,850.8782732473015,119.25608830603649,0.09425612593507678,2,purge
2026-01-01 10:05:38,LOT-F,72.55948600603263,18.489993682279845,843.92019352597,121.65824631021597,0.05286411645050952,3,purge
2026-01-01 10:05:39,LOT-F,71.18558891020909,17.872921697687662,860.5264376045648,118.98850862312169,0.07620205772806096,2,purge
2026-01-01 10:05:40,LOT-F,72.8569290857129,18.246692262976467,850.3317683358224,118.0403697883157,0.07865092403595376,3,purge
2026-01-01 10:05:41,LOT-F,71.65166288510143,17.8046601061811,847.04711131612,119.9414697296083,0.07929410753127336,3,purge
2026-01-01 10:05:42,LOT-F,72.91243757672892,18.145760367856727,842.9143543727972,119.15770507936628,0.07946583052143608,0,purge
2026-01-01 10:05:43,LOT-F,71.40872955734254,17.96567532933444,860.0228760781338,122.114684572699,0.07420781261744228,2,purge
2026-01-01 10:05:44,LOT-F,72.49572755524552,18.082459867474785,855.1902379094132,119.7572538557384,0.09124244967022845,3,purge
2026-01-01 10:05:45,LOT-F,71.74510651077287,17.942177255411604,847.603751745289,121.5958471971462,0.08648968642552196,0,purge
2026-01-01 10:05:46,LOT-F,71.92992554708107,18.259876824168703,840.2803575710469,119.85277721286919,0.08489029722884624,2,purge
2026-01-01 10:05:47,LOT-F,72.39751835018932,17.992969704827157,856.2808135444553,118.26003839832724,0.09942813224622045,4,purge
2026-01-01 10:05:48,LOT-F,71.6671546430828,17.967027358657553,848.6276670766492,122.82930727913954,0.06804520731118782,2,purge
2026-01-01 10:05:49,LOT-F,72.14189070619479,18.095834392934734,857.5253783379763,119.22364433981191,0.07287340435705107,1,purge
2026-01-01 10:05:50,LOT-F,72.1383588969288,17.858743322410284,850.032949928631,119.42938483688683,0.07683999100574114,1,purge
2026-01-01 10:05:51,LOT-F,72.53606973737683,17.53256973191948,861.2419896866129,121.57013758098681,0.061440450881727914,3,purge
2026-01-01 10:05:52,LOT-F,72.61499573405452,17.70001968370879,849.476250073,121.52424938612849,0.0870787587846081,0,purge
2026-01-01 10:05:53,LOT-F,72.84555647308059,17.856782741092864,862.5919657389346,120.72469186754435,0.07077473571710725,1,purge
2026-01-01 10:05:54,LOT-F,72.13674157435902,18.34428686692842,856.3172081333777,120.63235306197546,0.07604519200443853,2,purge
2026-01-01 10:05:55,LOT-F,72.1839247563453,18.456525342604092,839.1548556998106,122.39379500662527,0.07900119062779201,2,purge
2026-01-01 10:05:56,LOT-F,71.7441327580291,17.73144798179927,847.5552857848969,122.05280467506589,0.07483197402262848,4,purge
2026-01-01 10:05:57,LOT-F,71.65490318126497,18.03302346085828,862.3698408045109,121.18800964801923,0.065159771784413,1,purge
2026-01-01 10:05:58,LOT-F,71.40547352736858,17.864466406872403,852.149824962009,120.2793996030175,0.07818212211941318,2,purge
2026-01-01 10:05:59,LOT-F,71.89817243396426,18.051114059827874,845.730804959251,117.3942892299219,0.06363317782467887,6,purge
