timestamp,lot_id,recipe_id,temperature_c,pressure_kpa,gas_flow_sccm,vibration_rms,motor_current_a
2026-08-03 09:00:00,LOT_A,RCP_01,65.24377366380355,101.5577052014504,494.7098354668333,1.7940440576479533,7.888482655385292
2026-08-03 09:00:01,LOT_A,RCP_01,64.1680127150076,101.01123055632218,498.0552234772038,1.8663681907454568,8.245047717917956
2026-08-03 09:00:02,LOT_A,RCP_01,65.60036095664516,101.93722360847062,501.68090683789836,1.7543359855715,8.07029329141087
2026-08-03 09:00:03,LOT_A,RCP_01,65.75245177311297,100.98620623178154,499.5904131735556,1.7385526607447999,7.825610698350923
2026-08-03 09:00:04,LOT_A,RCP_01,63.43917184907693,100.98169235844888,497.39774551837763,1.8138531057381688,7.783515029041928
2026-08-03 09:00:05,LOT_A,RCP_01,63.958256394510144,101.57056580540227,497.30315015310197,1.5118626111157227,7.58812592523814
2026-08-03 09:00:06,LOT_A,RCP_01,65.10227232253384,101.68146324116846,497.15065174234917,1.8715552690839687,8.072683294466705
2026-08-03 09:00:07,LOT_A,RCP_01,64.74700592612514,101.5240496819681,496.48196148536425,1.7999155354315561,7.91135311318716
2026-08-03 09:00:08,LOT_A,RCP_01,64.98655907399657,100.4572013413076,509.12653150910427,1.8059540289896343,7.406951117984121
2026-08-03 09:00:09,LOT_A,RCP_01,64.31756485794114,101.56901721996412,501.1900442847422,1.9441101461391697,7.86607128180765
2026-08-03 09:00:10,LOT_A,RCP_01,65.70351837989027,100.7828459741628,503.54703621761894,1.5070776704927629,7.774741492686262
2026-08-03 09:00:11,LOT_A,RCP_01,65.62223354834316,101.41763805579413,498.0436901275243,1.5039249195211555,8.393919398042666
2026-08-03 09:00:12,LOT_A,RCP_01,65.05282455804897,100.58813278230046,499.2561732912558,1.841070576798528,7.574305347026673
2026-08-03 09:00:13,LOT_A,RCP_01,65.90179296557443,101.52316107377153,497.1457840745186,1.7989324717307227,7.639662300066487
2026-08-03 09:00:14,LOT_A,RCP_01,65.37400747380164,100.89670054784631,489.3931666603232,1.8255265414787898,8.277492410776425
2026-08-03 09:00:15,LOT_A,RCP_01,64.31256602969341,100.65868267486974,494.48796289260855,1.7306809387241333,8.339190789365992
2026-08-03 09:00:16,LOT_A,RCP_01,65.295000627266,101.6569100682412,492.7575252800784,1.8996530511359897,7.81375426531859
2026-08-03 09:00:17,LOT_A,RCP_01,64.2328939193368,101.42082226083838,491.0008648881936,1.939895826448668,7.841978544297772
2026-08-03 09:00:18,LOT_A,RCP_01,65.70276024104582,100.99301159930354,495.2185641028076,1.872597344092729,8.154058849138329
2026-08-03 09:00:19,LOT_A,RCP_01,64.960059271211,102.02558942451053,505.2998227175265,1.7608757312393126,7.418225050763672
2026-08-03 09:00:20,LOT_A,RCP_01,64.85211010916379,101.07967378921512,499.8222553291826,1.4838465918578396,7.534701578873611
2026-08-03 09:00:21,LOT_A,RCP_01,64.45525636447685,101.31605383698546,505.1622550492847,1.9153854312055691,7.929816649787322
2026-08-03 09:00:22,LOT_A,RCP_01,65.97803307093922,101.4344567238393,501.6439303076035,1.983259299932639,8.387472641532282
2026-08-03 09:00:23,LOT_A,RCP_01,64.87637641434496,100.99016703293569,503.1302353028606,1.8966837617975971,7.891067477958315
2026-08-03 09:00:24,LOT_A,RCP_01,64.65733774226952,101.53556814669996,496.3964120187817,1.668053635894874,8.025234197933788
2026-08-03 09:00:25,LOT_A,RCP_01,64.71829315960942,101.03327382641764,502.0958038167707,1.9010691590501638,8.283447318141002
2026-08-03 09:00:26,LOT_A,RCP_01,65.42584734844267,101.09418083889189,502.9148569362974,1.9290794561942168,8.526721183319536
2026-08-03 09:00:27,LOT_A,RCP_01,65.29235525149126,101.98132131990167,497.69341083106525,2.0338224371698628,7.855787881712922
2026-08-03 09:00:28,LOT_A,RCP_01,65.3301860892768,100.77970697374379,502.23816148246465,1.6685835113658065,7.995790819066643
2026-08-03 09:00:29,LOT_A,RCP_01,65.3446568024063,100.09360983453526,502.2647510342993,1.7660318123183794,8.45551380533571
2026-08-03 09:00:30,LOT_A,RCP_01,66.71331808069637,102.10546849750594,497.80178951547964,1.9120908076715184,7.619450181202143
2026-08-03 09:00:31,LOT_A,RCP_01,64.67486798689231,102.5746639763035,495.508926270916,1.8086115107157237,8.256895267638455
2026-08-03 09:00:32,LOT_A,RCP_01,64.59020581674277,101.09736536727533,495.2634866724069,1.6324008596923087,7.745421116909686
2026-08-03 09:00:33,LOT_A,RCP_01,64.3489818174017,100.3315809796899,500.3460221676859,1.8621924427540055,8.025618091775788
2026-08-03 09:00:34,LOT_A,RCP_01,65.4927835380604,101.14475801190203,501.3080394751573,1.886799245072275,7.939345238149931
2026-08-03 09:00:35,LOT_A,RCP_01,65.90317783417672,101.15688852507967,496.8298966781683,1.8131944344496504,7.7604970998246925
2026-08-03 09:00:36,LOT_A,RCP_01,64.9088420338761,101.20503807948887,500.1063413653044,1.8329377390769916,7.754224518085431
2026-08-03 09:00:37,LOT_A,RCP_01,64.32787481842998,100.74330597903908,502.28214814455396,1.7611941147471406,8.069103591063438
2026-08-03 09:00:38,LOT_A,RCP_01,64.34041502744701,101.58978057123824,502.4727628586612,2.021741840357409,8.248884832040671
2026-08-03 09:00:39,LOT_A,RCP_01,65.52047423025977,101.56225368764304,506.20752048048996,1.6648961724430986,7.967565949202874
2026-08-03 09:00:40,LOT_A,RCP_01,65.59460333696275,100.55279719009035,505.1079233287922,1.711901885585433,8.017528289683304
2026-08-03 09:00:41,LOT_A,RCP_01,65.43452341464416,101.64959836584744,495.9948342689738,1.801647827029129,8.142793516572763
2026-08-03 09:00:42,LOT_A,RCP_01,64.46759223416905,102.32634249097295,506.7343448381521,1.931843104155134,7.75709530674676
2026-08-03 09:00:43,LOT_A,RCP_01,65.18572905845338,101.38598016621853,497.87609398177716,1.5753940244858196,8.18492312710323
2026-08-03 09:00:44,LOT_A,RCP_01,65.09334864731258,101.13133741896574,504.1794912498177,1.603455487535184,8.204835774264938
2026-08-03 09:00:45,LOT_A,RCP_01,65.17495087738321,101.22899839279624,500.2719465042044,1.4943407238397923,8.650906574687603
2026-08-03 09:00:46,LOT_A,RCP_01,65.69714302235855,101.60762838348428,498.3514024861721,1.8049042837879907,7.905973952360104
2026-08-03 09:00:47,LOT_A,RCP_01,65.17887643901975,100.43466419724639,492.76921256090026,1.6322541274190185,7.885479549582968
2026-08-03 09:00:48,LOT_A,RCP_01,65.54313085045752,101.38219535148865,499.31374195913463,1.7423174834973125,8.192241467893437
2026-08-03 09:00:49,LOT_A,RCP_01,65.05406325559112,101.1047680252686,493.7624670587776,1.8992067284837562,8.204776042228035
2026-08-03 09:00:50,LOT_A,RCP_01,65.23129551895198,102.22391250647802,503.8691969433711,1.7037685918825731,7.866228211655822
2026-08-03 09:00:51,LOT_A,RCP_01,65.50503058067083,101.21291363309751,506.067170628557,1.8346923034115048,7.899209330767488
2026-08-03 09:00:52,LOT_A,RCP_01,63.83427534411547,102.13394380555975,496.81235604281324,1.7550993138372417,8.13528270955451
2026-08-03 09:00:53,LOT_A,RCP_01,64.74426302691415,100.748129651109,501.2078829700771,1.9008171472644655,7.793103939816334
2026-08-03 09:00:54,LOT_A,RCP_01,64.62370187656576,101.5936295834014,497.0984339119681,1.8712692101022013,7.897366502996246
2026-08-03 09:00:55,LOT_A,RCP_01,64.48889772140532,101.45970013189562,497.48606107945284,1.6962099455738087,8.02239819184211
2026-08-03 09:00:56,LOT_A,RCP_01,64.77988619901865,100.8654763760676,503.0979788154615,1.7747022369899321,8.248984671205564
2026-08-03 09:00:57,LOT_A,RCP_01,66.19595304898752,101.38869805731846,499.84584695262635,1.9565615096580742,7.848850345955115
2026-08-03 09:00:58,LOT_A,RCP_01,64.30733510744541,101.9062594184158,506.958592167724,1.8590065305381145,7.539403884492332
2026-08-03 09:00:59,LOT_A,RCP_01,65.77462268367319,101.1381041478567,498.0710700851883,1.5904556913373304,7.520850633120447
2026-08-03 09:01:00,LOT_A,RCP_01,63.65370418270736,100.45401867541511,503.99734532989794,1.8983427091757075,7.685146733323466
2026-08-03 09:01:01,LOT_A,RCP_01,64.73209197601138,101.29121858676127,500.3896536518311,1.6373084066345642,7.671708070450015
2026-08-03 09:01:02,LOT_A,RCP_01,65.130202452084,100.84878845260374,503.18311203897696,2.011876960494151,7.9613473103450225
2026-08-03 09:01:03,LOT_A,RCP_01,65.46897786508742,101.12882953066806,498.2113693706802,1.9536148259761537,7.702779961600599
2026-08-03 09:01:04,LOT_A,RCP_01,65.56898126383429,101.25920611515744,499.80176464979365,1.84348282138776,7.824311260044699
2026-08-03 09:01:05,LOT_A,RCP_01,65.63467778815993,100.44717389199224,499.53800448280424,1.8235849265154291,7.8064785287544876
2026-08-03 09:01:06,LOT_A,RCP_01,64.72101994220125,100.49217083033966,496.65577154061685,1.7686451615958871,7.8898730347880015
2026-08-03 09:01:07,LOT_A,RCP_01,64.63011856586834,101.54103341776276,502.64832613832704,1.9017785927100042,8.33062608288078
2026-08-03 09:01:08,LOT_A,RCP_01,65.68638070500572,101.03864065191516,502.60099602231344,1.7443832745806909,8.16548689735763
2026-08-03 09:01:09,LOT_A,RCP_01,64.84695654009471,100.01762782908972,502.37421877962225,1.835335480595984,8.004032353819001
2026-08-03 09:01:10,LOT_A,RCP_01,63.97945094132966,101.69242201830407,506.1478626156706,1.9307901549779176,7.88474342985479
2026-08-03 09:01:11,LOT_A,RCP_01,64.09337022879721,101.43618487763712,505.79737920494523,1.7157290184711615,7.891691835844244
2026-08-03 09:01:12,LOT_A,RCP_01,64.2644381711987,100.94306258798176,498.5002212406035,1.7075710890013958,8.081936617487987
2026-08-03 09:01:13,LOT_A,RCP_01,65.39772859524301,100.64158489447088,501.4922092737367,1.620845177891331,8.146042268338073
2026-08-03 09:01:14,LOT_A,RCP_01,65.11394058885645,101.71790394815717,497.50559724296716,1.6403290880810741,7.77309562347485
2026-08-03 09:01:15,LOT_A,RCP_01,65.55238828325422,101.47467531128021,500.09342126445824,1.5257407032837746,8.009120188903557
2026-08-03 09:01:16,LOT_A,RCP_01,64.65819788293078,102.49130114134203,497.60100220352456,1.9094743183523295,7.492095107834244
2026-08-03 09:01:17,LOT_A,RCP_01,65.12683175286138,101.51009429936246,506.4802812365442,2.0713371813124155,8.05292844604265
2026-08-03 09:01:18,LOT_A,RCP_01,65.50047231517387,101.49385157063101,501.4547926013719,2.0137993415205457,8.190537310489672
2026-08-03 09:01:19,LOT_A,RCP_01,64.75252276822381,101.21653603494572,499.1278834875823,1.5560873267060227,7.929982843279781
2026-08-03 09:01:20,LOT_A,RCP_01,65.36542019004592,101.70838793360039,504.7744742874255,1.90872820073343,8.454131749035026
2026-08-03 09:01:21,LOT_A,RCP_01,64.47045924714668,101.61254260062407,491.31753836081833,2.0133159524885333,7.779690388140987
2026-08-03 09:01:22,LOT_A,RCP_01,64.70955692274794,101.92586250428259,491.94358962053883,1.7314785028892004,8.054360103825815
2026-08-03 09:01:23,LOT_A,RCP_01,64.69460968480134,101.03933854068136,503.1833546208791,1.8152171145975076,7.991043813333511
2026-08-03 09:01:24,LOT_A,RCP_01,64.04332828352877,101.08229626352802,500.24187379246945,1.4988160423792996,7.974925583139148
2026-08-03 09:01:25,LOT_A,RCP_01,65.38957798462846,101.06044841454401,501.00178520104305,1.8400104251964962,7.971419457998813
2026-08-03 09:01:26,LOT_A,RCP_01,64.62447812783782,101.69540086058949,494.6944155867258,1.6404660405847924,8.026776257502368
2026-08-03 09:01:27,LOT_A,RCP_01,65.00999529498215,102.04918722014837,499.90706515659855,1.8299452526867273,8.211989685865925
2026-08-03 09:01:28,LOT_A,RCP_01,65.38459732712472,101.07057975342535,508.01403764160534,1.565819561671668,8.344434059068686
2026-08-03 09:01:29,LOT_A,RCP_01,65.35722494082395,101.08761313610346,503.29679847918345,1.8814287336716395,7.999437438873961
2026-08-03 09:01:30,LOT_A,RCP_01,65.53230808717822,101.45703861193489,500.67882618057126,1.9536769013140036,8.203829018042908
2026-08-03 09:01:31,LOT_A,RCP_01,64.92121161239245,101.17711924999355,498.2437843595803,1.6825230207427249,7.824558263433304
2026-08-03 09:01:32,LOT_A,RCP_01,64.66136135036467,101.77602682656995,498.4217085925224,1.629461612788435,8.191488863181558
2026-08-03 09:01:33,LOT_A,RCP_01,64.93622543127488,100.17411135469047,491.48320844319994,1.4765965436175028,7.809502119043253
2026-08-03 09:01:34,LOT_A,RCP_01,63.650132452833574,100.88664747654155,501.03056168368465,1.7600379698887234,8.272664984022033
2026-08-03 09:01:35,LOT_A,RCP_01,63.84231002206153,100.90879183301928,503.38193243392743,1.7127609098577592,8.55266021934831
2026-08-03 09:01:36,LOT_A,RCP_01,63.941840310116476,100.13982199380692,493.69752269131754,1.5673470881477918,7.969479028007152
2026-08-03 09:01:37,LOT_A,RCP_01,64.20220253791881,100.8181807778156,497.35433243077273,1.8679528134468257,7.451864127298148
2026-08-03 09:01:38,LOT_A,RCP_01,65.31981938137875,100.84242194207704,495.3701414710663,1.7325044427203027,7.862981766688795
2026-08-03 09:01:39,LOT_A,RCP_01,64.27561675571195,101.19944767274058,496.13859522076496,1.6386396062032151,8.307968783572326
2026-08-03 09:01:40,LOT_A,RCP_01,64.69746995676849,101.85648294583012,500.2139265072876,1.7168141391539329,8.138269196756312
2026-08-03 09:01:41,LOT_A,RCP_01,66.03938263822886,101.17746967440465,491.6623913800461,1.9606956808394425,8.062228399668758
2026-08-03 09:01:42,LOT_A,RCP_01,64.71498882315086,100.78459313986443,502.45708175342827,1.8904405415632834,8.25216708898871
2026-08-03 09:01:43,LOT_A,RCP_01,65.59001245477367,101.27152272939323,503.0154202797347,1.7804960907752265,8.121113359812105
2026-08-03 09:01:44,LOT_A,RCP_01,64.2531058559921,101.82458681072067,498.99558964785234,1.892865752769728,8.304431296862784
2026-08-03 09:01:45,LOT_A,RCP_01,64.8356499537059,100.81202059194254,490.07716596006185,1.6258632065419891,8.229855919161746
2026-08-03 09:01:46,LOT_A,RCP_01,64.23998235607154,100.84471255803928,496.0143254959904,1.8048555151090546,8.38042511318424
2026-08-03 09:01:47,LOT_A,RCP_01,64.72877353927954,101.5792744796371,504.9316077364108,1.8220983495729706,8.089699020976564
2026-08-03 09:01:48,LOT_A,RCP_01,65.67224650996592,101.1892319421346,488.8880228770857,1.729524523725191,8.22631485037349
2026-08-03 09:01:49,LOT_A,RCP_01,63.61814366144612,101.62374234535473,498.6099063512259,1.8653187503936128,7.923218231728554
2026-08-03 09:01:50,LOT_A,RCP_01,65.34753891483669,101.29317660410234,495.27999688613096,1.6829349818033323,7.849634797110249
2026-08-03 09:01:51,LOT_A,RCP_01,65.19018848186582,101.65083182404479,503.2182812063393,1.8764731061664177,8.426691910104743
2026-08-03 09:01:52,LOT_A,RCP_01,64.52468003544257,100.78246094297968,497.29954419142615,1.8827788157296939,8.054051169080672
2026-08-03 09:01:53,LOT_A,RCP_01,63.84315371648923,101.29395767460586,501.61581608294244,1.3624260178954402,8.201220141465594
2026-08-03 09:01:54,LOT_A,RCP_01,65.0577036061711,101.19465499281841,502.2618416766764,1.9785458555265176,8.030935003602847
2026-08-03 09:01:55,LOT_A,RCP_01,64.57640583274896,100.69205453794793,507.3449033589201,1.342855115197087,7.853371087270009
2026-08-03 09:01:56,LOT_A,RCP_01,65.18614096908377,100.51826102606566,499.1882322252985,1.7075926461665814,8.002745723145601
2026-08-03 09:01:57,LOT_A,RCP_01,65.01748171641876,101.64287451763732,501.5041774784904,1.9538022051386632,8.358998504441928
2026-08-03 09:01:58,LOT_A,RCP_01,66.28142311305673,101.12452380889101,494.05977808349024,1.7524069912121338,8.138810018569856
2026-08-03 09:01:59,LOT_A,RCP_01,64.80851549802158,100.78885985917633,504.761654253175,1.5800721026295688,7.572131710067385
2026-08-03 09:02:00,LOT_A,RCP_01,64.1812020059025,101.25191053153833,496.95796460771453,1.6359394407424994,7.946188885855961
2026-08-03 09:02:01,LOT_A,RCP_01,65.14342050796505,101.86400942867465,497.75698334364904,1.954035861948093,8.445573448176178
2026-08-03 09:02:02,LOT_A,RCP_01,65.17599734717741,100.15963107731403,499.9110088206032,1.5117743204177043,7.946550784537511
2026-08-03 09:02:03,LOT_A,RCP_01,66.08735006019235,100.55168065504833,493.7484626186406,1.9693486651443026,7.549880327066455
2026-08-03 09:02:04,LOT_A,RCP_01,65.66808899673167,100.83855677905237,500.91508011571574,1.7917346851436566,8.473262221355636
2026-08-03 09:02:05,LOT_A,RCP_01,65.2854968473196,102.03058943336016,503.86986509170004,1.6211407004336351,8.170598127453198
2026-08-03 09:02:06,LOT_A,RCP_01,66.17064231297564,101.44129349145965,501.1717352939892,1.7125327391545964,7.9824967852968
2026-08-03 09:02:07,LOT_A,RCP_01,64.04898955654171,101.68365862023062,493.6444097432851,1.6474163488347537,7.907145565979483
2026-08-03 09:02:08,LOT_A,RCP_01,64.4881987738002,100.72991954043688,499.50476282268136,1.9299337801287793,8.270587982447934
2026-08-03 09:02:09,LOT_A,RCP_01,64.25873924687558,100.74023206236474,502.96811561191794,1.9098641714644258,7.864504149943452
2026-08-03 09:02:10,LOT_A,RCP_01,64.68815215747539,101.52390685836136,492.48804493613636,1.542125829918593,8.287064106128996
2026-08-03 09:02:11,LOT_A,RCP_01,63.89865108195495,101.32913716546771,495.70093594472917,1.7394611822221,8.135548821431064
2026-08-03 09:02:12,LOT_A,RCP_01,65.50812075745152,101.57436940943207,503.5061744163261,1.6705221506483585,8.061170481371837
2026-08-03 09:02:13,LOT_A,RCP_01,64.82222184232099,101.20616450453578,501.08038173678915,1.9940264952689055,8.036378701333899
2026-08-03 09:02:14,LOT_A,RCP_01,63.82335496439787,101.43907186322731,501.647886328507,1.5974851322810368,7.956257990821456
2026-08-03 09:02:15,LOT_A,RCP_01,64.18753673503397,101.37905954245255,507.4379792304932,2.040634365702752,8.261410030052316
2026-08-03 09:02:16,LOT_A,RCP_01,65.25081107796015,101.68888369454245,501.87421111402483,1.7950057890724593,7.783664291974541
2026-08-03 09:02:17,LOT_A,RCP_01,65.67050125431551,101.70350414097223,502.63155204173273,1.625709839042987,7.594518718292448
2026-08-03 09:02:18,LOT_A,RCP_01,66.59738471335343,100.49006400280412,510.8429821088733,1.6984088723986084,8.153610030723119
2026-08-03 09:02:19,LOT_A,RCP_01,67.33108997280587,100.17636572232956,499.14478176763805,1.6797571738847326,8.157809582016787
2026-08-03 09:02:20,LOT_A,RCP_01,65.33152754662079,101.80087269882576,496.80846894552604,1.6088072396976743,8.120060288127942
2026-08-03 09:02:21,LOT_A,RCP_01,64.20836950397451,101.89386254663097,501.71118559298856,1.8142240289595564,8.10193209240451
2026-08-03 09:02:22,LOT_A,RCP_01,63.294362975414955,100.78968849024332,501.7559641175556,1.6158126673962236,7.919864905415613
2026-08-03 09:02:23,LOT_A,RCP_01,65.21416916987506,100.37008229672718,497.89313843221515,1.4729450686892718,8.196870676096381
2026-08-03 09:02:24,LOT_A,RCP_01,64.34964712375174,101.3495174105036,495.8704119217806,1.743048529372774,7.988610468311364
2026-08-03 09:02:25,LOT_A,RCP_01,64.66771419185625,101.76541911317526,509.2393776883603,1.5295715705373176,7.8782216097962054
2026-08-03 09:02:26,LOT_A,RCP_01,64.51032256075216,102.19879726121715,501.3073738815521,1.687175869789872,7.92202717193615
2026-08-03 09:02:27,LOT_A,RCP_01,64.88736729086689,101.55814878605072,497.0708584743917,1.6636345667094967,8.505159924693958
2026-08-03 09:02:28,LOT_A,RCP_01,65.85278418463011,101.11414165170714,503.6637212091184,1.6693175891961278,7.566255979488642
2026-08-03 09:02:29,LOT_A,RCP_01,65.12563885395627,100.85343468920756,499.56341939375466,2.100144465238523,8.124947026073949
2026-08-03 09:02:30,LOT_A,RCP_01,64.87309213036905,101.30572564583532,498.9884742147287,1.8084617350754357,7.580222393094071
2026-08-03 09:02:31,LOT_A,RCP_01,64.17147699773935,101.15036764805737,502.24909148765795,1.8368056513492999,7.972941665419257
2026-08-03 09:02:32,LOT_A,RCP_01,63.66025364423651,100.79246604713559,494.83247092707325,1.533540255548656,7.891593128711453
2026-08-03 09:02:33,LOT_A,RCP_01,64.61095367274133,102.32437782543164,501.41050881566866,1.7019055299544616,7.478742925830031
2026-08-03 09:02:34,LOT_A,RCP_01,64.95697395934535,102.19258420103607,507.651819230927,1.8322953944912268,8.097259397608441
2026-08-03 09:02:35,LOT_A,RCP_01,66.41434393086391,101.86802434177771,501.86471064878924,1.6463206630630491,7.904990484451951
2026-08-03 09:02:36,LOT_A,RCP_01,65.1042196171783,100.83957480109544,498.49515158486616,1.936209426527698,7.475198414359689
2026-08-03 09:02:37,LOT_A,RCP_01,65.78619160881844,101.72750966214863,497.971578878287,1.6195955121148455,8.209892022693563
2026-08-03 09:02:38,LOT_A,RCP_01,64.60056352116868,101.61981320474895,498.3586401066196,1.7570450796202237,8.358751544497233
2026-08-03 09:02:39,LOT_A,RCP_01,64.05204498686638,101.52127281210203,498.98414928780886,1.7120922540036663,8.372531085574144
2026-08-03 09:02:40,LOT_A,RCP_01,64.2279065902141,101.92483263352189,498.4887738689669,1.8246480989072875,8.089739110162867
2026-08-03 09:02:41,LOT_A,RCP_01,64.4198191483714,101.61768557143064,503.6652457642983,1.703926489221686,8.011514534644279
2026-08-03 09:02:42,LOT_A,RCP_01,66.70277578594813,101.67000711815217,493.0671635871641,1.7593659559393595,8.33203915522395
2026-08-03 09:02:43,LOT_A,RCP_01,64.3428906566205,101.6184531416861,503.44800020164854,1.764580486233302,8.420595896335024
2026-08-03 09:02:44,LOT_A,RCP_01,65.67079136298908,101.47039570400105,498.48125389942976,1.6898418363913048,8.283392175718907
2026-08-03 09:02:45,LOT_A,RCP_01,64.27765825753038,100.4081944351429,501.5077911427815,1.8727640802745669,7.76461559944255
2026-08-03 09:02:46,LOT_A,RCP_01,65.7452584102994,101.34181053870527,495.49204835919653,1.8357582562256138,8.05033621330373
2026-08-03 09:02:47,LOT_A,RCP_01,65.30796077288468,101.02190402057543,505.31452426739776,1.786707908212025,8.109879036072858
2026-08-03 09:02:48,LOT_A,RCP_01,64.87468968187353,100.66007952117998,504.9825398406875,1.7354312499807063,7.547595757770693
2026-08-03 09:02:49,LOT_A,RCP_01,64.96738997909165,102.14090830965041,503.8383621030003,1.9194816045779997,8.117340164905194
2026-08-03 09:02:50,LOT_A,RCP_01,64.47616984365649,102.16449767044286,493.94098089682586,1.764624863427873,8.568247956494847
2026-08-03 09:02:51,LOT_A,RCP_01,65.35685776118567,101.9796103001478,503.3164842842642,1.7539954068261094,8.159984041450198
2026-08-03 09:02:52,LOT_A,RCP_01,64.63601321572737,101.42760670842793,501.61942035054284,1.815703504483219,8.368353270360439
2026-08-03 09:02:53,LOT_A,RCP_01,64.0195153889862,101.97531256047633,493.57891501146975,2.054488002445628,8.045728682532177
2026-08-03 09:02:54,LOT_A,RCP_01,63.9776499405443,101.30602659030092,499.90281046491674,1.5989465687968194,7.981695419004045
2026-08-03 09:02:55,LOT_A,RCP_01,65.1380703341777,101.40139863844888,501.45813795613304,1.9154785339583031,8.095317847520244
2026-08-03 09:02:56,LOT_A,RCP_01,66.26327300512835,100.75326431476901,502.2243010952926,1.5160243258142843,7.796043338003892
2026-08-03 09:02:57,LOT_A,RCP_01,65.12799329085875,101.49849565224942,500.7090454677954,1.8325909737342936,7.7590562031914025
2026-08-03 09:02:58,LOT_A,RCP_01,64.9050893391121,101.3301929642122,501.1649256673895,2.0362624241413094,8.31657613929234
2026-08-03 09:02:59,LOT_A,RCP_01,65.22866091168203,100.64867394158277,505.89444556901236,1.873300278670096,8.34308558571663
2026-08-03 09:03:00,LOT_A,RCP_01,66.04480139336546,101.2744014440917,504.90413563964273,1.825593761780969,7.752223421103162
2026-08-03 09:03:01,LOT_A,RCP_01,65.17550600109108,101.2601352180716,488.53178018486904,1.7159325796795386,8.241999701138466
2026-08-03 09:03:02,LOT_A,RCP_01,64.67125821533301,102.19878058332232,498.7302457806493,1.804657080073283,7.978260006098495
2026-08-03 09:03:03,LOT_A,RCP_01,65.88503096804791,101.7471066642567,499.3413958898242,1.7621905776894966,8.084952143622608
2026-08-03 09:03:04,LOT_A,RCP_01,65.34300515076929,101.30572271954573,492.99160570909214,1.6821035088102967,8.115054659858766
2026-08-03 09:03:05,LOT_A,RCP_01,66.22860479359679,101.42439365490054,500.37673223292927,1.7565186576787695,8.24858761703108
2026-08-03 09:03:06,LOT_A,RCP_01,65.14658754977752,101.32210618905209,504.995031089642,1.829757174093966,8.020679550465797
2026-08-03 09:03:07,LOT_A,RCP_01,64.0204247746236,101.19854300760223,495.65372856163765,1.684917439720404,8.352540498825483
2026-08-03 09:03:08,LOT_A,RCP_01,63.90547264060347,100.75878640130585,501.3456037547595,1.6790577268972975,8.07735320993998
2026-08-03 09:03:09,LOT_A,RCP_01,66.32074234578499,101.22447406119653,496.33670609081423,1.5959634843611739,8.156046068117384
2026-08-03 09:03:10,LOT_A,RCP_01,66.37893257662664,100.92695087167374,497.3123519052813,1.8586087539133345,7.791684352115689
2026-08-03 09:03:11,LOT_A,RCP_01,64.85638462937392,100.67484223053843,505.90957453668017,1.881798489295059,8.539664752676208
2026-08-03 09:03:12,LOT_A,RCP_01,64.69345014309121,101.55561090727376,497.8297687195527,1.8347490666354778,8.117456230801242
2026-08-03 09:03:13,LOT_A,RCP_01,66.16915543379376,101.49563232996661,501.8488499560425,1.9447755739093,8.178249356336275
2026-08-03 09:03:14,LOT_A,RCP_01,64.1143634543652,100.40664624431597,492.51512753575605,1.8131801455621093,7.597953547197115
2026-08-03 09:03:15,LOT_A,RCP_01,64.28421838483534,101.23865768125243,507.4492702455795,1.8588016406048635,7.794324494230224
2026-08-03 09:03:16,LOT_A,RCP_01,65.51466143575124,101.79785069294996,502.410609785226,1.8455756138456345,8.309470921979683
2026-08-03 09:03:17,LOT_A,RCP_01,64.68431590171232,101.82961186944816,499.27000062939896,1.786268997087269,8.07172277957315
2026-08-03 09:03:18,LOT_A,RCP_01,64.99590250662395,101.81291842144262,502.3021860399996,1.720376725780553,7.521555066292769
2026-08-03 09:03:19,LOT_A,RCP_01,64.86924568118039,101.31945660345073,494.36072228420875,2.1321228923687867,8.259572482245956
2026-08-03 09:03:20,LOT_B,RCP_02,65.27005963903915,100.87747733601542,504.73012296701063,1.7322073530219737,7.864054298911819
2026-08-03 09:03:21,LOT_B,RCP_02,66.12598548905098,100.75815058632097,498.7040608980143,1.7001183433319347,8.352829246469177
2026-08-03 09:03:22,LOT_B,RCP_02,65.0724679255214,101.47230245237517,499.1837219398063,1.865101473517516,7.978041080349075
2026-08-03 09:03:23,LOT_B,RCP_02,65.51515103462148,101.48964001718258,498.0333775401381,1.8377781622942508,8.051176671505132
2026-08-03 09:03:24,LOT_B,RCP_02,63.35986231917518,101.94366555580253,497.67739438901765,1.589281267858451,8.294738644647913
2026-08-03 09:03:25,LOT_B,RCP_02,64.9610252784559,101.84998982517104,502.77868244651364,1.9684017381845609,7.775626757286334
2026-08-03 09:03:26,LOT_B,RCP_02,64.3254157837657,101.23388567173441,501.0236274004169,1.785870813697375,7.751788298041515
2026-08-03 09:03:27,LOT_B,RCP_02,64.0249495516611,100.67789706056956,502.60699256561213,1.633360335717642,7.950875394900473
2026-08-03 09:03:28,LOT_B,RCP_02,64.29747810645699,101.14044670149455,499.9648212420577,1.9783176171530812,8.206793199905306
2026-08-03 09:03:29,LOT_B,RCP_02,64.73270124743935,101.40861559740526,502.05279924430874,1.893851335739423,7.6672806868466274
2026-08-03 09:03:30,LOT_B,RCP_02,65.73272203388481,101.19895837730529,498.32460502429984,1.6103187012078128,7.582991350027726
2026-08-03 09:03:31,LOT_B,RCP_02,63.93888582580835,101.01105294596117,508.9189273656382,2.0665774260386587,8.205930231760949
2026-08-03 09:03:32,LOT_B,RCP_02,65.02450519407553,101.42644240748494,493.728278334278,1.8988196052549289,7.849255421858249
2026-08-03 09:03:33,LOT_B,RCP_02,64.61266445333314,101.0480211292947,505.04374929425194,1.798470582656243,7.901943496769929
2026-08-03 09:03:34,LOT_B,RCP_02,64.73786152451044,100.98596695813731,505.4716298028839,2.038532820843267,7.5357973995149585
2026-08-03 09:03:35,LOT_B,RCP_02,65.80220626024368,101.45572641715172,496.59136477613765,1.823894667574446,7.830255171412005
2026-08-03 09:03:36,LOT_B,RCP_02,65.43049234960314,101.09900370993539,508.9170944422239,1.7957875387343953,7.998108175842212
2026-08-03 09:03:37,LOT_B,RCP_02,66.06991848595419,101.42205219448917,503.98196113178125,1.7009549825967016,8.232594464405723
2026-08-03 09:03:38,LOT_B,RCP_02,64.87639545660008,101.43660201142606,503.88455602729164,1.8872775658960619,7.807192458441341
2026-08-03 09:03:39,LOT_B,RCP_02,64.44324591066344,100.73028549945421,500.11208874810353,1.871490445098597,8.414344030058125
2026-08-03 09:03:40,LOT_B,RCP_02,64.8209129464956,101.0593794380673,499.1310953671253,1.8022020209834568,7.8288609939550495
2026-08-03 09:03:41,LOT_B,RCP_02,65.19399743301697,102.01888846995823,499.16236469184156,1.6815020469198596,7.829227049603706
2026-08-03 09:03:42,LOT_B,RCP_02,65.14125868676297,100.71896024363285,501.5621223852781,1.8194894781249111,8.38433938797445
2026-08-03 09:03:43,LOT_B,RCP_02,64.1324895422133,100.24167277551473,505.6047451001356,1.7895301821356793,8.05286503809098
2026-08-03 09:03:44,LOT_B,RCP_02,65.0723918253023,100.36907742337874,500.72525687144565,1.59997885218987,7.861993817747106
2026-08-03 09:03:45,LOT_B,RCP_02,65.18258266411112,101.31455497328834,496.35422550745085,1.5792281473013723,7.961216717204851
2026-08-03 09:03:46,LOT_B,RCP_02,67.01397923002713,101.31545863901634,503.29770824953994,1.8847730068214654,8.338268394385516
2026-08-03 09:03:47,LOT_B,RCP_02,66.50147568902534,101.24119457228744,503.68460298557915,1.4097167527422467,8.36655070490642
2026-08-03 09:03:48,LOT_B,RCP_02,64.31740531955295,101.90709491446425,502.6186381137911,1.830811579044189,7.795801705182436
2026-08-03 09:03:49,LOT_B,RCP_02,64.77009331076066,99.96358278344853,502.98199562609994,1.7282875413369263,7.989391547480223
2026-08-03 09:03:50,LOT_B,RCP_02,63.8292463985304,101.49796693721541,498.91628747936875,1.9962369910319866,8.022539206916893
2026-08-03 09:03:51,LOT_B,RCP_02,64.5274343888292,102.08071910090179,496.2840433314777,1.7259797686269187,7.753439972370851
2026-08-03 09:03:52,LOT_B,RCP_02,65.25248400287228,100.73610961755413,496.52722627743685,1.8989226321377843,7.986078736837501
2026-08-03 09:03:53,LOT_B,RCP_02,65.96468289671058,101.11009674410505,493.4581470061686,1.7404629238143312,8.001330715112925
2026-08-03 09:03:54,LOT_B,RCP_02,64.41673292980511,100.92355404138569,500.9477944461838,1.8170622230229216,8.285052369734183
2026-08-03 09:03:55,LOT_B,RCP_02,64.47668284794577,100.85282697696124,499.6662048670936,1.9105254796380078,8.3018562570778
2026-08-03 09:03:56,LOT_B,RCP_02,63.282168776209076,101.13686899748848,498.24004918188115,1.730616642551313,7.917697650410248
2026-08-03 09:03:57,LOT_B,RCP_02,64.86986726356407,102.01374264184226,488.17752470261973,1.9494832326747606,7.946511714034797
2026-08-03 09:03:58,LOT_B,RCP_02,64.15006847051235,102.21869333774376,495.01073012122333,1.6509453184340277,8.166073075513909
2026-08-03 09:03:59,LOT_B,RCP_02,64.57644845810714,101.13203038747993,504.4833626056127,1.844188926383757,7.8537028877682475
2026-08-03 09:04:00,LOT_B,RCP_02,64.29851137746593,102.25253010703223,497.34149599974745,1.938395958418178,8.14716003793435
2026-08-03 09:04:01,LOT_B,RCP_02,64.92458995659796,101.31778823849231,501.44236671062737,1.8990056237685502,7.978023378157697
2026-08-03 09:04:02,LOT_B,RCP_02,63.59381728691469,102.17684551335054,494.437258280099,2.0874667315103115,7.757650355565345
2026-08-03 09:04:03,LOT_B,RCP_02,63.82636380368721,101.25335067517325,505.7548219294369,1.685484102403401,7.7607908217800885
2026-08-03 09:04:04,LOT_B,RCP_02,66.70339768962263,101.36552891302307,499.4238893597813,1.5931276122977118,8.361764674007775
2026-08-03 09:04:05,LOT_B,RCP_02,63.97006193498078,101.48273723632141,501.16016158593413,1.6508497337257322,7.960894630214176
2026-08-03 09:04:06,LOT_B,RCP_02,64.12257153723628,102.88942683968376,509.30311916752675,1.8990663849822655,8.410088523474577
2026-08-03 09:04:07,LOT_B,RCP_02,66.46953082265705,101.72564278742239,506.0657604023576,1.874688440140407,7.871590934821272
2026-08-03 09:04:08,LOT_B,RCP_02,67.32405373539233,100.94636773502427,498.77373751485175,1.8153384989471124,8.072801300282872
2026-08-03 09:04:09,LOT_B,RCP_02,64.06274669693973,101.78449893513793,497.62711926051855,1.6315564426339306,8.59816918075456
2026-08-03 09:04:10,LOT_B,RCP_02,64.70540083456957,101.11908373145782,498.69781995392185,1.9150300939993592,7.73565331383418
2026-08-03 09:04:11,LOT_B,RCP_02,65.2732444407524,101.05512490854939,502.0395929939061,1.616294283352419,7.525546375025056
2026-08-03 09:04:12,LOT_B,RCP_02,66.38295811552447,101.75430067994606,499.5791034629965,1.973842437356535,8.321647532821808
2026-08-03 09:04:13,LOT_B,RCP_02,64.21051433725741,101.31554279388557,498.4190234199861,2.22861576347098,7.793297723651731
2026-08-03 09:04:14,LOT_B,RCP_02,64.80377772324631,101.4392879572559,505.8687250028362,1.8549676719857326,7.994823408973441
2026-08-03 09:04:15,LOT_B,RCP_02,65.62187006084939,101.30699261093264,499.54316043288867,1.8874662203486614,7.853520447387104
2026-08-03 09:04:16,LOT_B,RCP_02,65.3478128595733,101.46829156330271,509.1983563721493,1.726071034665666,8.067040695238829
2026-08-03 09:04:17,LOT_B,RCP_02,64.69907514301592,101.51248294871807,500.3629702550087,1.5284680018369776,7.7623659482035645
2026-08-03 09:04:18,LOT_B,RCP_02,64.89294162838716,100.33151653364729,507.1412735768989,1.7095920955454667,7.9550149780291735
2026-08-03 09:04:19,LOT_B,RCP_02,63.90008335330401,101.63328633430477,501.4292776908425,1.6360657138351877,8.112453831639133
2026-08-03 09:04:20,LOT_B,RCP_02,64.80946100482026,100.80899029008485,503.8518422929978,1.5829493135377477,7.747922778431435
2026-08-03 09:04:21,LOT_B,RCP_02,64.78689000799284,100.57885043222029,497.1015557939291,2.0583539912993474,7.824978992588528
2026-08-03 09:04:22,LOT_B,RCP_02,65.185735911701,101.27079437807066,496.58496310965035,1.840929377703866,7.913154291600367
2026-08-03 09:04:23,LOT_B,RCP_02,64.55573822494479,101.34199050165722,501.83882382005993,1.8569531370920975,7.64279614144343
2026-08-03 09:04:24,LOT_B,RCP_02,65.37723081803611,100.95324691771386,503.95421296986126,1.7536466452205626,7.8943597543003134
2026-08-03 09:04:25,LOT_B,RCP_02,65.81017265425587,101.71551592883398,500.16102600800184,1.7740693376334846,8.029699134975726
2026-08-03 09:04:26,LOT_B,RCP_02,65.12434346213477,100.62891241681454,494.8544266596652,1.9446826023359,7.900112764602893
2026-08-03 09:04:27,LOT_B,RCP_02,65.28140512671936,101.09652812561372,494.5589665348427,1.7951494321957178,7.932155876767069
2026-08-03 09:04:28,LOT_B,RCP_02,65.04252427806229,101.0075629325335,494.29145439125506,1.87960409070371,7.995024582273354
2026-08-03 09:04:29,LOT_B,RCP_02,65.00006751447313,101.27670636483033,492.9295115482425,1.7705993553232477,7.836064134391922
2026-08-03 09:04:30,LOT_B,RCP_02,64.42275357316572,101.43943214232361,500.43794143778837,1.748677066390193,8.17276564146672
2026-08-03 09:04:31,LOT_B,RCP_02,65.25319540933864,100.79605352518823,504.5001756868321,1.5889628751597207,8.358994531200445
2026-08-03 09:04:32,LOT_B,RCP_02,64.92217072126921,101.6621413387281,499.94633685230076,1.5033376406449308,7.883904901951138
2026-08-03 09:04:33,LOT_B,RCP_02,66.67453464714447,101.33150118416735,490.9583409706486,1.7607657148400397,8.121299557869428
2026-08-03 09:04:34,LOT_B,RCP_02,66.2586839219802,100.35402687334404,499.2369581586618,1.808474503798985,7.940095711141338
2026-08-03 09:04:35,LOT_B,RCP_02,65.3086772420452,100.32070427980148,499.3488040134696,1.6070804944936814,8.091371836259626
2026-08-03 09:04:36,LOT_B,RCP_02,64.38955423224418,101.29384035353534,508.38399500090173,1.7948287702448051,8.391444882800814
2026-08-03 09:04:37,LOT_B,RCP_02,64.11007082241326,101.18951634110682,494.17144834832175,1.8080628844485753,8.127164885754524
2026-08-03 09:04:38,LOT_B,RCP_02,65.95291436247109,101.24828994321268,498.4372895896032,1.4765987990910932,7.5566463652975795
2026-08-03 09:04:39,LOT_B,RCP_02,65.21019938011771,101.28600877173488,506.82341072217827,1.6627313010780749,8.11349890786174
2026-08-03 09:04:40,LOT_B,RCP_02,65.38411472271329,101.41277991975508,501.7999133653862,1.8610895840603203,8.308215935827253
2026-08-03 09:04:41,LOT_B,RCP_02,63.604331210420646,101.77382480492415,502.2532522940657,1.8580588094093615,7.944600957500474
2026-08-03 09:04:42,LOT_B,RCP_02,65.74195078524654,100.74444754954122,500.4583377480955,1.626948762540036,8.248908701529459
2026-08-03 09:04:43,LOT_B,RCP_02,65.36353627057149,100.7140142035496,501.31977415462904,1.8237672075749602,7.827471114712013
2026-08-03 09:04:44,LOT_B,RCP_02,64.11165545246841,100.7533380710563,503.11043812111416,1.953361083804071,7.628615210119431
2026-08-03 09:04:45,LOT_B,RCP_02,64.62278015404004,101.44445833358435,496.76205472442894,1.9165609438486348,8.03529225470816
2026-08-03 09:04:46,LOT_B,RCP_02,65.21097376348521,101.92247368932323,503.5122343156328,1.7857071319479099,7.560880819813422
2026-08-03 09:04:47,LOT_B,RCP_02,65.04197343868499,101.08433028088024,494.50798793245787,1.7298035530013562,7.940057246776602
2026-08-03 09:04:48,LOT_B,RCP_02,64.76626305135716,100.04915007792017,501.3134718913262,1.7055983273498243,8.321710565661375
2026-08-03 09:04:49,LOT_B,RCP_02,64.91720938554724,100.44800356869482,500.7149638531453,1.8701729674364487,7.52255927356343
2026-08-03 09:04:50,LOT_B,RCP_02,64.79841809743449,100.88348163860199,497.53482764723157,1.8292655959714332,7.680125801021526
2026-08-03 09:04:51,LOT_B,RCP_02,65.12205000968197,101.02113555625239,499.90925889869743,1.89441060091533,7.741991938709606
2026-08-03 09:04:52,LOT_B,RCP_02,66.17719357839452,101.09580568637263,497.5098393893378,1.8197810719681728,7.98417003507226
2026-08-03 09:04:53,LOT_B,RCP_02,62.946673247254964,101.31929056149046,495.71319469255303,1.9228145925521163,7.908570803588447
2026-08-03 09:04:54,LOT_B,RCP_02,64.81051978839226,101.14412683458877,498.58554103354544,1.814188879943655,8.349784095424022
2026-08-03 09:04:55,LOT_B,RCP_02,65.14120993709795,101.8246698052717,495.58404545851334,1.917703307419753,8.238587082272925
2026-08-03 09:04:56,LOT_B,RCP_02,65.23679519174968,100.96199134715931,501.29118985637297,1.930623415554996,8.123818236517149
2026-08-03 09:04:57,LOT_B,RCP_02,64.70246833494296,100.86884102026222,495.39965802339054,1.679321005466278,8.03640757858597
2026-08-03 09:04:58,LOT_B,RCP_02,63.59462257401714,101.53943776926023,502.8479080919642,1.5287783929693881,8.098307444246206
2026-08-03 09:04:59,LOT_B,RCP_02,65.26239638697129,100.53217896503693,495.2740837282847,2.031523928402183,7.784504411171656
2026-08-03 09:05:00,LOT_B,RCP_02,66.38188017133135,101.49484585265999,497.73482033767596,1.8384988096068393,8.214302588389153
2026-08-03 09:05:01,LOT_B,RCP_02,63.77291087606709,101.35127659186313,497.5015863671393,1.542827115675582,7.7219889364102
2026-08-03 09:05:02,LOT_B,RCP_02,65.69106241095855,101.22627875504091,505.30058691549937,1.6929270754171934,8.208844248475557
2026-08-03 09:05:03,LOT_B,RCP_02,64.73717982150168,102.09413805357462,501.3211597824664,1.9157811438554744,8.296535625529708
2026-08-03 09:05:04,LOT_B,RCP_02,64.95094052333693,100.98889627735264,499.1530647898224,1.758048475330066,8.052716150522022
2026-08-03 09:05:05,LOT_B,RCP_02,64.15768119143684,102.33014908526204,501.9948777642789,1.723190787102131,7.955946735259506
2026-08-03 09:05:06,LOT_B,RCP_02,64.7324350621153,101.18728427538595,491.57123061068125,2.010132279046945,8.100077477077418
2026-08-03 09:05:07,LOT_B,RCP_02,66.04003567575917,100.66149177751488,499.8274656414364,1.6429069280424284,7.284620407474832
2026-08-03 09:05:08,LOT_B,RCP_02,65.46612419359016,101.33495979049741,507.99005671121904,1.680276996336775,8.075564554621366
2026-08-03 09:05:09,LOT_B,RCP_02,66.38584928432796,100.76187739984061,500.5293860256107,1.8317079712572402,7.971661500540049
2026-08-03 09:05:10,LOT_B,RCP_02,65.94192951118215,100.92412207609324,500.2716526766773,1.8585682398080823,7.987342971735752
2026-08-03 09:05:11,LOT_B,RCP_02,65.35126934314366,101.49851665000774,502.1925135185688,1.8744514551511098,8.176633128224458
2026-08-03 09:05:12,LOT_B,RCP_02,66.39514762093424,101.57779104432505,503.5824209732574,1.936685706685342,7.981307769608818
2026-08-03 09:05:13,LOT_B,RCP_02,65.35119452699064,100.98891614987286,492.01013322844057,1.8297867931022276,7.7149482858372105
2026-08-03 09:05:14,LOT_B,RCP_02,65.66239054143765,101.7937025725232,493.2706940728359,1.8734075908407615,7.964649332293655
2026-08-03 09:05:15,LOT_B,RCP_02,64.76274323717223,101.87875387901056,500.8411651643446,1.7611186111027375,8.016888871020207
2026-08-03 09:05:16,LOT_B,RCP_02,65.05323665268736,102.01815087828165,497.14049375240995,1.8094047454855071,8.028733477895253
2026-08-03 09:05:17,LOT_B,RCP_02,64.44206094135978,101.56470670356286,505.2481010488797,1.8161301270080452,8.040479841821266
2026-08-03 09:05:18,LOT_B,RCP_02,65.79166714767588,101.98171435604284,498.7393024404591,1.8322647203728555,8.259842261229638
2026-08-03 09:05:19,LOT_B,RCP_02,64.0573571015081,100.35960078601296,492.2618770571475,1.915880971137414,7.7284913617414635
2026-08-03 09:05:20,LOT_B,RCP_02,65.62588027393413,101.14104672568577,494.927944332624,1.8832718522917247,8.043925114041212
2026-08-03 09:05:21,LOT_B,RCP_02,64.84747915399588,100.86649737183828,489.0012959214777,1.8066325504350276,8.32248242465456
2026-08-03 09:05:22,LOT_B,RCP_02,65.93699767477385,101.3596129305637,499.0634978508684,1.678631102258844,7.566347125765701
2026-08-03 09:05:23,LOT_B,RCP_02,65.60069519098501,101.01427539040162,499.24646349094246,1.8101506887094065,8.044911670195013
2026-08-03 09:05:24,LOT_B,RCP_02,66.45651692611744,101.21692107902513,498.30214916087243,1.7957973322656384,7.853655374506739
2026-08-03 09:05:25,LOT_B,RCP_02,65.58461975291091,102.24108744010202,504.315516156119,1.82897723697198,7.907322403881723
2026-08-03 09:05:26,LOT_B,RCP_02,63.742367795477406,101.21514010178981,504.7940793460668,2.1309787960710604,7.773798124196395
2026-08-03 09:05:27,LOT_B,RCP_02,64.94643746168144,101.5068961585951,499.31844630657554,1.7214340832188146,7.957612321074889
2026-08-03 09:05:28,LOT_B,RCP_02,64.06239424592415,101.18386533503788,491.4612253300926,1.863343352868804,8.460313903606727
2026-08-03 09:05:29,LOT_B,RCP_02,64.58537612610698,101.33785664397841,502.46912632196904,1.9602693100866448,7.683892409705696
2026-08-03 09:05:30,LOT_B,RCP_02,66.20898274662137,101.30300834021803,502.2214409140343,1.8147002871149074,7.707597499380293
2026-08-03 09:05:31,LOT_B,RCP_02,65.51002704871816,101.52416203298658,501.2375662806278,2.150676767875825,7.674516357459124
2026-08-03 09:05:32,LOT_B,RCP_02,64.440855657137,101.88265376777359,503.9259189972325,1.7432941062402785,8.431854571657025
2026-08-03 09:05:33,LOT_B,RCP_02,64.18902610684768,102.12369699880166,495.34068761415585,1.8486133833480072,7.884415073619678
2026-08-03 09:05:34,LOT_B,RCP_02,65.026225674301,101.45481004095458,508.0350215447406,1.6801791382660527,7.993590234913081
2026-08-03 09:05:35,LOT_B,RCP_02,64.0267518804951,101.5947734430178,496.16228898743253,1.747271289728506,7.89930426472344
2026-08-03 09:05:36,LOT_B,RCP_02,64.46308777808274,100.72456774540721,502.99689170880345,1.8373400865594987,7.763894280399227
2026-08-03 09:05:37,LOT_B,RCP_02,65.249607577241,101.25606162879218,493.2506092223466,1.9269456093461594,7.941212338346391
2026-08-03 09:05:38,LOT_B,RCP_02,65.92424962888536,101.77014473244179,496.2789412509198,1.8478642251035362,8.61456090143414
2026-08-03 09:05:39,LOT_B,RCP_02,65.48700917777956,101.73298431920857,506.06547458690136,1.9888672274002104,8.348017730243564
2026-08-03 09:05:40,LOT_B,RCP_02,63.16696839312152,101.40580486639752,498.9564007079966,1.7857552034110993,7.786765545551932
2026-08-03 09:05:41,LOT_B,RCP_02,65.2434933832242,101.74319697978397,503.3596904205312,1.7501747205241491,8.161893525765421
2026-08-03 09:05:42,LOT_B,RCP_02,65.05762685858606,101.5453833544969,500.947821554877,2.205597766091908,7.792119306833406
2026-08-03 09:05:43,LOT_B,RCP_02,65.33111222829815,101.90015312912966,499.5801673759993,1.8591356474163048,7.555908090288445
2026-08-03 09:05:44,LOT_B,RCP_02,66.29296774532096,101.44467957847856,505.45540129973074,1.692077768103218,8.254877729416158
2026-08-03 09:05:45,LOT_B,RCP_02,63.3494093785562,101.12215084221448,499.0533647013924,1.6958604356627898,8.290023211660888
2026-08-03 09:05:46,LOT_B,RCP_02,64.52711725984712,101.46792062846652,492.87704756974614,1.658598012820299,8.261513062761974
2026-08-03 09:05:47,LOT_B,RCP_02,65.47272505823469,99.83470281207362,496.78703963219317,1.9404854033785182,7.882533687695107
2026-08-03 09:05:48,LOT_B,RCP_02,63.734724480436846,101.49144286819252,502.2047669148068,1.7453434060660138,7.958306066499503
2026-08-03 09:05:49,LOT_B,RCP_02,66.1807592384428,99.4757935873926,501.58203642545004,1.819104371348473,8.18744138841453
2026-08-03 09:05:50,LOT_B,RCP_02,65.29468529016053,100.4382682962973,493.73176699905827,1.7904736988342598,8.097874009337026
2026-08-03 09:05:51,LOT_B,RCP_02,65.67726718867472,101.5258843004705,497.1026299223672,1.9097238611911402,7.901590632175739
2026-08-03 09:05:52,LOT_B,RCP_02,64.54324507078256,101.53876466863339,497.67311460319104,1.672988386067397,7.595232044970459
2026-08-03 09:05:53,LOT_B,RCP_02,65.65101095197296,100.71878560993004,498.5381216235431,1.6386641570785478,8.028468798535503
2026-08-03 09:05:54,LOT_B,RCP_02,65.85477724479124,100.94394897906052,494.4963456455938,1.8336445960772392,8.269752409809028
2026-08-03 09:05:55,LOT_B,RCP_02,65.18630241610974,101.98527049430706,497.4865155675221,1.8901438927049845,7.7006029277414605
2026-08-03 09:05:56,LOT_B,RCP_02,65.18752071415895,101.05798493421366,497.0855580589619,1.8498798469646462,8.159689845418994
2026-08-03 09:05:57,LOT_B,RCP_02,65.21627459142537,102.42146015620149,503.0861330390477,1.678581940635401,8.082885423783424
2026-08-03 09:05:58,LOT_B,RCP_02,64.30932378820849,101.29904007341183,503.236485243961,1.901622726313709,8.187537065808083
2026-08-03 09:05:59,LOT_B,RCP_02,64.88197705580772,101.50401808844063,499.41675816764473,1.688420860935655,8.217993874929752
2026-08-03 09:06:00,LOT_B,RCP_02,64.87798197403811,102.1084371992493,498.4318408165171,1.7217692032820426,7.826383689518662
2026-08-03 09:06:01,LOT_B,RCP_02,65.3067150914828,101.36551355809671,500.55969724815645,1.6584069712916998,7.595760149958764
2026-08-03 09:06:02,LOT_B,RCP_02,65.79985939752824,100.7988280096546,496.7336995701777,1.9951737522978046,7.86662011857928
2026-08-03 09:06:03,LOT_B,RCP_02,64.15317113441728,101.24513627415286,495.41267167133026,1.8950132311541024,8.222281829381751
2026-08-03 09:06:04,LOT_B,RCP_02,64.89999277574434,101.28219463190496,496.2391151642971,1.890749006351831,7.8644990241185075
2026-08-03 09:06:05,LOT_B,RCP_02,66.18516443812717,100.61762917389922,497.46074734411417,1.9870817131713676,7.8264891690355896
2026-08-03 09:06:06,LOT_B,RCP_02,64.40512941694995,101.17208396432959,495.3461048008309,2.2218973872358085,7.54466241451884
2026-08-03 09:06:07,LOT_B,RCP_02,64.34219998616774,100.92890395300128,500.6482382362515,1.5436160844134768,8.438161888637735
2026-08-03 09:06:08,LOT_B,RCP_02,65.16184495346495,101.76217887859372,502.9188626951348,1.6892435128684338,8.206428410356327
2026-08-03 09:06:09,LOT_B,RCP_02,65.67550815238826,101.31730593709263,493.651606796807,1.7075737373738216,8.192473995318691
2026-08-03 09:06:10,LOT_B,RCP_02,65.00914084444852,101.15860212542621,500.1005148448641,1.6723770566425962,8.241931346694868
2026-08-03 09:06:11,LOT_B,RCP_02,66.06316847234959,101.24690903468871,499.12025681893465,1.6383625128594432,8.14417709038585
2026-08-03 09:06:12,LOT_B,RCP_02,65.68543518605323,101.41156100920308,501.36603474214724,1.7550520403916952,7.938917786205118
2026-08-03 09:06:13,LOT_B,RCP_02,65.67345605351206,101.60840709984488,499.9482449275856,1.6175094427065893,7.95905897396945
2026-08-03 09:06:14,LOT_B,RCP_02,65.44329320105928,100.8001438856653,494.18560288027345,1.850256355130612,7.893108908851969
2026-08-03 09:06:15,LOT_B,RCP_02,66.86212248027687,100.77920618368937,494.95044280457137,1.8077547482142922,8.65868518860375
2026-08-03 09:06:16,LOT_B,RCP_02,64.83587064890716,101.85233960770127,500.1176943023399,1.8721542997145484,8.13897800782486
2026-08-03 09:06:17,LOT_B,RCP_02,63.39718216634679,101.09383156389764,504.11512367898206,1.876159267745738,7.884049889662141
2026-08-03 09:06:18,LOT_B,RCP_02,66.28340348921371,100.59157895370156,491.143250515828,1.8904510280140014,8.11637419354157
2026-08-03 09:06:19,LOT_B,RCP_02,64.63384045523453,101.52190635469155,501.3829063192063,1.7439886594764178,7.747282770535921
2026-08-03 09:06:20,LOT_B,RCP_02,65.08630435547443,101.53168490301634,504.7584880211506,2.11817151039505,8.376126679647307
2026-08-03 09:06:21,LOT_B,RCP_02,66.04764054788842,100.53464237137165,499.38789649517514,1.8351646674723148,7.834732726048215
2026-08-03 09:06:22,LOT_B,RCP_02,63.71819236715286,101.4147408577318,502.2008099841058,1.5206272871062807,8.125271358155617
2026-08-03 09:06:23,LOT_B,RCP_02,63.99868222871509,101.66779154621419,497.1877236764088,1.6496436381350674,8.266494407435784
2026-08-03 09:06:24,LOT_B,RCP_02,63.718977650304915,101.48719322585313,499.52253520289247,1.5389245516458276,8.096192136051249
2026-08-03 09:06:25,LOT_B,RCP_02,64.36469096797966,101.6159907418807,493.51634592676737,1.8026001943726961,8.023617497954909
2026-08-03 09:06:26,LOT_B,RCP_02,65.3517092848136,100.59786545095463,490.6226267663245,1.781729216392,8.002700521214004
2026-08-03 09:06:27,LOT_B,RCP_02,65.41935027425022,101.4655200774981,503.7710632049011,1.7297361453150815,7.9858897257782235
2026-08-03 09:06:28,LOT_B,RCP_02,65.22101934346284,101.14869012026477,496.0600202891022,2.101638916860077,7.855825377768125
2026-08-03 09:06:29,LOT_B,RCP_02,63.86978729288611,101.05860492063768,498.1778886199863,1.8823474311115367,7.887629142557574
2026-08-03 09:06:30,LOT_B,RCP_02,63.151917250693884,101.73527780470987,494.45423098691924,1.9089147542169502,8.369897593412734
2026-08-03 09:06:31,LOT_B,RCP_02,65.04348286831231,102.03963725533711,494.3601211876645,1.6603389768086845,7.97286584182871
2026-08-03 09:06:32,LOT_B,RCP_02,64.62257917308933,102.19718502730018,499.3046491996215,1.6501282663003483,7.803550932654307
2026-08-03 09:06:33,LOT_B,RCP_02,65.36750861737329,101.95740393575295,497.0816912234574,1.8055208248645433,7.870925600784623
2026-08-03 09:06:34,LOT_B,RCP_02,65.56156290097702,101.2451329091849,501.5118839919788,1.825951070947834,8.275092670174306
2026-08-03 09:06:35,LOT_B,RCP_02,65.11059314564694,101.47636008151316,501.81015367591834,1.5215532649328316,8.16890165829112
2026-08-03 09:06:36,LOT_B,RCP_02,65.60810646830069,101.68341143589213,501.2833985852984,1.7729539465725699,8.140082294558065
2026-08-03 09:06:37,LOT_B,RCP_02,65.18336909929205,101.36058897464973,500.9544031637138,1.8021108124310257,7.935619700272552
2026-08-03 09:06:38,LOT_B,RCP_02,65.42405176448118,101.36538209395577,506.31107281972754,1.7677276251343308,8.143340617543236
2026-08-03 09:06:39,LOT_B,RCP_02,64.4362613897041,101.71187656593808,495.72962492382044,1.6779914381479986,7.839109718762338
2026-08-03 09:06:40,LOT_C,RCP_03,64.85631086893483,101.27035867698703,499.78026053518835,1.719069722711829,7.935096492163557
2026-08-03 09:06:41,LOT_C,RCP_03,65.15742087732556,100.93535653181317,504.53075928207835,1.7734711209640805,8.242451121847937
2026-08-03 09:06:42,LOT_C,RCP_03,65.65642278033394,101.09276346708207,505.05815923735213,1.8136200035415073,8.218569419729766
2026-08-03 09:06:43,LOT_C,RCP_03,64.68500706222034,101.61695518886687,494.3129454026217,1.8907187373825853,7.754522538512299
2026-08-03 09:06:44,LOT_C,RCP_03,65.4169338045857,101.30149664559997,498.75057823337653,1.9621284307426308,7.786118386772856
2026-08-03 09:06:45,LOT_C,RCP_03,64.7873289664677,101.47010498843417,505.43248438346905,1.7558478414709127,8.027175538203352
2026-08-03 09:06:46,LOT_C,RCP_03,64.9059662661375,101.63503962110109,502.03231642079623,1.7315765705826964,8.431533093667378
2026-08-03 09:06:47,LOT_C,RCP_03,65.66361523361925,101.11257926855119,500.7810521259191,1.865648351030146,7.5211087088827515
2026-08-03 09:06:48,LOT_C,RCP_03,63.405551703156675,101.6781240818149,499.12926122626135,1.8916267374616282,8.069583234892626
2026-08-03 09:06:49,LOT_C,RCP_03,63.96282213754019,101.4894213017292,498.464796297169,1.7348699350111672,7.655989167106713
2026-08-03 09:06:50,LOT_C,RCP_03,63.81425168204574,100.68259345654425,501.1528762523613,1.918559021544926,7.841417251618614
2026-08-03 09:06:51,LOT_C,RCP_03,63.13310710412136,102.02115239559312,498.99050350006206,1.946937801173396,7.908892895483939
2026-08-03 09:06:52,LOT_C,RCP_03,64.45738844787586,101.04962762812154,499.82968551582223,1.993752969848801,7.894872914140778
2026-08-03 09:06:53,LOT_C,RCP_03,65.59954711978219,100.4724523284074,500.3143948244601,2.0667481360079734,7.866551015085198
2026-08-03 09:06:54,LOT_C,RCP_03,64.77209274689395,100.77747814520684,497.287713886026,1.6700375792010842,8.001801765094093
2026-08-03 09:06:55,LOT_C,RCP_03,65.15823206555348,100.78947741966084,502.1285174955257,1.8020847313998767,7.866186108342355
2026-08-03 09:06:56,LOT_C,RCP_03,65.87137399736864,101.32608665932877,511.6569785936617,1.801691654492799,7.634385653786461
2026-08-03 09:06:57,LOT_C,RCP_03,66.06214890581415,101.16307474722687,492.8920534426957,1.785288964720124,8.194967403130693
2026-08-03 09:06:58,LOT_C,RCP_03,64.94468965221908,101.1315840161797,501.2960500967599,1.7026105620584797,8.18821804178722
2026-08-03 09:06:59,LOT_C,RCP_03,66.08286871165552,101.60985098274124,496.9592396455244,1.5771656995153394,8.210793577505667
2026-08-03 09:07:00,LOT_C,RCP_03,65.07370132674728,101.46993768059635,502.309610310077,1.8139019169043507,7.614816375933979
2026-08-03 09:07:01,LOT_C,RCP_03,64.33008142093803,101.45802393532215,500.18622989331146,1.684746651067813,8.074729538146038
2026-08-03 09:07:02,LOT_C,RCP_03,64.52447971824101,101.50491422866435,503.04741909616985,1.8128990221121437,8.168994713951731
2026-08-03 09:07:03,LOT_C,RCP_03,63.815570789947984,101.60806733400112,504.7020263060351,1.680893468745172,7.742199482890104
2026-08-03 09:07:04,LOT_C,RCP_03,64.28949291701308,100.24602332911128,500.7696844710727,1.6350512481233488,8.002293312045532
2026-08-03 09:07:05,LOT_C,RCP_03,64.71358664954046,101.11778087386777,504.5282091536567,1.8351447540565347,7.970933338672409
2026-08-03 09:07:06,LOT_C,RCP_03,65.64286801550288,100.20989496775526,490.6228084248453,1.8226382290209744,8.460537664642066
2026-08-03 09:07:07,LOT_C,RCP_03,66.37661586493279,101.3180299633989,506.36180919166407,1.88689229569814,8.481124009253143
2026-08-03 09:07:08,LOT_C,RCP_03,63.894254787698365,101.29768351388782,501.50024860756935,2.127879564962644,7.5839109016674495
2026-08-03 09:07:09,LOT_C,RCP_03,65.31426197460793,101.82276613739484,504.31137342298075,1.841593429681627,8.623481751431997
2026-08-03 09:07:10,LOT_C,RCP_03,64.16756484867398,101.89381719636056,495.12049702063393,1.8727622650596194,7.771193569711669
2026-08-03 09:07:11,LOT_C,RCP_03,65.37975767077056,101.40138752412618,496.67692047357866,1.6383658006699013,8.245168323581856
2026-08-03 09:07:12,LOT_C,RCP_03,64.89513067944982,101.04981946130155,500.5837531765791,1.606963883919544,8.242624495215933
2026-08-03 09:07:13,LOT_C,RCP_03,63.53527533932198,101.54258055627287,499.93184844265016,2.037424417016,7.751077443289549
2026-08-03 09:07:14,LOT_C,RCP_03,65.74263759325478,101.03604118133784,501.13227435204,1.6614780330100045,8.123316948459776
2026-08-03 09:07:15,LOT_C,RCP_03,64.51599942975301,101.29930367427832,504.33806064371987,1.6434083892797038,7.973116563933484
2026-08-03 09:07:16,LOT_C,RCP_03,64.57287980930116,101.79306815848038,492.9391187387886,1.7941351618175172,8.138582501158098
2026-08-03 09:07:17,LOT_C,RCP_03,64.14419807096824,101.02111432700528,503.89527628686926,1.7864711379933917,8.057668075595156
2026-08-03 09:07:18,LOT_C,RCP_03,64.47657337864996,101.70283931962125,500.0331276398317,1.6646240240335062,8.299084871342561
2026-08-03 09:07:19,LOT_C,RCP_03,65.34231235255594,101.63870068434615,499.1848725555018,1.754254017193035,8.018849885786516
2026-08-03 09:07:20,LOT_C,RCP_03,64.84860452725087,100.82260409143458,494.1155390624604,1.9844063576475157,7.958031482643422
2026-08-03 09:07:21,LOT_C,RCP_03,65.26292960182599,101.7869470641087,502.01219467350745,1.6791009586752303,8.274016058264294
2026-08-03 09:07:22,LOT_C,RCP_03,65.28953748314308,101.64928317268576,490.34356859587587,1.5909491273450742,8.14509899121465
2026-08-03 09:07:23,LOT_C,RCP_03,66.05652932442253,101.35096294368633,502.59357604495483,1.941389043134969,8.182953348580222
2026-08-03 09:07:24,LOT_C,RCP_03,64.7257710793085,100.91883827098617,494.031576658108,1.8738445367907055,7.833853331935351
2026-08-03 09:07:25,LOT_C,RCP_03,63.818513746523415,100.87039699071221,500.2138316504699,1.7069222069027008,7.7386843046503815
2026-08-03 09:07:26,LOT_C,RCP_03,65.85377793325759,101.03116871154849,499.5233246506883,1.5626749475809625,7.8580694641868245
2026-08-03 09:07:27,LOT_C,RCP_03,64.73480946232219,101.57129723164597,504.6781525891755,1.6883064965342156,7.844794653579853
2026-08-03 09:07:28,LOT_C,RCP_03,65.8916739556619,100.8221874162993,499.2853793239444,1.7917943344726093,8.196549817163229
2026-08-03 09:07:29,LOT_C,RCP_03,65.30670169054598,101.51875612430993,497.22344575541734,1.9748508134825729,8.243996012573513
2026-08-03 09:07:30,LOT_C,RCP_03,64.89508997583732,100.6791222355608,497.9735892161152,1.6445127037695515,7.9612174276169
2026-08-03 09:07:31,LOT_C,RCP_03,65.27902071523704,101.19796570778057,505.0915310750187,1.787322017773279,8.357729754706089
2026-08-03 09:07:32,LOT_C,RCP_03,66.56081004810105,101.354823877287,502.1451878767236,1.9012716989842346,8.342117348441283
2026-08-03 09:07:33,LOT_C,RCP_03,66.661584423243,102.52256507252946,498.45748007390733,1.442809898981712,8.060849729100134
2026-08-03 09:07:34,LOT_C,RCP_03,65.05550490810623,100.61134217223982,499.05421432014197,1.955067925190835,7.79452705711424
2026-08-03 09:07:35,LOT_C,RCP_03,65.12815247465366,102.03600728324507,493.7312916376582,1.6226324141690345,8.393844162358885
2026-08-03 09:07:36,LOT_C,RCP_03,65.86099212597311,101.37492120699363,501.5538968034062,1.8497993240185402,7.984745662242898
2026-08-03 09:07:37,LOT_C,RCP_03,64.32347117378612,101.50558595900797,492.96073716921813,1.8370024724416116,8.031541299107744
2026-08-03 09:07:38,LOT_C,RCP_03,65.26645629809461,101.3591739566941,503.0071858633418,1.9626879587195767,7.9150987435983575
2026-08-03 09:07:39,LOT_C,RCP_03,64.97930972163691,101.52236340909761,500.5144863699651,1.882638657134031,7.7775524184257
2026-08-03 09:07:40,LOT_C,RCP_03,65.25112656916605,101.22315744781899,509.5478071982957,1.4434064262405029,7.632840142421177
2026-08-03 09:07:41,LOT_C,RCP_03,64.33330495524048,102.02702509072873,495.5994577851028,1.6822831129266014,8.158217080889322
2026-08-03 09:07:42,LOT_C,RCP_03,63.728346005352826,101.07176442788763,499.5893516358375,1.8207307694029922,7.8041497365258445
2026-08-03 09:07:43,LOT_C,RCP_03,63.341613251206965,101.86611728608962,507.1931508036923,1.770753017082032,8.764882807249206
2026-08-03 09:07:44,LOT_C,RCP_03,64.10609270960832,100.97781643989349,504.7655585611657,1.8716416094635155,7.7284816043468805
2026-08-03 09:07:45,LOT_C,RCP_03,64.63305977204854,101.26987407679935,497.2151517936804,1.918404983350456,7.685654381254658
2026-08-03 09:07:46,LOT_C,RCP_03,64.76544673068099,100.76401872385489,500.89586971349377,1.8912677604644519,8.127534678903361
2026-08-03 09:07:47,LOT_C,RCP_03,66.54978492994361,101.52751186017376,500.00799742566034,1.7678587586168302,8.382328369741824
2026-08-03 09:07:48,LOT_C,RCP_03,65.88479469592583,102.02256297846327,501.12782346957664,1.523049448331928,8.016147414235805
2026-08-03 09:07:49,LOT_C,RCP_03,64.2303271069267,101.26132191008956,497.2052782560607,1.7316778126717773,8.143060605046818
2026-08-03 09:07:50,LOT_C,RCP_03,65.27816676196076,101.20155715064804,499.64271838919706,1.8624552222208433,7.539113145635323
2026-08-03 09:07:51,LOT_C,RCP_03,64.67433741091973,100.74269151846603,493.60779049889317,1.6364329121174284,7.830622113577058
2026-08-03 09:07:52,LOT_C,RCP_03,64.77250892956792,101.18535367322384,500.54049380747233,1.8946912095182364,7.731596067715608
2026-08-03 09:07:53,LOT_C,RCP_03,65.1482605195323,100.50360287013923,501.80008269368733,1.9362589945900957,7.52623853751303
2026-08-03 09:07:54,LOT_C,RCP_03,65.49533689358032,100.84356100664058,499.09032234942447,1.8190300464443765,8.029245058505971
2026-08-03 09:07:55,LOT_C,RCP_03,64.72859321289279,101.41339302305457,493.53979643766087,1.3404330200531407,7.439293094597391
2026-08-03 09:07:56,LOT_C,RCP_03,65.85108122618749,101.95950659887069,503.95412745140584,1.6082867455932295,7.669451008478138
2026-08-03 09:07:57,LOT_C,RCP_03,64.08644941908608,102.70460543061475,501.4581001519712,2.082928373783412,7.865701551496645
2026-08-03 09:07:58,LOT_C,RCP_03,65.00507124988981,101.00670745746454,497.0959396091961,1.7180193310457434,7.792178541012231
2026-08-03 09:07:59,LOT_C,RCP_03,67.07813898127667,102.01765007832272,498.87759821264774,1.5023785165306507,8.099102125551767
2026-08-03 09:08:00,LOT_C,RCP_03,65.17846379410022,101.42187624020082,493.99732238887265,1.9852871082465409,8.07639504797562
2026-08-03 09:08:01,LOT_C,RCP_03,66.14657160528493,101.2243761766268,495.8983594888884,1.802003338731551,8.223449686483864
2026-08-03 09:08:02,LOT_C,RCP_03,65.07321614253857,101.51629722586307,497.8487546145714,1.9657410733436589,8.18809593317817
2026-08-03 09:08:03,LOT_C,RCP_03,65.46462167626383,101.33095824183998,504.9136832491206,1.8415438012829048,8.285203197340346
2026-08-03 09:08:04,LOT_C,RCP_03,64.95457344448585,101.35519786280611,497.4419864364501,1.8687838704318254,7.999520399997737
2026-08-03 09:08:05,LOT_C,RCP_03,64.86367393506863,101.09583341858666,502.56085463731506,1.8544513871571775,8.075866725204168
2026-08-03 09:08:06,LOT_C,RCP_03,64.37641408261966,100.60094517010057,497.8467351885537,1.90462324678815,8.127878425479798
2026-08-03 09:08:07,LOT_C,RCP_03,65.34424108716604,100.52818739873895,500.9917902434075,2.1416145672834146,8.035414174347757
2026-08-03 09:08:08,LOT_C,RCP_03,64.31877024865139,101.6266224416406,499.43441799142477,1.9456509503938784,7.900701422520732
2026-08-03 09:08:09,LOT_C,RCP_03,65.53246818905075,101.16164995495714,503.49222640037095,1.5629491023231699,7.916889366415058
2026-08-03 09:08:10,LOT_C,RCP_03,65.86822960355673,101.00195555017191,497.86075464712576,1.8669992272918357,7.795610400417509
2026-08-03 09:08:11,LOT_C,RCP_03,65.29322512578979,101.30425281336157,493.70988699999026,1.9712221152154827,8.105404207477457
2026-08-03 09:08:12,LOT_C,RCP_03,64.77100101315544,101.69746612645781,494.47220387454547,1.9804051209804219,7.9764962064787115
2026-08-03 09:08:13,LOT_C,RCP_03,65.36317246344696,101.3901819715132,497.87249002422897,1.736009252541135,7.834206562340809
2026-08-03 09:08:14,LOT_C,RCP_03,64.75306155556287,100.97197253167951,495.0037601172878,1.9747416667782192,7.834438795168852
2026-08-03 09:08:15,LOT_C,RCP_03,65.74843770037212,101.91314647782447,501.6408480627182,1.939161359932681,7.697400318054303
2026-08-03 09:08:16,LOT_C,RCP_03,63.5348751326279,102.08959275149081,498.1369273405677,2.1858776155454596,8.2447103353093
2026-08-03 09:08:17,LOT_C,RCP_03,64.73151410550508,101.54727832766143,509.4984262001057,1.6874997395627234,8.019654417382947
2026-08-03 09:08:18,LOT_C,RCP_03,63.4073504039008,101.78683175567204,493.04914161945146,1.7238899135399364,7.784299995106682
2026-08-03 09:08:19,LOT_C,RCP_03,63.80395133581823,101.9209799984069,500.81453271483923,1.754082142731007,8.202136937400505
2026-08-03 09:08:20,LOT_C,RCP_03,66.09108978385113,101.86504965820225,495.4881879059773,1.7264666774941837,7.859887797551407
2026-08-03 09:08:21,LOT_C,RCP_03,65.71614798557735,101.60704958855631,498.0263946384693,1.6664968875354595,7.648374843246942
2026-08-03 09:08:22,LOT_C,RCP_03,64.42441581337216,101.59917352353744,500.5656778933622,1.3855986741489386,8.255305572304783
2026-08-03 09:08:23,LOT_C,RCP_03,63.79799723516728,101.55983028667325,490.6985145005028,1.7347950789415298,7.865725752608472
2026-08-03 09:08:24,LOT_C,RCP_03,62.62837692972668,100.75133116272647,500.9473044671521,1.8554037089549857,7.897775227447803
2026-08-03 09:08:25,LOT_C,RCP_03,64.56520359365389,101.6503615784298,507.6116298490967,1.7260167231741135,8.010295005087295
2026-08-03 09:08:26,LOT_C,RCP_03,66.93633200979792,100.62209301443671,498.1862468065256,2.0903071775293665,8.285647305697529
2026-08-03 09:08:27,LOT_C,RCP_03,65.34790741717092,100.90270027243747,501.03923142722203,1.8020063719073793,8.005009322716578
2026-08-03 09:08:28,LOT_C,RCP_03,64.5523421711604,101.95178253390404,504.09968677250157,1.9936543582776203,7.700220718463693
2026-08-03 09:08:29,LOT_C,RCP_03,65.37206416760024,101.7201100813471,499.34418599989203,1.8392130619094953,8.135969251028046
2026-08-03 09:08:30,LOT_C,RCP_03,63.751233317604445,102.04369914484293,497.6761592458741,1.9239610964839888,7.878752568934569
2026-08-03 09:08:31,LOT_C,RCP_03,64.7621413098419,101.16416280815635,490.897054385113,1.8418862330900343,8.471980992882367
2026-08-03 09:08:32,LOT_C,RCP_03,65.07958197841259,100.72387557936162,502.5639628775799,2.0053176947855347,7.999720069500527
2026-08-03 09:08:33,LOT_C,RCP_03,64.93111947854317,101.17978140146482,499.5473263610844,1.8083909025198601,7.441241125525334
2026-08-03 09:08:34,LOT_C,RCP_03,65.63264489735207,101.35101564862029,495.94926459444736,1.8744181062133178,8.089341243038918
2026-08-03 09:08:35,LOT_C,RCP_03,65.27571618098884,101.33949435817,500.5063868411108,1.8549499400475067,8.486149448065056
2026-08-03 09:08:36,LOT_C,RCP_03,65.5346608144864,101.86684023937835,497.66527857277526,1.7567571812809022,8.393980072136348
2026-08-03 09:08:37,LOT_C,RCP_03,64.44930217421539,101.11936478749827,497.8862954755379,1.8607473478387015,8.457738572189141
2026-08-03 09:08:38,LOT_C,RCP_03,65.71825232672843,101.47601723590147,502.42516462443484,2.1351579369296525,7.745059953654634
2026-08-03 09:08:39,LOT_C,RCP_03,66.3031495580992,100.8056864252827,494.6464703547046,1.7594404586856838,8.228038098994194
2026-08-03 09:08:40,LOT_C,RCP_03,64.22388038427887,101.52515863902191,504.189261144295,1.8629197339279873,7.819501365065822
2026-08-03 09:08:41,LOT_C,RCP_03,64.28984347542836,101.30155427509281,494.40925534752637,1.9886668426304164,8.056072349854231
2026-08-03 09:08:42,LOT_C,RCP_03,66.06862746905618,100.92509333085773,497.34919436657896,1.971037992141642,7.681761892815067
2026-08-03 09:08:43,LOT_C,RCP_03,64.84692481064396,101.18208531891257,507.69178477626633,1.801757462657905,7.8388860587793205
2026-08-03 09:08:44,LOT_C,RCP_03,66.12305711365325,101.20791212674239,504.5094190465697,1.442491694556396,7.830938325659096
2026-08-03 09:08:45,LOT_C,RCP_03,64.64597143048626,101.16492243533145,500.39041596998175,1.87750542279727,8.224638820035654
2026-08-03 09:08:46,LOT_C,RCP_03,66.16403646101656,102.18567062113384,496.23787913799515,1.4670788612065422,8.200179780417415
2026-08-03 09:08:47,LOT_C,RCP_03,65.10518865344436,101.25077699884606,497.8829107732004,2.020490584641185,8.069204932332704
2026-08-03 09:08:48,LOT_C,RCP_03,65.20658305865815,101.17805194491133,500.2931012583428,1.8254210806789892,7.662394645486153
2026-08-03 09:08:49,LOT_C,RCP_03,66.25177441733592,100.25127452119493,500.1500929293584,1.9499511029807983,7.92209014151257
2026-08-03 09:08:50,LOT_C,RCP_03,64.71058361804467,100.85289632401026,499.63651628149614,1.6646833292728425,7.813470879264319
2026-08-03 09:08:51,LOT_C,RCP_03,64.24710232326004,101.16846328777181,499.8766699436633,1.567123879004992,8.217418939173623
2026-08-03 09:08:52,LOT_C,RCP_03,64.64114863357732,100.95707366191168,499.14249956117953,1.8391131576211752,8.294546213204296
2026-08-03 09:08:53,LOT_C,RCP_03,65.3618671605145,101.9908537966889,494.23208505744,1.7949594840065788,8.264096396507721
2026-08-03 09:08:54,LOT_C,RCP_03,63.74739274225559,101.21753111230188,497.93395703135667,1.726268876076425,7.811195145145745
2026-08-03 09:08:55,LOT_C,RCP_03,65.5099767221209,101.94422212465912,503.65849621594737,1.8126991921099147,7.31511671942763
2026-08-03 09:08:56,LOT_C,RCP_03,64.5689829459058,101.33085231702518,494.52666280979554,2.215115383804839,7.558259525467486
2026-08-03 09:08:57,LOT_C,RCP_03,65.91825012858685,101.31861391821079,499.24177795384287,1.9251788321053587,8.355406744520552
2026-08-03 09:08:58,LOT_C,RCP_03,63.084591756079625,101.25560177614375,496.7209842849166,1.957424790879498,7.899686265170044
2026-08-03 09:08:59,LOT_C,RCP_03,64.37074737991666,101.30189812581072,500.44540171759246,1.9265905337330034,7.812318845433722
2026-08-03 09:09:00,LOT_C,RCP_03,63.65082547901272,102.15939750152492,498.4454672757327,2.021919321577829,8.410665073359059
2026-08-03 09:09:01,LOT_C,RCP_03,64.33901642690884,100.14019463662439,505.9095746598987,1.7714892490648884,8.316289986372082
2026-08-03 09:09:02,LOT_C,RCP_03,65.19813272088716,100.29922712778065,502.026332616761,1.491785803848706,8.006112180479947
2026-08-03 09:09:03,LOT_C,RCP_03,64.8566186996402,101.02841458447195,494.7527873368912,1.7717120800490986,7.926649227234006
2026-08-03 09:09:04,LOT_C,RCP_03,64.79729794484159,101.30726394096878,502.68491204645477,1.9217603564994754,7.9669746967967185
2026-08-03 09:09:05,LOT_C,RCP_03,64.87265210289596,101.645052212382,496.9013925749517,1.654529940732739,8.056790699596867
2026-08-03 09:09:06,LOT_C,RCP_03,65.16271059249596,101.53654359901374,497.69201451448987,1.7735451074266004,8.400011820329903
2026-08-03 09:09:07,LOT_C,RCP_03,64.19317116644551,101.10787704355971,501.2552760804285,1.6962345385496531,8.105616856059306
2026-08-03 09:09:08,LOT_C,RCP_03,65.56547971271924,101.80952184662088,498.0330103210795,2.02530438777647,8.181507258259785
2026-08-03 09:09:09,LOT_C,RCP_03,65.53013277630839,101.81509770157636,503.5714232652918,1.9124185523109847,8.292317527267542
2026-08-03 09:09:10,LOT_C,RCP_03,65.30803035012488,101.39202891563578,496.9019597539464,1.8977310930965938,7.707580999743895
2026-08-03 09:09:11,LOT_C,RCP_03,65.44522675420102,101.78132878624342,497.52421378963453,1.8932401969681458,8.18871547311851
2026-08-03 09:09:12,LOT_C,RCP_03,65.23713440064692,101.43632263171607,497.37451642580754,1.794412612117181,7.926357811334597
2026-08-03 09:09:13,LOT_C,RCP_03,66.62805864218485,101.01925848660855,497.73744500657983,1.8296334423791256,7.370976201056808
2026-08-03 09:09:14,LOT_C,RCP_03,64.93032466315799,101.6489084195,504.3967662221913,1.6222223129201525,7.467957614503547
2026-08-03 09:09:15,LOT_C,RCP_03,64.75433342533233,101.35530656128934,502.5151851744412,1.4720337031874149,7.745470597120328
2026-08-03 09:09:16,LOT_C,RCP_03,64.3971779357141,101.30066992337724,506.8397758160483,1.8225121695517537,8.132805807148145
2026-08-03 09:09:17,LOT_C,RCP_03,64.17418986353773,102.03647678609478,509.070576815597,1.8485985384408217,8.028449891335073
2026-08-03 09:09:18,LOT_C,RCP_03,64.00442256991914,100.07456393572996,495.87713187227064,1.9813896852638067,8.046091676793916
2026-08-03 09:09:19,LOT_C,RCP_03,64.28896214941527,100.59115791492022,500.28167650930914,2.035700372412355,8.487735870671672
2026-08-03 09:09:20,LOT_C,RCP_03,64.94345569467835,100.70646478681282,495.2951987334263,2.035499772749842,7.682727596285047
2026-08-03 09:09:21,LOT_C,RCP_03,65.26743610279817,101.1183696762156,496.8895762890069,1.6502964610059183,7.993141661454069
2026-08-03 09:09:22,LOT_C,RCP_03,65.04091364684173,101.17269591511698,497.4796699589773,1.7471602447575347,8.076108880703455
2026-08-03 09:09:23,LOT_C,RCP_03,64.38757177805623,100.54633717611347,495.7713805034469,1.872050144382207,7.815931720865416
2026-08-03 09:09:24,LOT_C,RCP_03,65.72014765121597,100.80742098384458,495.79245090840635,2.1797857016613267,8.007081686270736
2026-08-03 09:09:25,LOT_C,RCP_03,65.59153013784076,100.86957916073821,499.422862485919,2.0220148805570872,7.600012666478913
2026-08-03 09:09:26,LOT_C,RCP_03,64.87228135406238,102.52871204603794,495.1331263264544,1.967909574299757,8.352476554318757
2026-08-03 09:09:27,LOT_C,RCP_03,64.47766708426823,102.20087097387358,503.3685078365505,1.7418318066676064,7.829596361867392
2026-08-03 09:09:28,LOT_C,RCP_03,65.43874233666384,101.09412529115767,496.32898585032996,1.6675200553267313,8.507850041194626
2026-08-03 09:09:29,LOT_C,RCP_03,65.15037886998888,101.1182083548466,511.2382758803856,1.918336182507486,7.991881419020636
2026-08-03 09:09:30,LOT_C,RCP_03,63.84149819246796,100.72539800140585,498.1944621961424,1.6349008103648461,8.257013391349796
2026-08-03 09:09:31,LOT_C,RCP_03,64.94561579521248,100.34593479338736,500.2880705676682,1.7642345473529546,7.986674282752212
2026-08-03 09:09:32,LOT_C,RCP_03,65.2096286496595,101.24155990679573,494.81863526213584,1.7827833076497117,7.9923140419348675
2026-08-03 09:09:33,LOT_C,RCP_03,64.2802441708098,100.80107400837798,506.82436703251057,2.038936813368421,7.853992666694498
2026-08-03 09:09:34,LOT_C,RCP_03,65.15187471426995,101.257574734169,504.47800272321166,1.7467954045560483,8.029780982341569
2026-08-03 09:09:35,LOT_C,RCP_03,63.83614201179377,100.49989707547826,501.18766348294446,1.4341125542141078,8.079499673603513
2026-08-03 09:09:36,LOT_C,RCP_03,66.06894888000974,100.91901277084487,494.61278980488174,1.8756666971493703,7.803935372771205
2026-08-03 09:09:37,LOT_C,RCP_03,65.99835998804754,101.37431354765141,500.8426675108985,1.6951467220344112,7.968738896035029
2026-08-03 09:09:38,LOT_C,RCP_03,64.79798613255763,101.48310479889197,495.514275815931,1.806394653665662,7.847475283485721
2026-08-03 09:09:39,LOT_C,RCP_03,65.29076347027126,101.50873597937101,505.8494210538934,1.7869942948736814,8.57491601740371
2026-08-03 09:09:40,LOT_C,RCP_03,63.0720624273601,100.63975550792148,503.2367789274127,1.7589444006273347,7.977567307522095
2026-08-03 09:09:41,LOT_C,RCP_03,64.07492187178774,101.72734286506778,500.38175615395096,1.9185510872677056,8.38630803792414
2026-08-03 09:09:42,LOT_C,RCP_03,64.7649768638783,100.89989415169907,490.2544973470107,1.570070268247094,7.951094417298078
2026-08-03 09:09:43,LOT_C,RCP_03,64.14229358285851,101.61642895730365,496.0663360853639,1.722447866256846,8.064821910383728
2026-08-03 09:09:44,LOT_C,RCP_03,65.57151718610453,101.2946806616909,502.7510445263995,1.9026056869676071,7.6696589820886825
2026-08-03 09:09:45,LOT_C,RCP_03,66.5978372245984,100.61180625046103,504.8515347668926,1.7078872836983447,7.888231852033034
2026-08-03 09:09:46,LOT_C,RCP_03,64.05870822445655,101.1419011477094,504.43667924596855,1.5586789936095042,8.052633667697311
2026-08-03 09:09:47,LOT_C,RCP_03,64.33002927673185,101.48268187103189,493.63194799103417,1.9002833014885103,8.396500957739967
2026-08-03 09:09:48,LOT_C,RCP_03,65.18835869464795,101.6064826902373,501.20620922725163,1.968464194566231,8.055495694419069
2026-08-03 09:09:49,LOT_C,RCP_03,66.2888929187997,101.22950605127778,504.0620608659317,1.7932507188535491,8.34593009029825
2026-08-03 09:09:50,LOT_C,RCP_03,64.02210054996807,102.06588944530053,493.366657737671,1.5058731602295703,8.16018227755073
2026-08-03 09:09:51,LOT_C,RCP_03,65.19922889784556,101.80375538549328,499.96838193850704,1.9058954620048225,8.40685033486617
2026-08-03 09:09:52,LOT_C,RCP_03,66.45703908065049,101.17167294180013,501.09536959323384,1.551016817787047,7.985239445673736
2026-08-03 09:09:53,LOT_C,RCP_03,63.678592681456585,101.67506090606847,498.7969416606131,1.846319891527225,8.597555677662951
2026-08-03 09:09:54,LOT_C,RCP_03,63.97514463452333,102.26689674259408,492.5913525783952,1.666880426288676,7.878650949271469
2026-08-03 09:09:55,LOT_C,RCP_03,64.66111471483133,102.2802423003915,498.6972075597051,1.6260241071349553,7.808384541450582
2026-08-03 09:09:56,LOT_C,RCP_03,64.58352926971567,100.68600005958875,498.6907782789799,1.7337134974380466,7.697486787577741
2026-08-03 09:09:57,LOT_C,RCP_03,65.65008103020291,100.83673344442143,499.407710381809,1.7725053665359112,8.582756167889517
2026-08-03 09:09:58,LOT_C,RCP_03,65.19332777585667,102.04245939336693,497.74611429829974,1.7033687624420328,8.204861893154474
2026-08-03 09:09:59,LOT_C,RCP_03,63.5800303522863,100.77085947458117,498.2279513870341,1.8883054917322726,7.9164698166549226
