timestamp,time_s,speed_mps,accel_mps2,throttle_pct
2026-08-03 09:00:02.900,2.9000000000000004,0.1077052507519706,2.170229331147911,66.49566757304387
2026-08-03 09:00:05.600,5.6000000000000005,0.0,1.8105930232542733,56.29660465111967
2026-08-03 09:00:08.200,8.200000000000001,0.1692365383587334,1.500365438357726,47.81331612004681
2026-08-03 09:00:08.400,8.4,0.2210400886027405,2.430814342684635,73.92804970149307
2026-08-03 09:00:08.500,8.5,0.7717431201963955,2.2838844097842577,70.47485521819489
2026-08-03 09:00:08.700,8.700000000000001,0.9131235296819232,2.527411067485341,77.46325812520786
2026-08-03 09:00:08.800,8.8,1.1601866647264782,1.8062319504913629,57.566718611429934
2026-08-03 09:00:09.200,9.2,1.4541754219889629,1.5387834985558322,50.43094846595005
2026-08-03 09:00:09.500,9.5,1.5882218818942284,1.7981199465677022,57.853224762168736
2026-08-03 09:00:09.600,9.6,1.7493250969114014,1.954350800641121,62.42101253424507
2026-08-03 09:00:09.700,9.7,1.9606882930996308,3.467633652763231,100.0
2026-08-03 09:00:10.000,10.0,2.5054593614901526,4.048770273909551,100.0
2026-08-03 09:00:10.700,10.7,3.425241731024861,3.492931764912252,100.0
2026-08-03 09:00:11.000,11.0,4.008605910886465,3.608142461476416,100.0
2026-08-03 09:00:11.300,11.3,3.9284855364028872,1.9342378880811024,64.47284350995434
2026-08-03 09:00:11.400,11.4,4.438032376928469,2.320301186505453,75.89407207446686
2026-08-03 09:00:11.600,11.6,4.738169052838678,1.995441866472969,67.15817512464955
2026-08-03 09:00:11.700,11.7,4.815463036380862,2.97851628929221,94.77701174383893
2026-08-03 09:00:12.000,12.0,4.944125626844534,1.8640741213798075,63.72702615084805
2026-08-03 09:00:12.100,12.1,5.374818908739081,2.892293465219358,93.03399971662893
2026-08-03 09:00:12.200,12.2,5.514999170992943,2.8240693402345896,91.29194053176003
2026-08-03 09:00:12.300,12.3,5.92979689381011,2.1428293625887807,72.71497842505799
2026-08-03 09:00:12.500,12.5,5.939217764787378,2.0415069663595022,69.88925637581092
2026-08-03 09:00:12.800,12.8,6.080062116812564,1.6271779344797372,58.45705670560772
2026-08-03 09:00:12.900,12.9,6.13835601464862,1.737891034967233,61.62697619666086
2026-08-03 09:00:13.100,13.1,6.285828463110924,2.6055339432530085,86.09794456681735
2026-08-03 09:00:13.200,13.2,6.918787736703603,2.683035983784293,89.02755283000454
2026-08-03 09:00:13.500,13.5,6.896105229698115,3.5302330592678737,100.0
2026-08-03 09:00:13.600,13.6,7.358378461862551,3.735468419412703,100.0
2026-08-03 09:00:13.700,13.7,7.619531641973597,3.337088743783257,100.0
2026-08-03 09:00:13.800,13.8,8.039182722922948,3.991351309350277,100.0
2026-08-03 09:00:14.200,14.2,7.526988429817175,2.955389939414195,97.38330441937808
2026-08-03 09:00:14.300,14.3,8.25692786558596,2.961112588260934,98.41946591000932
2026-08-03 09:00:14.600,14.6,8.42697580023505,1.5786884579757603,59.91564778360335
2026-08-03 09:00:14.700,14.7,8.674802278395905,3.462707622904348,100.0
2026-08-03 09:00:14.800,14.8,9.106495057696913,1.5576242972389895,60.14127439192801
2026-08-03 09:00:15.200,15.2,8.941329263823912,1.999840035239476,72.32511610329402
2026-08-03 09:00:15.300,15.3,9.368423022731667,3.6195411097646177,100.0
2026-08-03 09:00:15.400,15.4,9.60655436229542,3.9525193996540655,100.0
2026-08-03 09:00:15.500,15.5,10.191982478394973,1.706713088342828,65.61834544767315
2026-08-03 09:00:16.000,16.0,10.158720809441908,1.8562049148281587,69.76420258651873
2026-08-03 09:00:16.100,16.1,10.348693483866064,5.341469140109311,100.0
2026-08-03 09:00:16.600,16.6,11.412893253218565,2.781212173966274,97.16941277491794
2026-08-03 09:00:17.000,17.0,11.536303076142651,1.884917125677412,72.22124321033871
2026-08-03 09:00:17.400,17.400000000000002,11.900515606420097,2.93819674345544,100.0
2026-08-03 09:00:17.500,17.5,12.39314697943053,4.898500363945669,100.0
2026-08-03 09:00:17.900,17.900000000000002,12.941456534900638,3.253036103568322,100.0
2026-08-03 09:00:18.200,18.2,13.157268192291566,2.4605440950771693,90.28395649291062
2026-08-03 09:00:18.300,18.3,13.666572177514972,2.3570345646607955,87.99685442352025
2026-08-03 09:00:18.400,18.4,13.627189109615406,1.850081589493597,73.7549114373592
2026-08-03 09:00:18.800,18.8,13.697960200188584,4.972635590933452,100.0
2026-08-03 09:00:18.900,18.9,14.582731983057815,5.131577139225916,100.0
2026-08-03 09:00:19.200,19.200000000000003,14.464203169716008,3.446596252255885,100.0
2026-08-03 09:00:19.500,19.5,14.726318245261044,3.635120750593535,100.0
2026-08-03 09:00:19.600,19.6,15.240831698672263,2.1146546304781118,83.09932769179385
2026-08-03 09:00:19.800,19.8,15.338719533319985,1.7057924017801216,71.76865068982738
2026-08-03 09:00:19.900,19.9,15.429139275368874,1.877405719016407,76.68232726290205
2026-08-03 09:00:20.000,20.0,15.684393637199731,2.9367483371266627,100.0
2026-08-03 09:00:20.500,20.5,15.774832499595313,1.9647994359466212,79.54418320601977
2026-08-03 09:00:20.800,20.8,15.678465904460404,1.6297765168266052,70.04790155649744
2026-08-03 09:00:20.900,20.9,15.851128683022417,2.7089047695752138,100.0
2026-08-03 09:00:21.400,21.4,16.03242843759269,2.2231309031844435,87.08657941427565
2026-08-03 09:00:22.000,22.0,16.26317360368618,1.556146508253969,68.68791055553454
2026-08-03 09:00:22.400,22.4,16.469586155499524,1.928138030309655,79.35136823526977
2026-08-03 09:00:22.500,22.5,16.53470299194542,3.3053911969196266,100.0
2026-08-03 09:00:22.600,22.6,17.13714811798754,2.571831628904865,98.17586335092128
2026-08-03 09:00:23.100,23.1,16.501897359529035,2.4601199274208327,94.28563479921816
2026-08-03 09:00:23.200,23.200000000000003,16.754935387246867,2.424636274173255,93.59573814154736
2026-08-03 09:00:23.700,23.700000000000003,16.757264664661992,1.5862250764336323,70.12301973773609
2026-08-03 09:00:24.300,24.3,16.552623914302934,4.971919888010059,100.0
2026-08-03 09:00:24.600,24.6,16.69494951577712,4.115357435047028,100.0
2026-08-03 09:00:24.700,24.700000000000003,17.44326314008688,5.100770017873438,100.0
2026-08-03 09:00:25.000,25.0,16.93141468983637,2.0317232334632584,82.80594816477489
2026-08-03 09:00:25.100,25.1,17.120244360296606,2.8460039056525,100.0
2026-08-03 09:00:25.400,25.4,17.00226557525446,2.371100291770992,92.39352685989311
2026-08-03 09:00:26.400,26.4,17.217245035198545,1.8308861516289607,77.52550628784915
2026-08-03 09:00:27.200,27.200000000000003,17.03644979671392,2.1216250259971647,85.44924048397732
2026-08-03 09:00:27.300,27.3,17.575087865177508,1.874266428849917,79.1695654460107
2026-08-03 09:00:27.700,27.700000000000003,16.728781612524735,2.3305326597892857,90.92945240912968
2026-08-03 09:00:27.800,27.8,17.29122531077802,1.6240926711273904,71.82406516450055
2026-08-03 09:00:28.200,28.200000000000003,17.162903173339608,2.4798482537163764,95.63123491206608
2026-08-03 09:00:29.100,29.1,16.781331663416417,2.032478096184449,82.64698468926429
2026-08-03 09:00:29.400,29.4,16.607997463058844,3.397528841183944,100.0
2026-08-03 09:00:29.900,29.9,16.6094663240913,3.93340208447385,100.0
2026-08-03 09:00:30.600,30.6,16.224431768845854,2.525139546298158,95.77322541896343
2026-08-03 09:00:32.900,32.9,15.345464031096476,3.0483296300994493,100.0
2026-08-03 09:00:33.600,33.6,15.048903277610608,1.5513907092815344,67.09762379301569
2026-08-03 09:00:33.700,33.7,15.258559337716164,1.991526756103719,79.67302037616354
2026-08-03 09:00:34.100,34.1,15.114967793943466,2.486261833385007,93.35329268751236
2026-08-03 09:00:34.300,34.300000000000004,15.073524264814624,1.526210884909906,66.42213389525492
2026-08-03 09:00:34.600,34.6,14.722044170718672,2.940686608295066,100.0
2026-08-03 09:00:34.900,34.9,15.142680960004586,1.937373943202708,78.01768756168133
2026-08-03 09:00:35.300,35.300000000000004,14.856282679950509,1.79475116507249,73.68057183797033
2026-08-03 09:00:36.400,36.4,14.341332075823493,2.953505949949301,100.0
2026-08-03 09:00:36.800,36.8,14.343212889337414,1.9774952326010835,78.18172198003522
2026-08-03 09:00:37.400,37.4,14.33595025899335,1.6495321572935957,68.9900407150127
2026-08-03 09:00:37.700,37.7,13.66063857424656,2.3498960995918803,87.78985707766853
2026-08-03 09:00:37.800,37.8,14.552403999448329,1.87866179792892,75.66541514134775
2026-08-03 09:00:37.900,37.9,14.027642178224111,7.3466670628146336,100.0
2026-08-03 09:00:38.000,38.0,16.02697011108576,10.641961693577842,100.0
2026-08-03 09:00:41.200,41.2,9.4304338899612,1.772798850212809,66.55488847391209
2026-08-03 09:00:46.600,46.6,0.0,2.2863004038127923,69.6164113067582
2026-08-03 09:00:46.700,46.7,0.4843077906073792,1.5419274404060548,49.35513768009839
2026-08-03 09:00:47.800,47.8,0.0015847655905671,3.2820399282664754,97.49901971017
2026-08-03 09:00:49.900,49.900000000000006,0.0,1.5356494557936495,48.59818476222219
2026-08-03 09:00:50.500,50.5,0.0,3.1088792387046618,92.64861868373052
2026-08-03 09:00:51.800,51.8,0.224453852102637,2.1527078653487384,66.14516485228785
2026-08-03 09:00:52.100,52.1,0.0,1.644601361155538,51.64883811235506
2026-08-03 09:00:52.800,52.8,0.0645572058306738,1.8700993994942996,58.04025183283719
2026-08-03 09:00:54.500,54.5,0.4602037821549848,1.6057621095379508,51.1135836056486
2026-08-03 09:00:54.700,54.7,0.4478659895142259,1.8112995624196269,56.85382693516663
2026-08-03 09:00:54.800,54.8,0.976712410224767,3.0522146408563064,92.2340648362463
2026-08-03 09:00:55.200,55.2,1.2741045002021678,2.835547928864665,86.52426740845323
2026-08-03 09:00:55.900,55.900000000000006,1.677800671692276,2.5101175881615085,77.89665327455297
2026-08-03 09:00:56.000,56.0,1.9823299045869824,2.6444208209507045,82.0225788721241
2026-08-03 09:00:56.300,56.3,2.108616180642576,2.116467846436565,67.3914391169949
2026-08-03 09:00:56.400,56.400000000000006,2.6250461410049963,2.9998113262591413,92.74477250446196
2026-08-03 09:00:56.700,56.7,2.536770963833825,1.7218642813600669,56.85632503468246
2026-08-03 09:00:56.800,56.8,2.9371069802074543,1.8798557969261844,61.76049069018211
2026-08-03 09:00:57.100,57.1,3.0830049360039,3.2727091099667613,100.0
2026-08-03 09:00:57.500,57.5,3.1362943786855526,2.413392504372476,76.938543376852
2026-08-03 09:00:57.600,57.6,3.934046525003044,4.629985437923593,100.0
2026-08-03 09:00:58.100,58.1,3.810913084933668,3.712776375881668,100.0
2026-08-03 09:00:58.300,58.3,4.03196674464329,2.299812478117369,74.83310948085828
2026-08-03 09:00:58.400,58.400000000000006,4.57859912065767,4.930100083851969,100.0
2026-08-03 09:00:58.700,58.7,4.490634148978705,2.6003184976477924,83.79767891291263
2026-08-03 09:00:58.800,58.8,4.858862092077487,4.100128597470817,100.0
2026-08-03 09:00:59.100,59.1,5.162259030576737,4.801869221152199,100.0
2026-08-03 09:00:59.400,59.400000000000006,5.079732698288548,2.492756908154379,81.49287266626887
2026-08-03 09:00:59.500,59.5,5.394098348384791,1.818122356243406,62.98034399287711
2026-08-03 09:00:59.600,59.6,5.469852896786149,2.583995563459305,84.51569925300392
2026-08-03 09:00:59.700,59.7,5.903150321938414,1.8147999065470408,63.49817776964325
2026-08-03 09:01:00.000,60.0,6.128852600725203,2.4288235754883543,80.96168323454417
2026-08-03 09:01:00.100,60.1,5.955615278161089,1.873843608564728,65.21435937360567
2026-08-03 09:01:00.400,60.400000000000006,6.240846179224447,2.435490877746465,81.28275999197035
2026-08-03 09:01:00.500,60.5,6.635282902701133,2.809273539727309,92.22199859560602
2026-08-03 09:01:00.900,60.900000000000006,7.034508609982068,1.8299931629063124,65.28121889335523
2026-08-03 09:01:01.300,61.3,7.41158053688577,1.53172341071784,57.38215214436244
2026-08-03 09:01:01.500,61.5,7.179341337434869,2.9257587559175318,96.13645477061272
2026-08-03 09:01:01.600,61.6,7.778455034120602,2.8195637774939044,93.88193181077403
2026-08-03 09:01:01.800,61.8,7.64650579965178,2.4740969823941765,84.05052246661909
2026-08-03 09:01:02.100,62.1,8.108026918492735,1.5569962142047706,58.92552629992486
2026-08-03 09:01:02.600,62.6,8.49709041944595,3.5139411140921,100.0
2026-08-03 09:01:02.900,62.900000000000006,8.296804917267632,4.38847759906446,100.0
2026-08-03 09:01:03.000,63.0,9.402734248752974,7.2692785818416255,100.0
2026-08-03 09:01:03.400,63.400000000000006,9.32237900595102,3.304319509816592,100.0
2026-08-03 09:01:03.700,63.7,9.42165298951954,1.759374506043831,66.16846975665072
2026-08-03 09:01:03.800,63.8,9.944890285619124,2.935737509037528,99.73451859579374
2026-08-03 09:01:04.100,64.10000000000001,10.274799182923733,5.534653964822439,100.0
2026-08-03 09:01:04.500,64.5,10.46449919639812,2.162328352338128,78.70259290114534
2026-08-03 09:01:04.800,64.8,10.841097675744322,2.741402577499725,95.36858938088548
2026-08-03 09:01:04.900,64.9,10.802384012634302,3.1517539802369443,100.0
2026-08-03 09:01:05.400,65.4,11.546814791700704,2.6138165713343766,92.6430417474034
2026-08-03 09:01:05.700,65.7,11.744349028659238,3.694541597041853,100.0
2026-08-03 09:01:06.100,66.10000000000001,12.095609293380647,2.0037153604162694,76.21876124371232
2026-08-03 09:01:06.300,66.3,12.214414765334029,1.8884243065241573,73.13317830107724
2026-08-03 09:01:06.600,66.60000000000001,12.19608541516984,3.595031958451239,100.0
2026-08-03 09:01:06.700,66.7,12.820516708881383,2.3856217010262277,87.78202767939203
2026-08-03 09:01:06.900,66.9,12.258813914544865,2.4440016198764978,88.74262205399577
2026-08-03 09:01:07.000,67.0,13.196211009152034,4.549408066714444,100.0
2026-08-03 09:01:07.300,67.3,12.970792447235436,2.935550748266104,100.0
2026-08-03 09:01:07.400,67.4,13.60895197407859,2.908294128431553,100.0
2026-08-03 09:01:07.500,67.5,13.587337655640107,2.7820062670993293,99.80098066554936
2026-08-03 09:01:07.900,67.9,13.858268017472865,1.577828096999671,66.40910833695823
2026-08-03 09:01:08.000,68.0,14.204193966800196,2.032664396696764,79.55963586766963
2026-08-03 09:01:08.500,68.5,14.277562868862129,2.1220960685856114,82.15176536303167
2026-08-03 09:01:08.600,68.60000000000001,14.673105683149023,2.9673889946911625,100.0
2026-08-03 09:01:08.900,68.9,14.598355034601912,1.6600016217988145,69.5980714518891
2026-08-03 09:01:09.400,69.4,14.855696134112549,2.559681071094365,95.09790535157728
2026-08-03 09:01:09.700,69.7,15.016676436944737,2.407024271677462,91.01669133130262
2026-08-03 09:01:09.800,69.8,15.089980314981464,1.7437836328251402,72.53391809708168
2026-08-03 09:01:09.900,69.9,15.3275667265914,2.986755446377859,100.0
2026-08-03 09:01:10.300,70.3,15.576964604769348,2.9138994332395693,100.0
2026-08-03 09:01:10.600,70.60000000000001,15.49716473350632,2.3839724326308143,90.94782579387038
2026-08-03 09:01:11.600,71.60000000000001,15.5920472094162,2.831070452525144,100.0
2026-08-03 09:01:12.000,72.0,15.975102471852178,2.733808843940165,100.0
2026-08-03 09:01:12.300,72.3,15.603619859533572,1.7194861929222995,72.46995723326467
2026-08-03 09:01:12.400,72.4,15.73358702380142,3.5699411286466898,100.0
2026-08-03 09:01:12.900,72.9,15.570539072758702,1.8108290289041689,74.98785969662717
2026-08-03 09:01:13.900,73.9,14.847004392705136,2.684885281928134,98.59319316523391
2026-08-03 09:01:14.000,74.0,15.601362710515176,3.527450558269236,100.0
2026-08-03 09:01:14.400,74.4,15.12346957810605,2.6409965638372457,97.69606728117014
2026-08-03 09:01:15.200,75.2,14.263471722890015,2.226803688920276,85.06666935723574
2026-08-03 09:01:15.300,75.3,14.951756137166058,2.673788969299615,98.40819850498848
2026-08-03 09:01:16.800,76.80000000000001,12.941157843501031,2.088140287537905,79.59731746326258
2026-08-03 09:01:16.900,76.9,13.607842750536369,2.94640887333526,100.0
2026-08-03 09:01:18.100,78.10000000000001,12.415395794582489,1.689746099990077,67.81136575322114
2026-08-03 09:01:19.200,79.2,12.181567487186536,1.7019481396248552,67.87242889411979
2026-08-03 09:01:19.500,79.5,11.98194683335929,3.4375384658769192,100.0
2026-08-03 09:01:20.100,80.10000000000001,11.74533777853866,1.5296394447951691,62.52430978851113
2026-08-03 09:01:20.200,80.2,12.114178971464248,1.9791201876526476,75.55238002003122
2026-08-03 09:01:20.800,80.80000000000001,12.084082401408743,2.2668361501737206,83.57231108655468
2026-08-03 09:01:21.900,81.9,12.391590639741036,10.808605393215462,100.0
2026-08-03 09:01:22.000,82.0,14.879689719033648,14.014945810519167,100.0
2026-08-03 09:01:23.000,83.0,13.198983468607706,3.381936282078001,100.0
2026-08-03 09:01:24.500,84.5,10.34136861816071,1.8167865939002583,68.87966697100009
