timestamp,lot_id,chamber_temp_c,chamber_pressure_pa,rf_power_w,gas_flow_sccm,vibration_g,particle_count,process_state,true_anomaly,iforest_anomaly
2026-01-02 08:00:00,LOT-G,71.56378263866316,17.827740140467967,848.0759412553928,118.73952866910786,0.0789277374857382,4,stabilize,0,0
2026-01-02 08:00:01,LOT-G,72.13231420594605,18.36403684232772,851.554681268894,117.61649687616767,0.0765598946739837,2,stabilize,0,0
2026-01-02 08:00:02,LOT-G,70.95702050772051,18.24524808654632,862.4577330430144,121.16153068174636,0.078534934887009,1,stabilize,0,0
2026-01-02 08:00:03,LOT-G,72.76767444055979,17.824530329128187,863.7210249089659,121.0092992179616,0.0794310032270224,1,stabilize,0,0
2026-01-02 08:00:04,LOT-G,72.35106210751051,18.126440789283407,856.4760787743601,120.72898427230189,0.0877125758418814,3,stabilize,0,0
2026-01-02 08:00:05,LOT-G,71.83937388312935,17.731709805023506,862.4860160318335,119.08032623297284,0.0764954988492162,4,stabilize,0,0
2026-01-02 08:00:06,LOT-G,71.8284278694954,18.02372508492632,867.2964178405465,121.820374198351,0.0730879551683609,2,stabilize,0,0
2026-01-02 08:00:07,LOT-G,72.16710945227835,17.70722840233191,853.7042034901979,125.33364396452464,0.0792119094381588,1,stabilize,0,0
2026-01-02 08:00:08,LOT-G,71.85278683378762,18.179591639392477,836.0169746004514,120.16016589430296,0.0820018531814555,5,stabilize,0,0
2026-01-02 08:00:09,LOT-G,71.87575012636023,18.74109274750284,860.0527938283577,120.74266640050088,0.0540295273718697,5,stabilize,0,0
2026-01-02 08:00:10,LOT-G,72.39603730100501,18.36771000337184,840.0508337962738,118.61515554870788,0.0886679429404437,3,stabilize,0,0
2026-01-02 08:00:11,LOT-G,72.28308786317557,18.182694855460703,868.6185431138018,118.62873500599272,0.095264048866887,2,stabilize,0,0
2026-01-02 08:00:12,LOT-G,71.9647296354012,17.774282121471636,867.250455175235,122.6723562485747,0.0752312428157908,4,stabilize,0,0
2026-01-02 08:00:13,LOT-G,71.95298789024777,18.09506450312965,844.8177374032746,123.48632124573692,0.0822901614261785,3,stabilize,0,0
2026-01-02 08:00:14,LOT-G,72.0885039774661,18.296139023797547,839.0021754931538,119.5056847603228,0.0660707729594191,1,stabilize,0,0
2026-01-02 08:00:15,LOT-G,71.66228988301461,17.977904241939818,843.113435148998,118.85869926953082,0.083000204638355,3,stabilize,0,0
2026-01-02 08:00:16,LOT-G,71.77793735443905,18.032319638707172,849.3491888517316,118.43616225080504,0.0647338148703566,1,stabilize,0,0
2026-01-02 08:00:17,LOT-G,72.30154309911353,17.57641433008065,862.8126459945024,118.92608299747224,0.0770998155250934,2,stabilize,0,0
2026-01-02 08:00:18,LOT-G,71.92823446377253,17.786144878702,837.6457187858448,119.97224296115684,0.0818396170133481,3,stabilize,0,0
2026-01-02 08:00:19,LOT-G,71.2440656033778,17.537911834558333,858.8190121574931,117.91308949419428,0.0655047699586684,2,stabilize,0,0
2026-01-02 08:00:20,LOT-G,71.73749670420173,18.478617276530183,829.3034315854952,118.76174142394808,0.0616556838406703,3,stabilize,0,0
2026-01-02 08:00:21,LOT-G,72.36114188291144,18.118158032310948,862.1369811289329,121.3808552093958,0.07079917408501,1,stabilize,0,0
2026-01-02 08:00:22,LOT-G,71.8722444753542,18.18117274422634,849.3803673461824,119.61333262932575,0.0681743366767793,0,stabilize,0,0
2026-01-02 08:00:23,LOT-G,71.91819695437002,17.949325339489896,851.997436611636,118.63722476950548,0.071060859086541,4,stabilize,0,0
2026-01-02 08:00:24,LOT-G,72.35301014549418,17.63483368125815,848.9387391668263,118.01192879452203,0.0617512098486561,5,stabilize,0,0
2026-01-02 08:00:25,LOT-G,73.00353566770349,18.04399270845679,859.3574162191443,121.56701578780311,0.0879279285837384,5,stabilize,0,0
2026-01-02 08:00:26,LOT-G,71.60774623047244,17.84087778614099,853.7131273400225,118.20728442978356,0.0716888270150746,1,stabilize,0,0
2026-01-02 08:00:27,LOT-G,72.74151374738875,17.757543416358136,866.8793489612548,119.64082532936705,0.0802242689918704,2,stabilize,0,0
2026-01-02 08:00:28,LOT-G,71.32349297356308,18.013852734440427,832.2374857513524,121.45419038972548,0.0554210890776376,1,stabilize,0,0
2026-01-02 08:00:29,LOT-G,72.0962376925072,18.02745457875969,840.9492823480275,120.72213290634303,0.067883518850667,5,stabilize,0,0
2026-01-02 08:00:30,LOT-G,71.35675876426819,17.954876842063907,836.5397471486435,120.32819147900793,0.0940654229437849,4,stabilize,0,0
2026-01-02 08:00:31,LOT-G,72.7433020014773,17.80643280459716,857.177818645688,120.34346995426054,0.064403562853193,3,stabilize,0,0
2026-01-02 08:00:32,LOT-G,72.45865764819504,17.753533041456965,833.1242185777311,118.36055550947454,0.0783382734819644,3,stabilize,0,0
2026-01-02 08:00:33,LOT-G,72.62574423156029,18.001580145325057,874.3102374026656,118.72185138299196,0.0999920208967111,6,stabilize,0,0
2026-01-02 08:00:34,LOT-G,71.51295676499447,18.30562132786033,850.9181969740981,119.1277805084105,0.0748980677027123,5,stabilize,0,0
2026-01-02 08:00:35,LOT-G,72.3765052640166,17.598922469855026,862.2190208054567,115.30464166163524,0.0929748118966773,5,process,0,1
2026-01-02 08:00:36,LOT-G,71.71454266859378,17.83570450164211,840.3366953806241,119.20478348180916,0.0641692307708209,4,process,0,0
2026-01-02 08:00:37,LOT-G,71.74843807886643,17.95941042836192,851.9632501834577,119.707921065323,0.0691787637337657,2,process,0,0
2026-01-02 08:00:38,LOT-G,72.2785953936693,17.960315502534893,856.2424838312231,119.73452597507332,0.0741938226305074,3,process,0,0
2026-01-02 08:00:39,LOT-G,72.48219499485779,17.851809143938887,842.936609558952,119.67088332116836,0.0684251927581621,6,process,0,0
2026-01-02 08:00:40,LOT-G,72.11243111847295,18.48212663717976,847.7223911817619,120.19153730007817,0.0790192344095142,2,process,0,0
2026-01-02 08:00:41,LOT-G,71.65460709444417,18.09994978000724,865.5737861151396,120.296362412156,0.0536033019117764,1,process,0,0
2026-01-02 08:00:42,LOT-G,71.54580091351434,17.753654131589546,862.6639455054623,122.46685166745492,0.0621784888549562,2,process,0,0
2026-01-02 08:00:43,LOT-G,72.79437436420388,17.529467276482613,855.7896323041887,120.116118349225,0.0905995438732737,2,process,0,0
2026-01-02 08:00:44,LOT-G,72.32667025089177,17.95696253149505,869.7136344743614,121.22790525539364,0.0763327070939339,7,process,0,0
2026-01-02 08:00:45,LOT-G,72.39585036503561,18.369867189166108,830.5419900177575,118.9270003664384,0.0807382977311588,2,process,0,0
2026-01-02 08:00:46,LOT-G,73.20091847849206,18.04819177543396,852.9123346619189,120.39297877586245,0.095066948132372,1,process,0,0
2026-01-02 08:00:47,LOT-G,71.55127537825038,17.421002255518157,846.1863042634512,120.33852045535886,0.0539423922013926,4,process,0,0
2026-01-02 08:00:48,LOT-G,77.40770178912322,19.255764154831443,864.2373548635312,119.51573387860836,0.0390658570035396,1,process,1,1
2026-01-02 08:00:49,LOT-G,73.73299947344692,18.03072923962189,861.0987308111395,117.15993095334954,0.0961198040084495,1,process,0,0
2026-01-02 08:00:50,LOT-G,72.89012721614307,18.266902565376967,861.6944081170654,117.74034330008362,0.0584222452745335,8,process,0,0
2026-01-02 08:00:51,LOT-G,72.45490859235538,18.035268616714347,844.031216185268,120.59819744153312,0.0758065635635025,5,process,0,0
2026-01-02 08:00:52,LOT-G,71.63489792481032,18.03732332763653,855.6156577276835,119.80246384085513,0.0553097069937978,1,process,0,0
2026-01-02 08:00:53,LOT-G,72.54696709530113,18.26824908619739,860.8024410628552,119.4938959646534,0.0441386350292543,3,process,0,0
2026-01-02 08:00:54,LOT-G,71.75651931799307,18.31406333113056,862.973186871062,118.8067112531099,0.0738539237651673,5,process,0,0
2026-01-02 08:00:55,LOT-G,71.98809206561556,17.830867368640558,840.7359820463168,120.0322544740788,0.0803496695044209,5,process,0,0
2026-01-02 08:00:56,LOT-G,71.84026175243564,18.109511444834883,843.1676166440163,120.80270831236498,0.0648545310591512,4,process,0,0
2026-01-02 08:00:57,LOT-G,72.15610647607006,17.760654196225165,852.4520679228586,122.85676774950268,0.0442639115082149,5,process,0,0
2026-01-02 08:00:58,LOT-G,72.70844274349386,17.730857550660843,863.9486334305168,119.8761051396436,0.0784009606741141,3,process,0,0
2026-01-02 08:00:59,LOT-G,71.69442876817342,18.147085161259845,856.2028485121433,119.6222952002679,0.0974930594557875,5,process,0,0
2026-01-02 08:01:00,LOT-G,71.45802789150333,17.644139783259334,863.758040096289,120.33801398484218,0.0539420418423851,5,process,0,0
2026-01-02 08:01:01,LOT-G,71.44837389653779,18.042465966826185,830.4753437724871,121.76432184037311,0.0838579461968961,4,process,0,0
2026-01-02 08:01:02,LOT-G,71.46744747003017,18.07854975765694,847.2836418479368,123.58849650144975,0.0780077806825266,3,process,0,0
2026-01-02 08:01:03,LOT-G,71.212893358912,18.215321902387604,854.988417938234,120.80605814359905,0.0524786955644228,1,process,0,0
2026-01-02 08:01:04,LOT-G,71.49788625878338,17.712392702937674,852.6958425504688,117.62250366131885,0.08680095863465,4,process,0,0
2026-01-02 08:01:05,LOT-G,72.71129608908295,18.09520405034136,831.086829813621,119.95904237161298,0.0768972913165119,0,process,0,0
2026-01-02 08:01:06,LOT-G,71.67367841746855,17.968642953420964,861.0087906255908,118.1102612998621,0.0729951051614281,2,process,0,0
2026-01-02 08:01:07,LOT-G,72.14140921183751,18.371515060291443,853.4533405969865,118.38640224547548,0.0900180436942713,2,process,0,0
2026-01-02 08:01:08,LOT-G,71.33070831865099,17.81431194104618,845.3348794247661,122.81176888466236,0.0750906442246344,3,process,0,0
2026-01-02 08:01:09,LOT-G,72.09330781894525,17.722494841988418,861.9775430854493,119.37255879011188,0.0900585257880916,2,process,0,0
2026-01-02 08:01:10,LOT-G,71.04257020330874,18.12505528417721,832.7073347346724,118.78936995925064,0.1061547721716487,3,purge,0,0
2026-01-02 08:01:11,LOT-G,71.61568425638617,17.786046950077868,844.8867683468322,122.1201543084067,0.0773309736309814,3,purge,0,0
2026-01-02 08:01:12,LOT-G,73.23999640992054,17.676425577536246,858.8403782656442,120.0601461251686,0.0800563951317705,4,purge,0,0
2026-01-02 08:01:13,LOT-G,71.67936666996276,18.227517939169807,853.759919835285,118.13028826550617,0.067942861411018,1,purge,0,0
2026-01-02 08:01:14,LOT-G,72.61598701196526,18.107596593409145,847.7531239033169,120.03638704509386,0.0932553561263294,2,purge,0,0
2026-01-02 08:01:15,LOT-G,72.25027976881667,17.222144381024044,848.4622377180881,117.71560206023597,0.0601253637270238,1,purge,0,0
2026-01-02 08:01:16,LOT-G,71.91585782252639,17.769753778571854,847.6645677977657,118.5737396455236,0.0687511670977745,3,purge,0,0
2026-01-02 08:01:17,LOT-G,71.64134124828227,17.722990753316907,858.672409122903,120.24575576271342,0.0742419041902749,2,purge,0,0
2026-01-02 08:01:18,LOT-G,72.7078001691274,18.16108683240659,846.9569481594192,115.88038986289152,0.0728070733290207,3,purge,0,0
2026-01-02 08:01:19,LOT-G,71.90243909732841,18.368140733521454,856.7792446043522,121.09223843671134,0.0664393619568638,6,purge,0,0
2026-01-02 08:01:20,LOT-G,72.84008346304947,18.514528823276738,829.1292607113696,120.35836621675774,0.0855262698991082,2,purge,0,0
2026-01-02 08:01:21,LOT-G,71.6045065335031,18.17653151056297,862.2941953416903,121.29703360611867,0.0712723013249743,2,purge,0,0
2026-01-02 08:01:22,LOT-G,72.03153644306516,17.725997058114128,874.4155511266888,119.33246022346596,0.0491727080971653,1,purge,0,0
2026-01-02 08:01:23,LOT-G,72.25602451973475,17.71718193409133,854.9964512541937,120.63226811446631,0.0889229663694406,0,purge,0,0
2026-01-02 08:01:24,LOT-G,72.2052380951655,17.76181607851908,849.1347582306312,118.38316700517068,0.0957672244671124,2,purge,0,0
2026-01-02 08:01:25,LOT-G,71.32140916848313,18.122351484765957,844.6492552403961,118.4875263621624,0.068300876403295,4,purge,0,0
2026-01-02 08:01:26,LOT-G,71.63476549715637,18.316355297353788,856.997681327726,120.1275262693289,0.0912937328457588,4,purge,0,0
2026-01-02 08:01:27,LOT-G,71.89221088264863,17.52056098967864,843.4982605460693,120.00750296963936,0.0685979758539029,1,purge,0,0
2026-01-02 08:01:28,LOT-G,71.53046537987167,18.152311227895822,841.8126611336488,119.9501236532944,0.0630730985300539,4,purge,0,0
2026-01-02 08:01:29,LOT-G,72.37252880988402,18.231963990040622,828.7109571155524,122.1236433625882,0.0639367264720184,3,purge,0,0
2026-01-02 08:01:30,LOT-G,72.32341054974734,18.07899236858786,852.4260815202086,119.52938353484436,0.094646891239641,2,purge,0,0
2026-01-02 08:01:31,LOT-G,70.92360355020196,18.809058096014454,847.0917419476381,120.68512263790622,0.0914110335898533,3,purge,0,0
2026-01-02 08:01:32,LOT-G,71.00711026079966,18.133812213346022,847.6403249191144,120.51748560095938,0.0833428633249112,1,purge,0,0
2026-01-02 08:01:33,LOT-G,71.2951401977491,18.00812295829915,849.9769028527824,120.2209839551954,0.0628594368782355,3,purge,0,0
2026-01-02 08:01:34,LOT-G,72.06449274158052,18.152630385776117,842.9188223061896,120.62755160506666,0.0845948603967526,2,purge,0,0
2026-01-02 08:01:35,LOT-G,73.11824489152134,17.863955810211426,851.8735159759892,117.20108917255452,0.0619670086882227,1,purge,0,0
2026-01-02 08:01:36,LOT-G,71.78970395224265,17.725183761620592,839.2007782987663,119.08368492186575,0.082504434553078,2,purge,0,0
2026-01-02 08:01:37,LOT-G,68.63785780243563,16.80554508482115,848.8461011146139,121.73163163474376,0.0684532152037072,5,purge,1,1
2026-01-02 08:01:38,LOT-G,71.41528856229421,18.288406444715303,847.1858265167419,119.50075990426583,0.0681654373457001,6,purge,0,0
2026-01-02 08:01:39,LOT-G,71.42424008124198,17.94126564993755,832.9170415668298,121.08499536416238,0.068725764357398,2,purge,0,0
2026-01-02 08:01:40,LOT-G,70.92352470192081,18.231429984504977,837.8802930021079,120.72369791617128,0.0501230772035541,3,purge,0,0
2026-01-02 08:01:41,LOT-G,71.98441066375165,17.90605657359364,844.0750854604707,115.10592726524727,0.0539325454431565,2,purge,0,0
2026-01-02 08:01:42,LOT-G,72.52096917555247,18.40784778965023,844.3757970189159,117.8759881825694,0.0731989090490218,6,purge,0,0
2026-01-02 08:01:43,LOT-G,71.80380712376399,18.053697408741808,852.59198847899,118.90625298778949,0.0621044365513537,2,purge,0,0
2026-01-02 08:01:44,LOT-G,72.76804919765543,18.13357846614425,845.9500661165014,118.88143083606488,0.0848657738064976,4,purge,0,0
2026-01-02 08:01:45,LOT-H,72.10882016902546,18.191541406118784,849.4883789914664,119.25199255068743,0.0890966784988789,1,stabilize,0,0
2026-01-02 08:01:46,LOT-H,71.97997313184023,17.661980485521322,845.9118783678414,119.27878035185071,0.0562828707261105,2,stabilize,0,0
2026-01-02 08:01:47,LOT-H,72.28448964098143,17.954468142504616,824.0986483111787,118.66644605214384,0.0569085546017173,2,stabilize,0,0
2026-01-02 08:01:48,LOT-H,72.26805766338023,18.46013185221181,848.7660397727047,118.90319666583676,0.0729601386534498,1,stabilize,0,0
2026-01-02 08:01:49,LOT-H,72.6312935038013,18.0091231425349,841.5782996888495,116.84477610359056,0.0983309085738857,4,stabilize,0,0
2026-01-02 08:01:50,LOT-H,71.55892515455795,18.350651688165,848.4015453547277,123.06594444163304,0.0655212704781357,3,stabilize,0,0
2026-01-02 08:01:51,LOT-H,70.74157296263965,18.221022709899675,842.3392160429702,122.18667719176814,0.080925241352495,2,stabilize,0,0
2026-01-02 08:01:52,LOT-H,72.06311068427496,17.54306774132519,856.5567665734044,121.36296518953677,0.0550953587916263,4,stabilize,0,0
2026-01-02 08:01:53,LOT-H,71.66357866457285,18.17684266776909,849.5408635255752,119.82886634062947,0.0639888494625317,3,stabilize,0,0
2026-01-02 08:01:54,LOT-H,71.98505253594895,17.72792798837857,857.0827121489914,118.50524765243848,0.0806607040815487,5,stabilize,0,0
2026-01-02 08:01:55,LOT-H,72.9153650121215,18.0653077402626,857.8139182745384,123.8574591058038,0.0719172024136348,2,stabilize,0,0
2026-01-02 08:01:56,LOT-H,71.3934370071992,17.89609966252689,844.333585323207,118.45323790415767,0.0808002631246517,1,stabilize,0,0
2026-01-02 08:01:57,LOT-H,72.42063853516012,18.005440436594995,858.1527320695247,122.24758791996013,0.0762769712133988,1,stabilize,0,0
2026-01-02 08:01:58,LOT-H,72.52022714942468,17.98228045199856,852.2873555872156,120.45321348642857,0.0746025572100924,3,stabilize,0,0
2026-01-02 08:01:59,LOT-H,72.25340493140135,18.060667005481893,839.420514155605,118.50036421290554,0.0743344785866765,1,stabilize,0,0
2026-01-02 08:02:00,LOT-H,72.61517948754404,17.88792168422596,848.8402634938609,118.65156833045984,0.091200933848136,3,stabilize,0,0
2026-01-02 08:02:01,LOT-H,71.74790074679012,17.662256508138295,850.9406932017264,119.28438227286784,0.0739463650723454,2,stabilize,0,0
2026-01-02 08:02:02,LOT-H,71.62516966239474,17.747511386503337,862.6991769736863,118.95723637787556,0.0850476485450543,5,stabilize,0,0
2026-01-02 08:02:03,LOT-H,72.57144053920864,18.229059981106083,846.5143337607866,117.69344578407582,0.0715064444442981,3,stabilize,0,0
2026-01-02 08:02:04,LOT-H,72.39616501202183,18.43112343319739,865.7086449895828,120.6343297072703,0.0757861716755072,4,stabilize,0,0
2026-01-02 08:02:05,LOT-H,72.76470797818392,18.05814294165792,857.6987914596062,118.48610325569156,0.0617942769828985,2,stabilize,0,0
2026-01-02 08:02:06,LOT-H,72.11675926779633,18.21057434407015,828.8574229259418,121.1752757720643,0.0494765833742289,4,stabilize,0,0
2026-01-02 08:02:07,LOT-H,72.89295971576385,18.24421346283249,839.6442404344305,119.6691419499056,0.0695364640490278,4,stabilize,0,0
2026-01-02 08:02:08,LOT-H,71.84485585684351,17.65854407955873,855.8654787729803,120.18222126275184,0.0757761587178829,5,stabilize,0,0
2026-01-02 08:02:09,LOT-H,71.41681896410888,17.531837168152926,835.4466580139122,120.13955773062943,0.0688526899629799,2,stabilize,0,0
2026-01-02 08:02:10,LOT-H,70.87960094136596,17.987185898968974,854.7618255105074,119.33369968892468,0.0810802902475289,3,stabilize,0,0
2026-01-02 08:02:11,LOT-H,71.39422929045372,17.5269221338306,863.8261556017594,119.79775318014238,0.064957844862742,4,stabilize,0,0
2026-01-02 08:02:12,LOT-H,72.45017692834811,17.93187866412917,847.3183872720997,120.23041518426032,0.0578120148724797,2,stabilize,0,0
2026-01-02 08:02:13,LOT-H,71.19428922158247,17.630444064330394,864.0769268389143,123.64922644240674,0.0568253079063731,3,stabilize,0,0
2026-01-02 08:02:14,LOT-H,71.75119966129307,17.84399084293371,863.2393455606875,117.89562737519026,0.0823574766030634,0,stabilize,0,0
2026-01-02 08:02:15,LOT-H,73.15862117681297,17.81220328325358,849.436578203272,118.8272900395062,0.064539986363374,7,stabilize,0,0
2026-01-02 08:02:16,LOT-H,72.46573776836514,18.129999362690075,849.6664053600866,119.33033187945895,0.0745300284267246,1,stabilize,0,0
2026-01-02 08:02:17,LOT-H,72.98504150643151,17.83818912466014,851.8123852035006,117.93368172757212,0.0574534072907495,6,stabilize,0,0
2026-01-02 08:02:18,LOT-H,71.45464079689546,17.713061691668653,854.4489465428691,117.81103134461196,0.0639562209161869,2,stabilize,0,0
2026-01-02 08:02:19,LOT-H,70.64701376555603,18.012201262096983,834.4254174232268,117.45633856673916,0.0740520128698581,2,stabilize,0,0
2026-01-02 08:02:20,LOT-H,72.83400951540585,18.74179599272396,848.5508317417994,119.83323360619436,0.0872171180718138,3,process,0,0
2026-01-02 08:02:21,LOT-H,71.2206816044079,18.12319378494625,833.2674577041978,119.06545174600208,0.061418482395041,3,process,0,0
2026-01-02 08:02:22,LOT-H,72.05000794660532,17.513768440033136,846.5486677497076,120.18829367679312,0.056780476609527,3,process,0,0
2026-01-02 08:02:23,LOT-H,72.11940127740914,18.02282848322376,847.8059466344786,117.63145512996664,0.0740135266948883,0,process,0,0
2026-01-02 08:02:24,LOT-H,71.47810697319963,18.64277431375588,831.8257058882348,118.48767662352311,0.0759807481440804,2,process,0,0
2026-01-02 08:02:25,LOT-H,72.8539481858885,18.04228544891186,837.3646301678417,121.37070657373044,0.0689108072106193,2,process,0,0
2026-01-02 08:02:26,LOT-H,72.85213564110026,18.32016647441215,846.0191014251885,121.11248801568914,0.0887307779787807,3,process,0,0
2026-01-02 08:02:27,LOT-H,72.30329429582109,18.277528566424994,871.6034510675548,117.41391212630651,0.0534635594462936,2,process,0,0
2026-01-02 08:02:28,LOT-H,71.98378013709068,18.297093697995276,836.1326318686444,121.22831042557276,0.064191386162297,1,process,0,0
2026-01-02 08:02:29,LOT-H,72.10529025811447,18.26269868698741,851.2455235426431,119.02631993970584,0.0740707444635959,2,process,0,0
2026-01-02 08:02:30,LOT-H,71.39725059335996,18.070662408658244,841.0645045387217,118.12937857513016,0.0635360486263022,1,process,0,0
2026-01-02 08:02:31,LOT-H,71.8685149332854,17.953920900206487,846.2495731424997,121.06310840690216,0.0780748746406057,4,process,0,0
2026-01-02 08:02:32,LOT-H,71.94228676940281,17.930362702688022,859.8517556971594,121.3351718397799,0.0740970428713041,3,process,0,0
2026-01-02 08:02:33,LOT-H,71.53127193189053,18.030067848101968,853.104747436335,115.90820112545774,0.0710433223296392,1,process,0,0
2026-01-02 08:02:34,LOT-H,72.46706817725509,18.106758529114018,854.2577859925696,121.27186441161194,0.1029657672809202,3,process,0,0
2026-01-02 08:02:35,LOT-H,71.21543523295921,17.68108187629568,854.8875873293238,119.08512012397682,0.0621317753686776,2,process,0,0
2026-01-02 08:02:36,LOT-H,71.75061956303334,17.92988553041359,855.7549959984592,119.03957959376233,0.0708793296599952,1,process,0,0
2026-01-02 08:02:37,LOT-H,70.76091720199328,17.989859510629227,828.3843299613598,119.27595727920186,0.0799028464263762,4,process,0,0
2026-01-02 08:02:38,LOT-H,72.27325017733845,18.026964788667662,853.8604622532692,121.57910399605956,0.0650002679189019,3,process,0,0
2026-01-02 08:02:39,LOT-H,72.40843301078036,17.922578529621944,849.1491502092143,121.87187846015482,0.0756559788737772,4,process,0,0
2026-01-02 08:02:40,LOT-H,72.34171079975337,18.201600597665568,853.9745115695481,120.38679462834028,0.0842862014564143,6,process,0,0
2026-01-02 08:02:41,LOT-H,73.60494763426445,17.974002394780417,858.3637691726211,121.0882585068431,0.0766291537698137,7,process,0,0
2026-01-02 08:02:42,LOT-H,72.51688507956887,17.906140249802917,854.1566280600612,123.23822623825106,0.0829445979285374,2,process,0,0
2026-01-02 08:02:43,LOT-H,71.48190512108289,17.690784765080956,856.90401682028,119.7965538540526,0.0695299943375416,3,process,0,0
2026-01-02 08:02:44,LOT-H,73.4649471138468,17.805650213774133,838.2854176534332,118.2047987284986,0.0708983913079275,5,process,0,0
2026-01-02 08:02:45,LOT-H,71.49382511464496,18.05740310412324,854.4780684648308,120.6616706656067,0.0971161954522934,2,process,0,0
2026-01-02 08:02:46,LOT-H,72.43380621297702,18.02979392984747,848.9073057417595,120.94877271646467,0.0797295836101217,0,process,0,0
2026-01-02 08:02:47,LOT-H,72.40872019362983,17.490323483138443,849.1350684338558,119.57340296143096,0.0856514771925045,5,process,0,0
2026-01-02 08:02:48,LOT-H,71.51615233967937,18.23107585776619,863.0013472668451,119.5203902237826,0.0662185918130179,2,process,0,0
2026-01-02 08:02:49,LOT-H,72.76744174594153,17.824347866591438,845.1132906861201,123.25763395757885,0.0714387160538691,3,process,0,0
2026-01-02 08:02:50,LOT-H,72.19502654531075,17.774519011798212,843.3339445564725,119.41835461563568,0.0880396179424568,3,process,0,0
2026-01-02 08:02:51,LOT-H,72.31402502485908,18.278677684004588,836.8643207780401,118.40439168317756,0.0751794943258208,6,process,0,0
2026-01-02 08:02:52,LOT-H,71.62834685205688,18.290837764122344,847.0439890110468,115.54455418530408,0.059165951220927,2,process,0,0
2026-01-02 08:02:53,LOT-H,72.71644835482773,17.822147649818294,860.7068625436833,121.14290158385812,0.0632876594588184,5,process,0,0
2026-01-02 08:02:54,LOT-H,71.52648412052527,17.911095531813285,833.3221037327148,121.8700124183259,0.0732780499226098,5,process,0,0
2026-01-02 08:02:55,LOT-H,71.02146236644745,17.693986885141435,852.5121801536798,117.968614050292,0.0929320693029079,5,purge,0,0
2026-01-02 08:02:56,LOT-H,72.78381983890218,18.20355672329151,824.6723825012814,120.77038974007048,0.08051199359856,2,purge,0,0
2026-01-02 08:02:57,LOT-H,71.76529916718322,18.226169404162267,843.0974123088963,119.30104807382234,0.0649597199411353,2,purge,0,0
2026-01-02 08:02:58,LOT-H,72.02385354789679,17.890296806351706,854.3749193410462,119.95038156511752,0.0739162661130642,2,purge,0,0
2026-01-02 08:02:59,LOT-H,73.0575163245145,18.34792111930761,844.6144017247914,118.90747973996348,0.0749141346150043,2,purge,0,0
2026-01-02 08:03:00,LOT-H,72.62507024149903,18.22964576195301,837.9796459622745,119.83225429355942,0.0540652516260789,5,purge,0,0
2026-01-02 08:03:01,LOT-H,72.3479900137621,17.969072445027773,846.3176607263981,121.23470595375548,0.0737602245156259,0,purge,0,0
2026-01-02 08:03:02,LOT-H,72.58845260590341,18.18039620105943,859.8910860131782,119.04062443907854,0.069961508370603,3,purge,0,0
2026-01-02 08:03:03,LOT-H,76.39987022023276,19.386331936437145,864.9193501147577,118.7730363855447,0.07236046202524,3,purge,1,1
2026-01-02 08:03:04,LOT-H,72.41419872408264,17.934301242657376,865.1221057361021,118.24641670495345,0.0634322451089909,2,purge,0,0
2026-01-02 08:03:05,LOT-H,72.61046541308876,18.062914146001845,856.8228854604527,121.65652436166911,0.0786786752750252,2,purge,0,0
2026-01-02 08:03:06,LOT-H,72.41548224062326,17.997394201490923,853.605792800393,118.527883459347,0.0692244645362896,5,purge,0,0
2026-01-02 08:03:07,LOT-H,71.8877259541133,18.51248722416657,859.858383063542,120.85441156868713,0.0649073710574952,5,purge,0,0
2026-01-02 08:03:08,LOT-H,69.93892237802801,18.077633226799858,838.436279630468,117.8736557488812,0.0964305119657562,1,purge,0,0
2026-01-02 08:03:09,LOT-H,72.30651638117615,18.09161524513253,840.3079735938185,116.45788380310952,0.0697001122794643,4,purge,0,0
2026-01-02 08:03:10,LOT-H,72.06318204437113,17.668001871735836,862.9155600227026,118.96533157566398,0.0578047357799953,2,purge,0,0
2026-01-02 08:03:11,LOT-H,71.79674551387745,17.953128116278595,858.5627328407872,120.2364525924242,0.0888461105083605,1,purge,0,0
2026-01-02 08:03:12,LOT-H,72.42795424409842,17.804119511711523,858.7508216436546,121.59306042505756,0.0911397104345932,2,purge,0,0
2026-01-02 08:03:13,LOT-H,72.14613663896986,18.587191511955,852.2182580403164,121.13341978991684,0.0626104682957676,3,purge,0,0
2026-01-02 08:03:14,LOT-H,72.1121756578236,17.896092773212164,841.7500511615534,120.37658870644132,0.0689879894493366,5,purge,0,0
2026-01-02 08:03:15,LOT-H,71.18402496377439,18.029764413114076,839.1989781802235,115.88530906066482,0.0720297957339654,3,purge,0,0
2026-01-02 08:03:16,LOT-H,71.19737259540277,18.30395202728656,859.3804690732808,120.63224590298556,0.0693354360276518,3,purge,0,0
2026-01-02 08:03:17,LOT-H,72.20379481502194,18.164166400047765,860.8282661362181,117.50512969298632,0.0575352802387152,3,purge,0,0
2026-01-02 08:03:18,LOT-H,72.04183141202208,17.64717236124288,838.7952684981341,118.75130851333228,0.0611871307098603,4,purge,0,0
2026-01-02 08:03:19,LOT-H,72.07630749097686,18.15963019602628,842.6048589310828,122.7184420879901,0.0998047704110867,3,purge,0,0
2026-01-02 08:03:20,LOT-H,72.09144460990578,18.177578144951315,848.9710684803007,121.4665808404309,0.0668082560406039,4,purge,0,0
2026-01-02 08:03:21,LOT-H,72.22630102956414,17.95458814173394,858.7463784114627,118.1471877551214,0.0677303306393523,4,purge,0,0
2026-01-02 08:03:22,LOT-H,72.01983611506195,18.11607384211468,846.5946156749797,119.31817588333392,0.0833879523590531,2,purge,0,0
2026-01-02 08:03:23,LOT-H,72.08677397281227,18.02618276022246,841.4777350499207,121.12869230433787,0.0683325667576517,3,purge,0,0
2026-01-02 08:03:24,LOT-H,72.14086289517364,17.65365541657651,859.8841893694371,119.6396396747916,0.0660437344625012,4,purge,0,0
2026-01-02 08:03:25,LOT-H,72.51117524912175,17.859125323412997,855.9727363478543,119.53125965222456,0.0615130579778641,8,purge,0,0
2026-01-02 08:03:26,LOT-H,71.71692115145093,18.005179044490163,843.0574435554892,118.08590627256434,0.0804553038666003,5,purge,0,0
2026-01-02 08:03:27,LOT-H,72.43251792150626,17.853389719152336,843.4064578793644,120.73533104990618,0.0765080911795254,4,purge,0,0
2026-01-02 08:03:28,LOT-H,72.35001085021423,18.13476138712426,861.0997611765324,120.94835814800432,0.0875022591892198,2,purge,0,0
2026-01-02 08:03:29,LOT-H,72.05797110347692,18.250492296268035,837.1912518364919,118.60789894445467,0.0689337544072471,3,purge,0,0
2026-01-02 08:03:30,LOT-I,71.73868852103155,18.06835498174272,847.071241604363,116.64562761126282,0.0896787414026376,1,stabilize,0,0
2026-01-02 08:03:31,LOT-I,72.20302695975565,17.906830464548896,854.4930760001406,122.76683383983816,0.0758761385694227,8,stabilize,0,0
2026-01-02 08:03:32,LOT-I,72.47518515877726,18.340710414141128,851.643861884154,118.76562782397237,0.0676883507211639,2,stabilize,0,0
2026-01-02 08:03:33,LOT-I,71.40876234666074,18.03438168314184,859.2941475132886,120.551819184241,0.0795461653616692,3,stabilize,0,0
2026-01-02 08:03:34,LOT-I,72.03418009676183,18.088381011564447,832.8898639528579,118.52376023249366,0.0782289420919418,1,stabilize,0,0
2026-01-02 08:03:35,LOT-I,72.03560925219276,17.809138724916572,850.176089309994,118.70037472863788,0.0773760005510736,2,stabilize,0,0
2026-01-02 08:03:36,LOT-I,71.63633909023471,17.94558798144579,853.0116198017167,121.41681542583568,0.0650168863737262,2,stabilize,0,0
2026-01-02 08:03:37,LOT-I,71.65939168042853,18.249525779646007,853.3359663622357,119.38575415491472,0.07286592353856,4,stabilize,0,0
2026-01-02 08:03:38,LOT-I,71.1468691313354,18.185932085300895,855.7691387294708,121.1234752856702,0.0717218821613119,3,stabilize,0,0
2026-01-02 08:03:39,LOT-I,71.39327991620465,17.953232743634555,838.3313283307006,121.16181983871174,0.0828594776215995,7,stabilize,0,0
2026-01-02 08:03:40,LOT-I,71.15438787563161,18.002061038592075,864.451449292493,119.0753379600184,0.089487476753075,4,stabilize,0,0
2026-01-02 08:03:41,LOT-I,71.66088529580102,18.04974368657955,854.5404294930308,120.36486313005366,0.0840596963790092,7,stabilize,0,0
2026-01-02 08:03:42,LOT-I,71.69200753220852,17.764703231124063,855.6063004935821,121.1321660274128,0.0830490310260306,1,stabilize,0,0
2026-01-02 08:03:43,LOT-I,71.70229312275939,17.95366905036086,844.2313438199598,121.88037087513018,0.0873403007739316,2,stabilize,0,0
2026-01-02 08:03:44,LOT-I,72.20451366523362,17.872109066653213,851.8075006538958,119.47388989891918,0.0888870848240552,5,stabilize,0,0
2026-01-02 08:03:45,LOT-I,71.89683833447053,17.65355851777679,863.3046093793671,119.91747135145847,0.0694344797923347,5,stabilize,0,0
2026-01-02 08:03:46,LOT-I,71.59909799496936,18.03804318677233,849.848205132477,118.4050047846634,0.0601212245240139,3,stabilize,0,0
2026-01-02 08:03:47,LOT-I,71.60296432134494,17.964050662345528,851.9535739980399,121.15254156190343,0.0760340104827149,3,stabilize,0,0
2026-01-02 08:03:48,LOT-I,71.37766936717176,17.634048484733665,853.1671612199685,120.06764496109308,0.0922266845040467,2,stabilize,0,0
2026-01-02 08:03:49,LOT-I,71.89210754606735,17.801248161270312,833.6693986328742,117.78148974173166,0.0590725499795575,3,stabilize,0,0
2026-01-02 08:03:50,LOT-I,71.88226992719504,17.978227622033895,848.2744031836658,119.3517990228244,0.0626259031105924,1,stabilize,0,0
2026-01-02 08:03:51,LOT-I,72.89262697026535,17.277236720680122,856.9301651206919,119.72785514698565,0.0748652414352419,1,stabilize,0,0
2026-01-02 08:03:52,LOT-I,72.8437833996039,18.04600084488058,845.1145450325517,118.97283070847068,0.0674825052829069,4,stabilize,0,0
2026-01-02 08:03:53,LOT-I,72.8128460992502,18.06668087000482,849.5783073773769,118.7656465021738,0.0860511718515599,4,stabilize,0,0
2026-01-02 08:03:54,LOT-I,73.14358332072423,18.16222459475921,849.6725247311608,117.30835149013102,0.0750808137007211,1,stabilize,0,0
2026-01-02 08:03:55,LOT-I,71.33061249983128,17.851180480573177,834.2005597664792,120.07250914416264,0.0842455794561112,3,stabilize,0,0
2026-01-02 08:03:56,LOT-I,72.37014133012244,17.64431364604359,858.0430778597573,119.2408223011984,0.0777399164801684,1,stabilize,0,0
2026-01-02 08:03:57,LOT-I,72.41857918877419,18.157071903487928,836.4595589307163,121.37998054240175,0.0790220818403141,6,stabilize,0,0
2026-01-02 08:03:58,LOT-I,72.26191875194063,17.65625548227616,854.2266794148495,119.7541839341132,0.0600239413391973,2,stabilize,0,0
2026-01-02 08:03:59,LOT-I,73.16966913991178,18.13523672313921,848.6640339163408,121.25698303742472,0.066405523996366,9,stabilize,0,0
2026-01-02 08:04:00,LOT-I,73.39583138357524,17.83107389274985,846.5887614656408,118.01876612464775,0.0505875701937584,3,stabilize,0,0
2026-01-02 08:04:01,LOT-I,72.53865164548709,17.74695672105721,850.6678079473058,120.52431071332325,0.0649141380832627,5,stabilize,0,0
2026-01-02 08:04:02,LOT-I,72.3592304101661,18.073584283190662,857.5367954865467,121.08264808790354,0.0675891649458858,4,stabilize,0,0
2026-01-02 08:04:03,LOT-I,71.38268104945102,18.280561119931303,858.1345910276962,121.10860214096652,0.078274923509723,0,stabilize,0,0
2026-01-02 08:04:04,LOT-I,71.38380268047602,17.960764990854468,845.6965865543891,119.48752213957226,0.0603534561810877,1,stabilize,0,0
2026-01-02 08:04:05,LOT-I,74.68512267473486,18.83856516946036,848.3553632329409,118.51672114988116,0.1504820819088572,8,process,1,1
2026-01-02 08:04:06,LOT-I,74.25840202120494,18.47787112085337,841.4057091339064,122.59085585267891,0.1438072594161805,18,process,1,1
2026-01-02 08:04:07,LOT-I,73.5681916275654,19.107802019376248,835.3850116961602,119.62455732121737,0.1169676599302743,10,process,1,1
2026-01-02 08:04:08,LOT-I,74.2317866781087,18.918215089871445,859.5093938289704,118.03562792296051,0.1071092258033837,14,process,1,1
2026-01-02 08:04:09,LOT-I,74.49800429777761,18.832078925171576,839.0274707285224,119.60343722253631,0.1099652792461179,18,process,1,1
2026-01-02 08:04:10,LOT-I,74.81475980239848,19.227094671699582,842.6469965447873,120.46639691635625,0.132873484235616,8,process,1,1
2026-01-02 08:04:11,LOT-I,74.2407763231657,18.508142863598387,853.7940419137102,118.80977583421422,0.1143485632853686,9,process,1,1
2026-01-02 08:04:12,LOT-I,74.15193052063263,18.773846626933487,836.523088136338,120.60249949429132,0.1257005087397901,11,process,1,1
2026-01-02 08:04:13,LOT-I,74.30341429996189,18.901212548492552,854.8009573859609,121.3794481206139,0.1359343581652303,9,process,1,1
2026-01-02 08:04:14,LOT-I,74.39514086856589,18.82611301341851,841.5625348274622,119.88292199196172,0.1338912709409929,3,process,1,1
2026-01-02 08:04:15,LOT-I,73.66027672914727,18.290858042550248,838.6357049605964,121.56601626348235,0.1380202228316915,16,process,1,1
2026-01-02 08:04:16,LOT-I,74.75831962712088,18.98733398288432,844.1933266169046,119.77046995215244,0.11375259765374,9,process,1,1
2026-01-02 08:04:17,LOT-I,75.50467944981818,18.89237500115131,841.4894501706733,119.21005041855288,0.1371139187007654,8,process,1,1
2026-01-02 08:04:18,LOT-I,74.74781021969075,19.15269130293351,852.3605617773155,122.48317226918688,0.1375101901640438,13,process,1,1
2026-01-02 08:04:19,LOT-I,73.50349129945435,19.40996666216073,864.1813500729111,120.9649677845548,0.1406168995986712,12,process,1,1
2026-01-02 08:04:20,LOT-I,74.35197968350074,18.853026598052065,856.7405769763382,120.13689711256784,0.1391437061032693,7,process,1,1
2026-01-02 08:04:21,LOT-I,73.32890451008272,18.996118165445598,854.6493945682502,117.09801161737788,0.1139463253531138,12,process,1,1
2026-01-02 08:04:22,LOT-I,73.2939334740647,18.963264980394516,843.8468640009862,117.7646172989836,0.0999541794290028,8,process,1,1
2026-01-02 08:04:23,LOT-I,74.6625882179867,18.94244677610831,847.5886780647195,117.30697217594778,0.1336396987403002,8,process,1,1
2026-01-02 08:04:24,LOT-I,74.34270699592884,18.865422884121653,850.923675401499,119.8949541645446,0.1484184823734024,9,process,1,1
2026-01-02 08:04:25,LOT-I,73.92208939426537,18.996644184250123,849.2412284951712,119.91462171195656,0.1200178638773214,10,process,1,1
2026-01-02 08:04:26,LOT-I,73.15190410552086,19.182040933864258,851.2459855613101,120.62108734336448,0.1198898157519035,14,process,1,1
2026-01-02 08:04:27,LOT-I,73.6020873803662,18.687733819487452,837.7821051686221,121.60970055051662,0.1313619000972155,8,process,1,1
2026-01-02 08:04:28,LOT-I,74.38920785253762,19.375232149844734,867.3941495005877,117.530358003435,0.1422591408732113,6,process,1,1
2026-01-02 08:04:29,LOT-I,74.31754155203218,19.026574345440697,836.2921940415331,117.8169840139205,0.1380921919454575,8,process,1,1
2026-01-02 08:04:30,LOT-I,72.37933505038018,18.075744631198532,848.1503475169893,118.50162224419395,0.0601030194699054,1,process,0,0
2026-01-02 08:04:31,LOT-I,72.83786720574496,17.43771770182919,857.8650495497859,120.68812967445828,0.0690807268227725,4,process,0,0
2026-01-02 08:04:32,LOT-I,71.81340891273665,17.997343423880615,842.1216867056709,120.42132504312926,0.0675429727373101,1,process,0,0
2026-01-02 08:04:33,LOT-I,72.25793193582425,17.756025820644794,860.069186683131,118.3048054457723,0.0811897664952312,2,process,0,0
2026-01-02 08:04:34,LOT-I,71.9242108539084,18.143594444833862,835.4433793997557,118.84057434809893,0.0833768739409603,4,process,0,0
2026-01-02 08:04:35,LOT-I,71.72690320061326,18.238892456043963,842.1077770076937,120.5651210912016,0.0637358172068768,1,process,0,0
2026-01-02 08:04:36,LOT-I,71.86536508987149,18.28747012902957,826.0178654950844,120.06821040649837,0.0646098140113616,2,process,0,0
2026-01-02 08:04:37,LOT-I,72.52841426600594,17.958399211022307,859.8512546463111,121.57778265096536,0.0777866568433323,6,process,0,0
2026-01-02 08:04:38,LOT-I,71.43436956654418,17.981350994232827,837.5609185512191,118.66409421827316,0.0717229957643848,0,process,0,0
2026-01-02 08:04:39,LOT-I,72.62757103199242,18.109280495684462,842.5596700992255,119.73919214069127,0.0651136452748837,3,process,0,0
2026-01-02 08:04:40,LOT-I,72.81250796060382,17.47548331528548,857.1203986330971,118.37871374610758,0.0689262926690418,1,purge,0,0
2026-01-02 08:04:41,LOT-I,72.01965307980001,17.8915594418475,852.882398181661,121.79058698982384,0.0815902286600823,4,purge,0,0
2026-01-02 08:04:42,LOT-I,72.14020503675634,17.864304914705006,860.0693956137804,121.59203579693248,0.0701304461257441,4,purge,0,0
2026-01-02 08:04:43,LOT-I,71.22351038115883,18.13020392211268,855.8905645480355,120.73475683961622,0.0729124402581371,3,purge,0,0
2026-01-02 08:04:44,LOT-I,73.29829400275001,17.885656155702492,858.319095375562,121.51289864550114,0.0650676319588894,5,purge,0,0
2026-01-02 08:04:45,LOT-I,72.53838713448823,18.18597350891754,844.5941386483603,122.15810915467011,0.0815025573148243,2,purge,0,0
2026-01-02 08:04:46,LOT-I,72.094751724865,17.95179132707759,848.5360818520592,122.28384248090414,0.0681485933100762,2,purge,0,0
2026-01-02 08:04:47,LOT-I,72.0315906818617,18.2138208605601,856.7749117928745,122.67379769115114,0.0775298726093265,2,purge,0,0
2026-01-02 08:04:48,LOT-I,72.24803452770686,18.55458391251602,856.9078532172111,118.8331111226272,0.0764145753459383,2,purge,0,0
2026-01-02 08:04:49,LOT-I,71.64182023567751,18.38950415173364,858.8376119064894,118.7076046852841,0.0697157794256148,5,purge,0,0
2026-01-02 08:04:50,LOT-I,72.15579397035985,18.23677792034251,841.7200381268412,122.02928503061736,0.0643576913365165,5,purge,0,0
2026-01-02 08:04:51,LOT-I,71.49203268598416,18.28618158614762,838.4145323034948,119.30889363131926,0.0734548523503407,2,purge,0,0
2026-01-02 08:04:52,LOT-I,72.27352577603861,17.90851535533012,836.8266270978908,117.17293871080255,0.0706943963472642,1,purge,0,0
2026-01-02 08:04:53,LOT-I,71.6269827013543,17.80734309638686,844.640303205352,119.26410407181628,0.0865414532885966,2,purge,0,0
2026-01-02 08:04:54,LOT-I,72.49253508079498,17.788515886579464,848.3608500527276,121.61607664337436,0.0642176491009541,1,purge,0,0
2026-01-02 08:04:55,LOT-I,71.93379696637516,18.04893820116268,837.4389342178797,119.24954704469666,0.0834847696391676,3,purge,0,0
2026-01-02 08:04:56,LOT-I,72.14781034465358,18.368350304109708,847.5300506205268,121.2095141371287,0.088900603906123,3,purge,0,0
2026-01-02 08:04:57,LOT-I,73.62848846059707,17.817654925916727,855.682849715126,120.4797049588294,0.0823169863794936,5,purge,0,0
2026-01-02 08:04:58,LOT-I,72.4423282254826,18.11716671942575,859.2573980436911,117.85015523264435,0.0833705041495467,4,purge,0,0
2026-01-02 08:04:59,LOT-I,72.1472902296096,17.688198285668044,843.4953291629697,120.71478575287782,0.0714351009253558,5,purge,0,0
2026-01-02 08:05:00,LOT-I,72.02441370881134,17.695913016518073,855.0459900797929,120.0116747826356,0.0799230472772755,2,purge,0,0
2026-01-02 08:05:01,LOT-I,71.42846083507392,18.214405692774204,836.6037776662724,119.12062314752109,0.0800390781387219,4,purge,0,0
2026-01-02 08:05:02,LOT-I,72.59632162623137,17.82831870543149,842.7659491452841,117.7137782492846,0.0552503482773963,4,purge,0,0
2026-01-02 08:05:03,LOT-I,72.88128655024963,17.821143536634793,850.4314756043532,122.54965393463957,0.0706994581766018,3,purge,0,0
2026-01-02 08:05:04,LOT-I,72.03539531645482,18.493862985101007,842.9090329565911,118.5407712807148,0.0601273594387428,0,purge,0,0
2026-01-02 08:05:05,LOT-I,72.92221334040292,18.01723481890888,841.5786332196831,116.74284175472098,0.0522979308883592,0,purge,0,1
2026-01-02 08:05:06,LOT-I,71.9382472264988,17.988880118822713,852.0474271351579,121.32683642310128,0.074401933408028,3,purge,0,0
2026-01-02 08:05:07,LOT-I,71.02482010752178,17.942598566900173,839.452454886318,119.28323333977536,0.0799551914139403,2,purge,0,0
2026-01-02 08:05:08,LOT-I,71.64071894110401,18.103835085214307,850.47081433351,121.88784381118326,0.0667393393021905,5,purge,0,0
2026-01-02 08:05:09,LOT-I,71.41865421863989,17.82304320919111,848.2894409286928,119.82842564296968,0.0809395314401328,1,purge,0,0
2026-01-02 08:05:10,LOT-I,71.84900298700116,18.014329179504873,854.4447721925355,119.97168375500124,0.0816043156064628,2,purge,0,0
2026-01-02 08:05:11,LOT-I,72.34483944596849,18.27167558479429,856.9031700995062,120.93196944933425,0.0759324471488176,5,purge,0,0
2026-01-02 08:05:12,LOT-I,71.48906453563558,17.919840138087253,850.6859878468679,120.18173862793776,0.0688647983144775,2,purge,0,0
2026-01-02 08:05:13,LOT-I,71.95586518923368,17.405290411625632,844.3818315303378,120.17512719102386,0.082896527176776,4,purge,0,0
2026-01-02 08:05:14,LOT-I,72.10964365189626,17.836272511203163,859.425195270048,121.7238827422386,0.0960011959909288,2,purge,0,0
2026-01-02 08:05:15,LOT-J,71.59683446691125,18.192019389940363,851.3118480128372,118.55278552221256,0.0502771845590633,4,stabilize,0,0
2026-01-02 08:05:16,LOT-J,71.49987449817074,18.280224160831644,840.5403655987055,120.88396678416493,0.083630059365218,7,stabilize,0,0
2026-01-02 08:05:17,LOT-J,72.0479505460123,18.09089356337081,851.0638638225992,120.4554922831566,0.0610331234253232,3,stabilize,0,0
2026-01-02 08:05:18,LOT-J,72.479803305088,18.356853974668915,843.2121758337225,117.43444902722956,0.0850562265970563,1,stabilize,0,0
2026-01-02 08:05:19,LOT-J,76.86822455935966,19.240095225342767,824.0858951012049,121.76835903938122,0.0868523574774058,1,stabilize,1,1
2026-01-02 08:05:20,LOT-J,71.58673460141158,18.31971607394121,839.7457848372069,121.22566072383812,0.0700795548301547,2,stabilize,0,0
2026-01-02 08:05:21,LOT-J,71.92231066315169,18.05244243930385,845.545036341921,122.45437463829496,0.0697684522985717,4,stabilize,0,0
2026-01-02 08:05:22,LOT-J,72.15947173585027,18.168991714450737,844.7543071327682,119.3025827317251,0.0747393658508686,2,stabilize,0,0
2026-01-02 08:05:23,LOT-J,71.70134073036871,17.284896570661058,833.9509005471526,118.24389364504412,0.076419878190158,0,stabilize,0,0
2026-01-02 08:05:24,LOT-J,71.81621872506773,18.223120903031667,845.8353111385582,124.9039345087404,0.0725637772054591,0,stabilize,0,0
2026-01-02 08:05:25,LOT-J,71.87280229794032,18.058239578545177,853.5993124622435,118.37415900670992,0.0886573527020358,5,stabilize,0,0
2026-01-02 08:05:26,LOT-J,71.40281462308639,18.4770802683038,837.9325239519058,118.73239132229544,0.0561760621444858,4,stabilize,0,0
2026-01-02 08:05:27,LOT-J,71.9023545899742,18.047049348128866,851.8970077987623,120.8854768706345,0.0689638924854905,2,stabilize,0,0
2026-01-02 08:05:28,LOT-J,71.69197370843881,17.756673489606325,829.0637233102742,119.30784759641448,0.0828073021285831,2,stabilize,0,0
2026-01-02 08:05:29,LOT-J,72.87086403971416,17.799188499427178,854.3804444391427,120.65822957149834,0.071548411336762,1,stabilize,0,0
2026-01-02 08:05:30,LOT-J,71.71547266065953,18.10140270579824,843.66394054745,117.88097563153822,0.0720151387049603,2,stabilize,0,0
2026-01-02 08:05:31,LOT-J,72.25141105116359,18.076949322031304,835.9258189376714,117.2850320973112,0.0713751252333948,3,stabilize,0,0
2026-01-02 08:05:32,LOT-J,72.20873536269673,17.84146560797702,860.4061093728491,119.12435032408604,0.0864148759251486,3,stabilize,0,0
2026-01-02 08:05:33,LOT-J,71.38508233360366,17.73299669712686,853.9660969300355,121.07676291981208,0.0833301710428771,3,stabilize,0,0
2026-01-02 08:05:34,LOT-J,71.3130776719914,18.379005296055,858.8044504440225,119.94724187290656,0.05908715376574,3,stabilize,0,0
2026-01-02 08:05:35,LOT-J,71.7549829033785,17.94033135724592,852.4087615231252,121.91060804284136,0.0613410501838753,4,stabilize,0,0
2026-01-02 08:05:36,LOT-J,72.36441576441726,17.982870825589497,852.7744491112346,119.5800487065992,0.0700218463234689,3,stabilize,0,0
2026-01-02 08:05:37,LOT-J,71.68471837831845,17.866663354950177,845.467907354207,120.3008366531684,0.073342987976115,5,stabilize,0,0
2026-01-02 08:05:38,LOT-J,71.63911507421005,18.349593453352032,853.5187507781227,118.54889573963212,0.0858786981126447,5,stabilize,0,0
2026-01-02 08:05:39,LOT-J,70.40487859314162,18.27886481906107,848.4609577777995,117.66494189809178,0.0735940654518543,2,stabilize,0,0
2026-01-02 08:05:40,LOT-J,71.78173860928806,17.74458906505839,842.913881459629,118.06055408134776,0.0908596409073516,4,stabilize,0,0
2026-01-02 08:05:41,LOT-J,72.17186338592032,17.980854849008345,847.4061744507428,118.7296203188012,0.0973826337465225,5,stabilize,0,0
2026-01-02 08:05:42,LOT-J,72.24457797428676,17.769472243620182,836.5594599311853,123.13876788403348,0.06458603803192,3,stabilize,0,0
2026-01-02 08:05:43,LOT-J,72.23605574450768,18.46358701641696,849.0278492928278,117.94427529842343,0.0770605068626404,5,stabilize,0,0
2026-01-02 08:05:44,LOT-J,71.81968553394434,18.110819223652488,853.6731767457599,118.59070809616178,0.0873935339329303,1,stabilize,0,0
2026-01-02 08:05:45,LOT-J,71.87506319393988,17.929945918732724,850.523695590621,122.18926422681017,0.0778421417142162,3,stabilize,0,0
2026-01-02 08:05:46,LOT-J,72.4577519397391,17.915625515112378,854.9395128837009,118.9355460235239,0.0791815363151353,2,stabilize,0,0
2026-01-02 08:05:47,LOT-J,71.92535901352134,18.13604217449676,846.1829092935927,120.94036448927878,0.0695747162533872,8,stabilize,0,0
2026-01-02 08:05:48,LOT-J,70.73332616762134,17.93849244850117,849.606979164234,116.3580187640068,0.0684463296373697,2,stabilize,0,0
2026-01-02 08:05:49,LOT-J,72.56100532450664,18.385665015711645,849.5596322439,118.44648303334388,0.0775343218758632,2,stabilize,0,0
2026-01-02 08:05:50,LOT-J,71.4072757462045,17.7684498707748,868.490007773684,120.81669518696395,0.0870353884995578,4,process,0,0
2026-01-02 08:05:51,LOT-J,72.75640888204184,17.691336338794812,836.3236875286871,117.28332805741992,0.0624843948535136,2,process,0,0
2026-01-02 08:05:52,LOT-J,72.93178083268546,18.35262076185015,869.3726410436522,120.2841957344425,0.0733892164445374,3,process,0,0
2026-01-02 08:05:53,LOT-J,72.41934182144703,17.893576806892902,842.0295917868679,120.052799203945,0.0967198666140172,6,process,0,0
2026-01-02 08:05:54,LOT-J,72.49726363558018,18.35496746103458,845.9443820915225,119.09798174985256,0.0727752201822326,2,process,0,0
2026-01-02 08:05:55,LOT-J,73.02178928482073,18.21996752686102,852.0489535750561,119.55764648921148,0.0771290906637131,3,process,0,0
2026-01-02 08:05:56,LOT-J,71.39383163186409,17.66047699279435,855.0516441237287,121.12288315499477,0.0847296795197724,4,process,0,0
2026-01-02 08:05:57,LOT-J,72.13961851085553,17.847623949397107,849.0233298444301,119.91193260562012,0.0820136423581391,4,process,0,0
2026-01-02 08:05:58,LOT-J,72.13148637441456,18.012329147415105,851.5007686410843,121.56748314924852,0.0732617310386423,3,process,0,0
2026-01-02 08:05:59,LOT-J,71.46808968453139,17.944889560623363,863.1315755112425,121.2425013231084,0.072528102304588,4,process,0,0
2026-01-02 08:06:00,LOT-J,73.10649685176246,18.075719450272384,875.1239072679607,122.4537051961596,0.0934534983398951,2,process,0,0
2026-01-02 08:06:01,LOT-J,71.68061863876433,17.846876277413052,853.3845134646289,119.3168587463401,0.0638198026792553,4,process,0,0
2026-01-02 08:06:02,LOT-J,71.59781453236195,17.978767787521264,856.2341127995104,120.26418949236444,0.0589107004647306,1,process,0,0
2026-01-02 08:06:03,LOT-J,72.14724283675261,18.25037126516441,848.3415449259007,118.30713908102136,0.0885204563769203,3,process,0,0
2026-01-02 08:06:04,LOT-J,72.56711467907633,18.333229434110432,865.7928796312946,120.98270971245952,0.0903215391011793,3,process,0,0
2026-01-02 08:06:05,LOT-J,71.66942440682494,17.802488939038493,848.2081023371646,118.85565820697386,0.0636110339542863,2,process,0,0
2026-01-02 08:06:06,LOT-J,71.67023798947308,17.942006818392144,854.3808012626437,120.97790648374412,0.0857810630711204,6,process,0,0
2026-01-02 08:06:07,LOT-J,72.2772600112023,17.968303209500363,838.9827808995576,119.54711955243984,0.0796230220378524,1,process,0,0
2026-01-02 08:06:08,LOT-J,71.21591202527176,17.662536606608814,822.9823483324975,119.71890420843374,0.0739625380207811,4,process,0,0
2026-01-02 08:06:09,LOT-J,71.57507791135893,18.234497909833134,871.8392215414358,120.358843281148,0.0766556796633014,1,process,0,0
2026-01-02 08:06:10,LOT-J,71.53897067673594,18.14117593160271,859.9273691413201,118.8057243195134,0.0975553805796294,4,process,0,0
2026-01-02 08:06:11,LOT-J,71.76111615124081,18.13034671738145,858.4415053993561,118.9222608002273,0.084364809034558,2,process,0,0
2026-01-02 08:06:12,LOT-J,71.92175348003256,17.97242993507777,840.1377166773211,118.99514388848648,0.0825323065870882,3,process,0,0
2026-01-02 08:06:13,LOT-J,73.01431463505494,18.217583274835743,833.2257628159311,119.12447822225698,0.0817466170826883,4,process,0,0
2026-01-02 08:06:14,LOT-J,72.49904850783058,18.24085366692356,847.0150089967387,120.98167629637064,0.0683567607311501,3,process,0,0
2026-01-02 08:06:15,LOT-J,72.01231901860507,18.29000708102988,850.5354412427188,119.36537912739298,0.071709129870572,5,process,0,0
2026-01-02 08:06:16,LOT-J,71.87641396005988,17.957479292405672,856.5158562965875,119.06727373948038,0.0737905496920482,3,process,0,0
2026-01-02 08:06:17,LOT-J,68.48089319607251,16.687343641168663,849.4877691708297,121.29499338470512,0.0649735119692419,2,process,1,1
2026-01-02 08:06:18,LOT-J,72.2356199608478,17.902803641706022,862.054196624427,121.08554372583887,0.0818814748023872,0,process,0,0
2026-01-02 08:06:19,LOT-J,72.4901649259474,17.919265660246317,852.8173339735232,119.7289110221623,0.089343412247537,1,process,0,0
2026-01-02 08:06:20,LOT-J,72.75953629327856,18.245368259405712,852.4466466578266,123.91476725750286,0.0743980704085682,2,process,0,0
2026-01-02 08:06:21,LOT-J,71.4454983004989,18.01343450762986,860.8877957906062,118.30547837970306,0.0657135309537927,2,process,0,0
2026-01-02 08:06:22,LOT-J,70.76092977264781,17.961577016950823,842.7788176538487,122.54615409896358,0.0660656120251503,7,process,0,0
2026-01-02 08:06:23,LOT-J,71.98800862817747,18.15080223290021,853.1965165149268,120.3902408441359,0.0946949306718102,2,process,0,0
2026-01-02 08:06:24,LOT-J,72.04370375341155,18.166375536743555,843.8956893635668,121.58215639031644,0.0685075740276376,1,process,0,0
2026-01-02 08:06:25,LOT-J,72.15772837241316,17.811427545608492,917.7113327260556,119.49466221003355,0.060882731889783,2,purge,1,1
2026-01-02 08:06:26,LOT-J,71.67064692929883,17.8380752339781,939.3550700223124,121.84098476895592,0.0576932534060937,6,purge,1,1
2026-01-02 08:06:27,LOT-J,71.87205884615913,18.17807491855256,935.2050300654032,118.39923201226104,0.0698653339074558,4,purge,1,1
2026-01-02 08:06:28,LOT-J,72.30730518370804,18.131516019744968,929.6999345543384,121.24955718561878,0.0901249391590891,4,purge,1,1
2026-01-02 08:06:29,LOT-J,72.33690715305883,17.947603143827774,937.3508802981416,120.38948527373532,0.0905503187514044,5,purge,1,1
2026-01-02 08:06:30,LOT-J,72.732038363584,18.298963939620105,928.1212879734628,121.41523234546275,0.0826419640281044,5,purge,1,1
2026-01-02 08:06:31,LOT-J,70.80854632225596,17.97522054974784,937.7963506530187,119.20144290332304,0.0666774260872316,5,purge,1,1
2026-01-02 08:06:32,LOT-J,71.09323783279712,17.517158909443697,916.0489569762374,120.6505186840657,0.0854652647150318,5,purge,1,1
2026-01-02 08:06:33,LOT-J,72.80406765938903,17.801026668145354,922.9789811121626,118.72357961302995,0.0732470694916151,4,purge,1,1
2026-01-02 08:06:34,LOT-J,72.33450919566515,17.631312002132958,928.218493688781,119.40295828727444,0.0829156816458731,4,purge,1,1
2026-01-02 08:06:35,LOT-J,72.4363891822291,18.286402068872512,839.4816992031926,119.58004378565242,0.1017599571211307,6,purge,0,0
2026-01-02 08:06:36,LOT-J,71.8433410318592,18.126303078933898,842.7970827880995,119.00819295820024,0.0729275948035375,4,purge,0,0
2026-01-02 08:06:37,LOT-J,71.73921453384717,18.029676896120552,837.175682959971,119.19216718291398,0.0593034085321179,1,purge,0,0
2026-01-02 08:06:38,LOT-J,72.10989205559888,17.420602829638444,856.1506363612747,118.02204369802632,0.0985822962928652,4,purge,0,0
2026-01-02 08:06:39,LOT-J,71.4831168708843,17.63068786840203,844.876572447667,119.7767234104566,0.0737807686232281,4,purge,0,0
2026-01-02 08:06:40,LOT-J,71.15841107210385,17.962314483700702,852.122511057935,122.29346502960328,0.0735550509942343,7,purge,0,0
2026-01-02 08:06:41,LOT-J,71.3891865495873,17.554948093806594,854.6455863966125,124.51488933240994,0.0560749488074975,1,purge,0,0
2026-01-02 08:06:42,LOT-J,72.06408940071626,18.23544867036188,847.9084516864789,118.64005869520712,0.0847464584559158,3,purge,0,0
2026-01-02 08:06:43,LOT-J,72.35045520929705,17.974261846699072,849.6998784631298,118.76793137003298,0.0884533002142783,3,purge,0,0
2026-01-02 08:06:44,LOT-J,72.90819264289355,17.964221963765983,850.8310661700089,120.51450317087134,0.0788945095551683,3,purge,0,0
2026-01-02 08:06:45,LOT-J,72.20450176217696,17.984147465878895,853.6761145437495,120.77915124431976,0.0889882472663878,1,purge,0,0
2026-01-02 08:06:46,LOT-J,72.2598843537774,17.762462661342294,862.7296640996293,117.91637451579776,0.0711248812442905,2,purge,0,0
2026-01-02 08:06:47,LOT-J,72.92847751080393,17.73921126874791,838.6309372325201,116.29921769855392,0.0921027128349112,2,purge,0,0
2026-01-02 08:06:48,LOT-J,71.57283951605122,17.525336802975154,850.3679391940245,120.3964749239492,0.0852319352601066,4,purge,0,0
2026-01-02 08:06:49,LOT-J,71.47238974548748,18.005868812700918,837.6493963607617,122.11702653845018,0.0971283278493694,2,purge,0,0
2026-01-02 08:06:50,LOT-J,71.704137589109,18.10156465539814,863.7701786892766,122.2541120278754,0.0559010647594936,4,purge,0,0
2026-01-02 08:06:51,LOT-J,71.94707676499432,17.940599401225395,831.4278411544971,119.97069465404176,0.0609536516667024,3,purge,0,0
2026-01-02 08:06:52,LOT-J,73.11277967518357,17.92936738460864,851.1253902118627,122.20699877174434,0.0866501675057977,3,purge,0,0
2026-01-02 08:06:53,LOT-J,71.80813774154026,17.764977783891823,845.3744048801123,119.71418841310712,0.0805155773206163,2,purge,0,0
2026-01-02 08:06:54,LOT-J,72.71891237019385,18.06267142684628,843.8178599265236,117.75272605264244,0.0650052182778041,3,purge,0,0
2026-01-02 08:06:55,LOT-J,71.74003655436108,17.387147681013797,856.5196622825008,119.7713863848065,0.0771763676763965,5,purge,0,0
2026-01-02 08:06:56,LOT-J,72.27027889912699,17.723888353217088,854.7138158592734,121.63918774595967,0.0872206790332871,2,purge,0,0
2026-01-02 08:06:57,LOT-J,72.37472431091835,17.835396269661132,840.0453707398781,120.1934726927158,0.0897745361090811,2,purge,0,0
2026-01-02 08:06:58,LOT-J,72.29312389693972,17.872878127681524,854.0385207282235,119.08061951960975,0.0793203341563143,1,purge,0,0
2026-01-02 08:06:59,LOT-J,72.41307560506124,18.054477750221583,852.3068121797974,120.07218568006836,0.0772869862429365,4,purge,0,0
