time_s,speed_mps,accel_mps2,steering_deg,yaw_rate_rps,front_distance_m,ttc_s,throttle_pct,brake_pct,motor_current_a,battery_voltage_v,event_label,iforest_anomaly
25.0,13.840135780988822,2.35997648406846,1.6300971770116837,0.0334977478311645,26.047938334941964,1.8820580048587456,84.62560219509584,0.0,8.278837623642897,12.340769664992909,HARD_ACCEL,True
25.1,13.857494744812955,2.3757995402140084,2.0852652987051745,0.0376263574141831,26.09208149290426,1.8828859020618336,85.04548114808836,0.0,8.439434576323974,12.38467280899363,HARD_ACCEL,True
25.200000000000003,13.87394432925357,2.1584249250724263,-0.2621789525770301,-0.0491370717115419,26.79989608536774,1.931671012176362,79.63414518776565,0.0,8.340767888648056,12.344092899475484,HARD_ACCEL,True
25.3,13.889467438344294,2.5047403925543343,2.1869164247546093,0.046443249780299,27.09414660465271,1.950697298145111,88.31376422754036,0.0,8.225790883301045,12.375725218421504,HARD_ACCEL,True
25.4,13.904047618307212,2.3679055408879925,0.6702128328166267,0.0196754805623118,23.391191530164857,1.6823296476175824,84.9133051878299,0.0,8.320660933402035,12.401103075984306,HARD_ACCEL,True
25.5,13.917669071176586,2.19324897288553,0.7801135721163031,0.0329723387083279,27.865828375484305,2.0021907571573374,80.56596102178547,0.0,8.194086421936234,12.391125676928889,HARD_ACCEL,True
25.6,13.930316667893107,2.425944746544853,1.927396546020484,0.0548692483339061,26.94806598266952,1.9344905521623927,86.40106199867166,0.0,8.668729667622312,12.301975575275858,HARD_ACCEL,True
25.700000000000003,13.941975960857883,2.3569249505373557,-0.3044926809195207,-0.025206437104307,26.223881351817923,1.8809300364196224,84.69189010863491,0.0,8.418800444715922,12.314121797432724,HARD_ACCEL,True
25.8,13.952633195936016,2.379763032429327,2.2187031888303927,0.0496814840587834,26.44371684179121,1.8952491956495692,85.2777622850436,0.0,8.380475408142669,12.35853301145394,HARD_ACCEL,True
25.9,13.962275323899853,2.340911406507233,3.1752783749102256,0.0713068898037073,25.80106653660852,1.847912746172801,84.31997061614061,0.0,8.263729253442534,12.283703661259256,HARD_ACCEL,True
26.0,13.970890011302645,2.3486136986042165,0.1443712580632045,-0.0203429329391257,24.33514542342249,1.7418464681731098,84.52458848092911,0.0,8.111875115250648,12.32511005595417,HARD_ACCEL,True
26.1,13.978465650773668,2.2801866506309616,1.5066008774398978,0.0101034007622011,26.11817002254716,1.868457574319081,82.82451817685717,0.0,8.580332008775263,12.357772155918637,HARD_ACCEL,True
26.200000000000003,13.984991370726444,2.2783859873686514,-0.3097083956248335,-0.0350879041252973,25.01275877804344,1.788543025518089,82.78863760323331,0.0,8.39450488880303,12.327666186613344,HARD_ACCEL,True
26.3,13.99045704447205,2.1696347239950544,0.9333801231325436,-0.0055835110375795,25.16369369444021,1.7986327118872043,80.07750796213723,0.0,8.49754689134276,12.300387134021063,HARD_ACCEL,True
26.4,13.99485329873014,2.4485797120383546,-0.6671513359258014,0.0140163455068026,25.748057225370427,1.8398233033072768,87.05728741918107,0.0,8.8428977314157,12.347028752247562,HARD_ACCEL,True
26.5,13.998171521530702,2.50947725205655,1.1716830716369433,0.0141684707939448,25.72231583321306,1.8375482679040869,88.58437143155673,0.0,8.825308594527637,12.28244013942068,HARD_ACCEL,True
26.6,14.000403869500026,2.302702484451686,1.652229922007619,0.0578261839033086,25.97812804660459,1.855527046844564,83.41812752859218,0.0,8.30410986645051,12.285621174386746,HARD_ACCEL,True
26.700000000000003,14.00154327452503,2.26824389218765,-0.348025821416158,-0.0168891654081679,27.60729684814564,1.971732423123347,82.5582578890263,0.0,8.478369226013456,12.396757162423194,HARD_ACCEL,True
26.8,14.00158344979038,2.139098135762457,1.5914442821399222,0.0897395208507686,25.789387624685684,1.8418907916498384,79.32967022376796,0.0,8.637918422733602,12.338444531863994,HARD_ACCEL,True
26.9,14.000518895183555,2.039267678860628,0.7014285016482138,0.0410911485095469,25.472171048052065,1.8193733559986105,76.83241842477267,0.0,8.481627271791542,12.302261619571713,HARD_ACCEL,True
27.0,13.998344902063364,2.252984195366711,0.9539905032771478,0.0124857542347335,25.25070144985467,1.8038347837916684,82.17228774705647,0.0,8.391802300157313,12.317601262012086,HARD_ACCEL,True
27.1,13.995057557388035,2.42916044512532,-0.2635892403094766,0.0220177441704055,27.500500012433758,1.965015141928884,86.57209170847625,0.0,8.383961762336659,12.338953821799205,HARD_ACCEL,True
27.200000000000003,13.990653747199534,2.007592109628324,1.1253481629135096,0.0855672790428853,26.66104552614772,1.905632574995602,76.02671798678745,0.0,9.00259148370929,12.358592778339986,HARD_ACCEL,True
27.3,13.985131159461131,2.3014268280871706,0.4020586795305076,0.024469915918827,26.33215988212366,1.8828682821690657,83.36485432542486,0.0,8.516604487334714,12.335444809196282,HARD_ACCEL,True
27.4,13.978488286246057,2.1906206225135176,-0.3003075784753399,-0.0161274057232368,26.35745429695276,1.8855725853336245,80.58539916358242,0.0,8.456043685281045,12.35420160525608,HARD_ACCEL,True
27.5,13.970724425275272,2.2910590775060617,1.6746866893096044,0.0307257735197602,26.8695575717081,1.923275898499349,83.08549113303692,0.0,7.913730610015815,12.39694402600944,HARD_ACCEL,True
27.6,13.961839680803228,2.2074871529298585,0.92202300501792,0.0566372575214519,23.775948752958143,1.7029237762734653,80.98375437637098,0.0,8.351222836710996,12.35537222619958,HARD_ACCEL,True
27.700000000000003,13.951834963850768,1.9822093949821051,2.077300003372589,0.0509878415939624,24.891700267316978,1.7841165933951644,75.3378038239437,0.0,8.415537382746734,12.364487795107888,HARD_ACCEL,True
27.8,13.94071199178503,2.080445354332144,0.4792608656295058,0.0525820471887583,24.9237777812148,1.7878410941924534,77.77813064680264,0.0,8.530927557957677,12.373442085041995,HARD_ACCEL,True
27.9,13.928473287246645,2.17368829701281,0.367671213595805,0.0713546911465296,23.958448287617134,1.7201058431547025,80.09207002746557,0.0,8.476839019215202,12.365216628956643,HARD_ACCEL,True
58.0,6.561420762514343,-3.144632851811138,-0.5224786449104128,-0.0389967423272335,24.16409054529017,3.6827527786878993,0.0,86.83898555433414,4.273832208082467,12.417319982373844,HARD_BRAKE,True
58.1,6.528026402532503,-3.1485202668767056,1.882445619115263,0.027323149068267,24.234381638438517,3.712359623581938,0.0,86.95560800630116,4.341004757702821,12.427747458861326,HARD_BRAKE,True
58.2,6.49552394477643,-3.147986647546856,0.5774287115198019,-0.0189776220662283,22.66321026799915,3.4890503769483368,0.0,86.93959942640568,4.309573214627812,12.406433043104244,HARD_BRAKE,True
58.3,6.463931225998402,-3.112253547371162,0.3191813335484574,0.0202522409371802,24.774861154185032,3.832785388331289,0.0,85.86760642113487,4.243193098816966,12.473563265892944,HARD_BRAKE,True
58.400000000000006,6.433265439890568,-3.1254002749225847,0.1050911731977212,0.0411830691171083,24.628320721298287,3.828276782827295,0.0,86.26200824767754,4.442358807887375,12.45793536673034,HARD_BRAKE,True
58.5,6.4035431234887215,-3.120191718137859,1.732853713949432,0.0388784897657492,25.664947959842465,4.007929276793863,0.0,86.10575154413577,4.427570172162442,12.500641759117112,HARD_BRAKE,True
58.6,6.374780144107005,-3.249096580319781,1.6068811674995027,0.0071375183743532,25.6012394561896,4.016019200263084,0.0,89.97289740959343,4.389804325463303,12.4152444032342,HARD_BRAKE,True
58.7,6.34699168681414,-3.014672053967204,1.4634811834268475,0.0220165017995832,25.056450242281237,3.9477679314337135,0.0,82.94016161901611,4.204572215937086,12.401830071955873,HARD_BRAKE,True
58.8,6.32019224246143,-3.0402551070805583,0.0926662344594516,0.0247605172158059,24.141279360486585,3.819706495365186,0.0,83.70765321241674,4.371516327890339,12.45574331836604,HARD_BRAKE,True
58.900000000000006,6.294395596272255,-3.091585337457244,2.083886752961267,0.0726886609930164,24.40919326357789,3.8779248762238274,0.0,85.2475601237173,4.51266023297193,12.452277706323343,HARD_BRAKE,True
59.0,6.269614817002372,-2.9930418277804214,1.0643220927638464,0.0144267190490237,24.25900141779293,3.869296938626231,0.0,82.29125483341264,4.226406870299963,12.475878171532246,HARD_BRAKE,True
59.1,6.245862246679826,-2.8815886058837137,2.2024217441433125,0.0464005943473795,25.514715687739432,4.08505898465861,0.0,78.94765817651141,4.096702168224303,12.518215596263532,HARD_BRAKE,True
59.2,6.223149490932851,-3.093387013376652,0.8458136433630347,0.0010961921663253,25.124665086693803,4.037290944609401,0.0,85.30161040129956,4.475946896187091,12.482154233291975,HARD_BRAKE,True
59.3,6.201487409913616,-3.2404991621902832,1.667739897045528,0.0413591277443161,25.26312663651486,4.073720539386979,0.0,89.7149748657085,4.242489717963365,12.431562146409734,HARD_BRAKE,True
59.400000000000006,6.180886109825213,-3.1843983159130325,0.3179216124772955,-0.0006629690273877,24.74516133009684,4.003497377303495,0.0,88.03194947739098,4.414181877738802,12.470185151024491,HARD_BRAKE,True
59.5,6.161354935058782,-3.18670427225122,1.9255299789932008,0.0314493216010025,25.85680561094573,4.196610304629211,0.0,88.1011281675366,4.320380912958583,12.425078954734198,HARD_BRAKE,True
59.6,6.142902460947168,-3.038966290673828,1.4662994325217076,0.0357636366825564,26.003103656565955,4.233032157335697,0.0,83.66898872021484,4.253831595899178,12.449806765563704,HARD_BRAKE,True
59.7,6.125536487141017,-2.737707820265211,0.6642797644017241,-0.0161793029348534,24.183846270388997,3.948037257007078,0.0,74.63123460795633,4.041809073993621,12.463091302939834,HARD_BRAKE,True
59.8,6.10926403161268,-3.0250483169207563,1.6211523874061886,0.0321096698005869,26.77735473643523,4.383073738158069,0.0,83.25144950762268,4.420639337505413,12.485247814922404,HARD_BRAKE,True
59.900000000000006,6.094091325292819,-3.003350249601501,1.1356767738069653,0.0782238391391486,25.825838420798675,4.237848933049548,0.0,82.60050748804504,4.31728270613668,12.411536054894928,HARD_BRAKE,True
60.0,6.080023807344066,-2.9865925428233697,0.2010227042223358,-0.0160850109767101,25.847477005999725,4.251213124326673,0.0,82.0977762847011,4.29166955746915,12.43270828924088,HARD_BRAKE,True
60.1,6.06706612107556,-2.768395856942038,1.5632620843120903,-0.013469548935577,25.448430765614862,4.194520095505966,0.0,75.55187570826115,3.8577891741065207,12.458141319689949,HARD_BRAKE,True
60.2,6.05522211050172,-2.8337960522510466,2.360314063586682,0.0489966085724029,26.11798585057573,4.313299392482841,0.0,77.5138815675314,4.24895147408661,12.48445322276312,HARD_BRAKE,True
60.3,6.044494817547999,-3.0460506189169827,1.76484634096017,0.0633465710228963,26.59572146962904,4.39999078044008,0.0,83.88151856750949,4.393479714565356,12.404461760457083,HARD_BRAKE,True
60.400000000000006,6.034886479905912,-2.807173248152925,2.683259941849636,0.0645826843519543,26.170162546416,4.336479672576046,0.0,76.71519744458774,4.454835929080008,12.438330440186476,HARD_BRAKE,True
60.5,6.026398529539048,-3.0721059081765096,0.7687578661824582,-0.0102755563771503,26.611718809282607,4.415857776222793,0.0,84.66317724529529,3.922336513681538,12.38855015062735,HARD_BRAKE,True
60.6,6.019031591841302,-2.846511257910778,1.4745992687943446,0.0447440032202934,25.197262150964253,4.186265143568731,0.0,77.89533773732335,4.013695250486765,12.488821060485568,HARD_BRAKE,True
60.7,6.012785485447966,-3.0036847024427678,1.8540912369683111,0.0483406443236241,26.333544249015244,4.379591507587824,0.0,82.61054107328302,4.052140738123176,12.443815487370522,HARD_BRAKE,True
60.8,6.007659222699829,-2.736400386433417,2.432695118890222,0.0721838982457245,24.68981824620735,4.109723493123133,0.0,74.59201159300251,4.271143266302919,12.443844672784728,HARD_BRAKE,True
60.900000000000006,6.003651010759892,-2.8206298987356586,2.555442993439777,0.0801791953243088,26.11127001033457,4.349231819693934,0.0,77.11889696206975,3.955742051844288,12.462346083229717,HARD_BRAKE,True
61.2,5.998304715438539,-0.2366683192308836,2.4622612261862216,0.0702704624754757,26.69090211466095,4.449740948632278,8.730918620841862,0.0,3.81845469944452,12.51232661599385,NORMAL,True
61.3,5.998734750340059,0.0634543028857032,2.1401435447979096,0.0612895838888503,25.420395256721257,4.237626151961497,16.234586222618667,0.0,3.9536958894896914,12.437597415039903,NORMAL,True
61.400000000000006,6.0002618788045154,-0.0251120829682574,3.0941123164672795,0.1149118584062051,26.926545553592945,4.487561726048823,14.022564556119884,0.0,4.097578723347516,12.45956291216826,NORMAL,True
61.6,6.006580380829703,0.0249760287161128,0.8492315080077024,0.0089682023647424,25.712192837460403,4.280670732305878,15.283613251064406,0.0,4.019602867598747,12.443950203742787,NORMAL,True
61.7,6.011356294773197,0.2069047096754643,3.041168709266572,0.091163122491209,26.32729259699828,4.379592775076325,19.83851655456908,0.0,4.022775377319525,12.466433636427563,NORMAL,True
61.8,6.01719839619,-0.0315033443676918,2.669617616223147,0.0557699918879318,26.85425416340501,4.4629165261376,13.886494145473703,0.0,3.961746144073504,12.519165090139074,NORMAL,True
61.900000000000006,6.024097044115039,0.0950135575719178,3.2253578243544783,0.0509898033110725,25.221229967913867,4.1867237169681015,17.059074801059,0.0,4.050030772367593,12.43196374338878,NORMAL,True
62.0,6.0320418471187205,0.0622223831319965,3.192513080065677,0.0665615971260338,26.521756691818013,4.396812449914693,16.250418164266122,0.0,3.953518075045517,12.477083525421069,NORMAL,True
62.400000000000006,6.074049020406168,0.1184988437602694,1.885474027775008,0.023057031497075,26.820923839979105,4.415658113701823,17.71613972257537,0.0,3.704805342405295,12.415943418151016,NORMAL,True
62.8,6.13177468729014,-0.0281100659309931,2.678119058673317,0.0419566736621568,26.11710147902476,4.259305472061773,14.131732913931366,0.0,3.676588190585703,12.46408952072521,NORMAL,True
63.0,6.166224950878698,0.3163923974668257,2.3439977837129167,0.0974733046987513,26.548762336167037,4.305513105288802,22.79252486790082,0.0,3.851801789422682,12.493262962351077,NORMAL,True
64.5,6.526208766620471,0.334016883929,3.873091596416636,0.0947058184061693,26.717735589570253,4.093913716984226,23.737114371493657,0.0,4.0164153815602575,12.456653334111309,NORMAL,True
88.0,10.019725817448604,0.4191822385541814,15.925722717977004,0.3994617472943926,31.48607905854103,3.142409246739105,30.75717210828258,0.0,5.922546081176414,12.39741196376474,SHARP_TURN,True
88.10000000000001,10.075428286030322,0.7184050397856621,17.00784332876175,0.4007069399581782,30.61901169106965,3.0389786738419056,38.315725595084,0.0,6.208239898392492,12.393079778411009,SHARP_TURN,True
88.2,10.13109138848362,0.765979418874487,16.84643898620354,0.4131067142538974,30.74886051865957,3.0350985238977226,39.58301341573924,0.0,6.366741905498491,12.378208824073544,SHARP_TURN,True
88.30000000000001,10.186686085391017,0.6012254467390418,15.821093397023034,0.4178122876248239,31.276701273076743,3.0703509473931323,35.54199668802347,0.0,5.503075553316897,12.422820777932683,SHARP_TURN,True
88.4,10.242183391203044,0.4773248488815949,17.098003932528066,0.4196553192658467,29.570352618063364,2.887114152189579,32.52217796972413,0.0,6.178853897242409,12.410976318538982,SHARP_TURN,True
88.5,10.297554397061903,0.548500821702767,17.101854185571614,0.409010556490855,30.60916807313804,2.9724696654063254,34.37909669845584,0.0,6.138223894880614,12.355887812428856,SHARP_TURN,True
88.60000000000001,10.352770293562616,0.5993214406358724,15.99520521014658,0.412095812198655,30.26974415309071,2.923830365666717,35.72691442688447,0.0,6.021868578027981,12.383577707051424,SHARP_TURN,True
88.7,10.40780239343309,0.6839213047801171,16.830904477279017,0.4346402622389568,29.84579844097819,2.8676369239878823,37.918955970309256,0.0,6.308497258687202,12.382953517233018,SHARP_TURN,True
88.80000000000001,10.462622154114898,0.6065156107219061,17.465194570447377,0.437667373743176,30.804744386968583,2.944266163224984,36.06056128380851,0.0,6.171196643154,12.445652275763791,SHARP_TURN,True
88.9,10.517201200226037,0.3814015839593696,16.276546418494334,0.4041843182284621,29.91461019056304,2.84435085162392,30.509121279300693,0.0,5.817045418476196,12.4524987398918,SHARP_TURN,True
89.0,10.571511345887629,0.6286417150897744,16.96911709148084,0.3935892215225858,30.90252397785485,2.923188839018377,36.76615876148704,0.0,6.332610290372489,12.36290278364305,SHARP_TURN,True
89.10000000000001,10.625524616896293,0.6128799237504929,15.634521076881978,0.3835112451625413,30.95068519309273,2.9128618406169013,36.44773255741713,0.0,6.37423955334292,12.404404771053157,SHARP_TURN,True
89.2,10.679213272724049,0.3939221402673784,15.62773949185006,0.3995731365986605,30.15552084875,2.82375864950377,31.04895208849813,0.0,6.389558678452607,12.347475976049983,SHARP_TURN,True
89.4,10.785507075752102,0.4808331707116078,16.34636100707124,0.40797085985492,32.010121790737514,2.967882878933197,33.370539173843135,0.0,6.313744902521474,12.407244948905868,SHARP_TURN,True
89.5,10.838058105502729,0.4389515742516506,16.794703639660348,0.4765704774529752,29.63990276993665,2.734798289638971,32.397070703995084,0.0,6.367434604714708,12.35793650340001,SHARP_TURN,True
89.60000000000001,10.890176327681948,0.4108694164572624,16.32954497435251,0.4309029578440853,29.77547091000264,2.734158751343245,31.767982270186288,0.0,6.417521619946664,12.420487308540649,SHARP_TURN,True
89.7,10.94183549285997,0.4594246274804696,16.195287999935424,0.4130085188560718,29.62021460117229,2.707060860172937,33.0541853770157,0.0,6.242882921171902,12.369624196684615,SHARP_TURN,True
89.80000000000001,10.993009712670547,0.5975196243896171,16.22828305260726,0.3713882478378682,29.85120146929776,2.71547121757668,36.57820420747919,0.0,6.373458428076974,12.390645323869713,SHARP_TURN,True
89.9,11.04367348011229,0.4021719341753332,16.07894026524053,0.4058693955657118,29.584045067954555,2.6788228682449016,31.76544122654053,0.0,6.540421148728604,12.378182733009728,SHARP_TURN,True
90.0,11.093801689539498,0.4808429530670264,15.346212339052304,0.4031912140703522,30.572060702035145,2.7557785471198724,33.802396192030955,0.0,6.26362428564808,12.406616573318829,SHARP_TURN,True
90.1,11.143369656326062,0.5442842681545311,17.07811716102437,0.4289775898172476,31.03655608760374,2.785203851689903,35.457824222719765,0.0,6.053139373072046,12.367993978015596,SHARP_TURN,True
90.3,11.240728344138924,0.4655155144199791,16.770148072984604,0.3775266652871235,29.758340899333863,2.6473676783453524,33.62490754229397,0.0,6.449943496655182,12.379333086372322,SHARP_TURN,True
90.5,11.335561212048622,0.453171467872206,16.392408285033895,0.4202617894919274,29.70500570264246,2.6205147806064395,33.44907239367322,0.0,6.357306691013901,12.391941483982189,SHARP_TURN,True
90.7,11.427687862780113,0.5669127444919271,15.944479954884356,0.395000231086067,29.910049272976085,2.617331662548544,36.42158162019033,0.0,6.508307709282342,12.422079373283935,SHARP_TURN,True
91.2,11.645059043573056,0.371597562419133,16.646047148081195,0.4641920944907841,28.813744359796903,2.4743321826005937,31.843021721480604,0.0,6.692810974136718,12.361786835181004,SHARP_TURN,True
118.2,13.343812831137278,-0.4185253072272633,2.2655626002640603,0.051136959678536,4.416947445723121,0.3310108963321445,14.468205282910606,5.055759216817898,7.741749363946829,12.297167285198055,CLOSE_APPROACH,True
118.5,13.231827918473716,-0.3829390139023355,2.898258076647366,0.0192210671650904,4.552680463188714,0.3440704104708356,15.201083738304812,3.988170417070065,7.718556652491484,12.323901117993916,CLOSE_APPROACH,True
118.7,13.153352229963646,-0.6578358189320268,3.2366964647402776,0.0982550261551655,3.714198711544322,0.282376587094147,8.218797648648433,12.235074567960805,6.93168835440122,12.36281998606356,CLOSE_APPROACH,True
119.3,12.901607267252835,-0.6601716747813081,1.5030064488192836,0.0073891466736636,4.100691753470179,0.3178434801591466,7.807958304621268,12.305150243439243,7.142084289773623,12.341590930119564,CLOSE_APPROACH,True
121.0,12.097240249166996,-0.6766187906214924,2.864158147908092,0.0615386637063794,4.679180839229669,0.3867973804646785,6.270666583296483,12.798563718644774,7.521759636322629,12.320404853873107,CLOSE_APPROACH,True
121.5,11.849224426735915,-0.6594649876336433,4.285085420499383,0.084076129101253,4.622938823308955,0.3901469545026102,6.3522895065892,12.283949629009298,6.727652155064432,12.347099318440334,CLOSE_APPROACH,True
121.8,11.700773772702007,-0.4597278806429913,3.288745063449765,0.0918505254422618,3.94641560953869,0.3372781737516973,11.137886265708028,6.291836419289739,6.083750581056706,12.40209694106205,CLOSE_APPROACH,True
121.9,11.65152017382435,-0.7171253067437829,4.129915217025955,0.0968657194912183,3.645762630750003,0.3129001689359272,4.633995574759515,14.013759202313487,6.309583795624925,12.359813556531334,CLOSE_APPROACH,True
146.20000000000002,6.484233391562461,-0.4488975416938314,-3.405971173034687,-0.1228418387351539,32.50200104626715,5.01246625214941,4.10548820584166,5.966926250814943,4.382441607729917,12.453260257337824,NORMAL,True
146.3,6.452966927283932,-0.5110077647856003,-0.965770945672938,0.0202718585862125,32.82207205913308,5.086353677152342,2.508959578557498,7.830232943568008,4.322237996120625,12.464563163532878,NORMAL,True
146.70000000000002,6.337389335553231,-0.2866276906777904,-2.963764653300829,-0.0486002233045744,32.71796030817589,5.162687437337276,7.956652802829761,1.0988307203337129,4.2359588104782,12.453500402638346,NORMAL,True
146.9,6.285504970793195,-0.4289996378267279,-1.850256448791044,-0.0825904453064835,32.220977521103244,5.126235309784051,4.324716013442274,5.369989134801837,4.484321044957132,12.461986624374182,NORMAL,True
147.1,6.237701157069187,-0.1218997952648313,-1.3924390596203198,-0.0227423332802834,33.902137326980736,5.435037119173213,11.93528673827608,0.0,4.006292692213635,12.47138935656298,NORMAL,True
147.20000000000002,6.215359196936166,-0.3085248520468487,-2.750143615443637,-0.059301132850428,31.86622889691938,5.127013240462063,7.238381574539415,1.7557455614054611,4.454685197399416,12.416786041509916,NORMAL,True
147.3,6.194071576335957,-0.3900827573859694,-2.050126998879563,-0.0494603346425196,32.64104076686016,5.269722889797255,5.169631272221103,4.2024827215790825,4.122412781841141,12.506635414813369,NORMAL,True
147.4,6.173848132614218,-0.1759291162290156,-2.6315578976948304,-0.0731181920748576,34.58332949964335,5.601584094197598,10.495159479934514,0.0,3.9919828417470713,12.417727825572223,NORMAL,True
147.5,6.154697938668235,-0.220501028643328,-2.0156341661264774,-0.0320855722697941,34.568330304868795,5.616576255950061,9.354051398052327,0.0,4.001162212130168,12.464055248871524,NORMAL,True
147.6,6.13662929592031,0.0285053061488593,-3.1726319730430728,-0.1127150759813895,34.23067016377885,5.578089943698528,15.553913668009915,0.0,4.077133530097387,12.382853023491016,NORMAL,True
147.70000000000002,6.119649727915505,-0.0691031840045329,-3.1908761626834994,-0.1011724596834855,31.567596472738195,5.158399234639015,13.08993001896838,0.0,4.069738827155534,12.494977105549754,NORMAL,True
147.8,6.103765974549075,-0.123338130666357,-3.141836349658129,-0.0717284052530418,33.38205944610488,5.469092292413952,11.711819097709778,0.0,4.095958694678084,12.424336602296972,NORMAL,True
147.9,6.088983986928136,0.0299272317091885,-3.5727957728264577,-0.1219719206888133,34.5370341692073,5.672052060467164,15.522758374429102,0.0,4.267409109353898,12.461524035893325,NORMAL,True
148.0,6.075308922871805,-0.1267125616744533,-3.322516527876416,-0.0634868017034634,34.59148682732944,5.693782368350416,11.58761845015919,0.0,4.309290421573271,12.46528155582332,NORMAL,True
148.1,6.062745143053505,-0.1739912565605079,-2.930785797490757,-0.1023201008149287,32.80485340847439,5.410891045958137,10.388061786262206,0.0,4.181193840459988,12.443799684090264,NORMAL,True
148.20000000000002,6.051296207788496,-0.1280184264006128,-2.3119760294935543,-0.0626631119958354,35.82680374242872,5.920517276334413,11.521354030888574,0.0,3.6559755208590734,12.422638874370904,NORMAL,True
148.3,6.040964874469302,-0.295615277755775,-2.3628277871755947,-0.0386837861633223,32.35700707360867,5.3562647269077575,7.316968880362646,1.3684583326732502,4.2656028272031685,12.471966394172936,NORMAL,True
148.4,6.031753095651016,-0.1114346529082395,-3.25113033251196,-0.1109352163215446,33.37378761688669,5.533016204020301,11.908588011205431,0.0,4.127999552302079,12.468771459093556,NORMAL,True
148.5,6.023662017788156,-0.2775275202371976,-3.3662053406045027,-0.0347265993377759,32.92830616548438,5.466492985204939,7.744938818973478,0.8258256071159287,4.066677158647648,12.475906229666132,NORMAL,True
148.6,6.016691980623991,-0.0145392613383294,-3.587300160027328,-0.085140469285132,32.97800975459554,5.481086593895304,14.30988723941535,0.0,3.890029321940094,12.421564899035165,NORMAL,True
148.70000000000002,6.010842517232833,4.2631587352126576e-05,-2.455900266400789,-0.0876864970394091,33.78572019582272,5.620796102869186,14.66624531380977,0.0,3.8817252595124927,12.481748988450256,NORMAL,True
148.8,6.006112354715288,0.0239002226191194,-2.7727907364470377,-0.0967648739236806,31.83131867188165,5.299820714624405,15.256062862079387,0.0,3.941743886571375,12.44845233599429,NORMAL,True
148.9,6.0024994155458335,0.1417692237386031,-2.2731358573380285,-0.0554030248602124,33.89095343539381,5.646140230787838,18.197729775229245,0.0,4.11298011912378,12.496046505351222,NORMAL,True
149.0,6.000000819571628,-0.0419097032612865,-2.771780920163573,-0.0578817495767856,33.831205455750904,5.638533472428141,13.602258565868116,0.0,4.288120965251053,12.48768520174894,NORMAL,True
149.1,5.998612886660915,0.0265945088064203,-2.885282359100916,-0.0970123035269833,32.649736276887815,5.442881028294202,15.312920761485788,0.0,4.1919995580671,12.484068029061348,NORMAL,True
149.20000000000002,5.998331139998824,-0.0108485904330226,-3.5122043523296056,-0.1260802415970231,33.39236826846685,5.566943119527976,14.376448835172786,0.0,3.7344494961664143,12.460814851837522,NORMAL,True
149.3,5.999150310027868,0.146622751471612,-2.616717956936977,-0.0457891524895094,32.105658526869945,5.3517009689195145,18.31437922082932,0.0,4.023623541676318,12.445675620979916,NORMAL,True
149.4,6.00106433902993,0.0058515819981526,-2.935278292495436,-0.1056902132413024,34.19269113140321,5.697771128534583,14.797779624595718,0.0,3.991725986079942,12.4949134335379,NORMAL,True
149.5,6.004066386345944,0.0365015365342516,-3.046412499828612,-0.101694019844283,34.344237259384734,5.720162811238756,15.568231354240613,0.0,3.9109091804998894,12.45109856311015,NORMAL,True
149.6,6.008148834229028,-0.1043354614270558,-3.781454079131304,-0.1056593201729066,34.077633532801975,5.671902356788879,12.053021832244244,0.0,3.672637802096745,12.4650997220177,NORMAL,True
149.70000000000002,6.013303294326269,0.07470717953568,-2.985716977329056,-0.0712850014059552,34.13991101507153,5.677397154952014,16.536304100448778,0.0,4.054623329194277,12.438637223117524,NORMAL,True
149.8,6.019520614783841,-0.0221467080971117,-2.354982251058713,-0.074260934387467,33.946529926683546,5.639407537422738,14.123661158269584,0.0,4.1232350518220375,12.509394432341542,NORMAL,True
149.9,6.026790887969669,0.0136531575856895,-3.966386767305138,-0.1175830178998312,33.79805797522447,5.607969249885572,15.028836182799775,0.0,4.139452947341126,12.445400747395858,NORMAL,True
150.0,6.035103458807304,0.0998342951309621,-2.546662267155213,-0.0655627486881353,33.362826865565495,5.528128406295602,17.195002220604277,0.0,8.433103678119819,12.44622456464399,MOTOR_OVERLOAD,True
150.1,6.044446933714191,0.0674383355433833,-3.22372847399123,-0.0846167646023965,32.92792154525814,5.447631835692962,16.39818409578445,0.0,8.414135909024056,12.457355402434624,MOTOR_OVERLOAD,True
150.20000000000002,6.0548091901370364,0.1387154469800261,-4.097698706431741,-0.0931334496190757,35.366889079866766,5.841123637302651,18.194619040692505,0.0,8.270283539075084,12.422003765074605,MOTOR_OVERLOAD,True
150.3,6.066177386676472,0.0889596885535302,-3.792361688732517,-0.0897075275027666,32.04625924751581,5.282776484232234,16.966640555185318,0.0,7.781022642587159,12.435993898843568,MOTOR_OVERLOAD,True
150.4,6.078537973792742,0.3396423975420585,-3.503357867243917,-0.0780604298641672,34.42828837115356,5.663909400515237,23.251013101861304,0.0,8.497262254121033,12.448366468234346,MOTOR_OVERLOAD,True
150.5,6.091876705083646,-0.0786012642139765,-3.820864866891008,-0.0697464999139842,35.09216155754379,5.760484536441705,12.81359578176769,0.0,7.9057479076845025,12.450830731938217,MOTOR_OVERLOAD,True
150.6,6.106178649125557,0.1162243030328309,-4.476437526716145,-0.1310048315746575,34.57002479266287,5.66148270123304,17.704257684596552,0.0,8.219033976386672,12.438626753062673,MOTOR_OVERLOAD,True
150.70000000000002,6.121428201867803,-0.0100273771610414,-3.647250395646376,-0.1033611522732218,35.56343050202341,5.809662276390354,14.569315053588888,0.0,8.064320108573963,12.497397697220649,MOTOR_OVERLOAD,True
150.8,6.137609099570274,0.1636831102117121,-3.70591671836414,-0.0885719602903758,33.92887189340831,5.528027501097103,18.934730494691188,0.0,8.691735710532791,12.400908824958083,MOTOR_OVERLOAD,True
150.9,6.154704432273778,0.1890667210269878,-3.104265391103009,-0.0567241980029811,33.56826303789784,5.454082061499819,19.593254230857983,0.0,8.240697394186725,12.43366955453616,MOTOR_OVERLOAD,True
151.0,6.172696657791998,0.1284187127791225,-4.593653373847655,-0.0935267374915673,33.90493254253783,5.49272618147184,18.10224314038686,0.0,8.394862608514845,12.44532342729226,MOTOR_OVERLOAD,True
151.1,6.191567616213708,0.1043649733759785,-3.0383788550833133,-0.0437304979773871,33.13629111320297,5.351841919069053,17.527318997098654,0.0,8.267927759724301,12.3790788641923,MOTOR_OVERLOAD,True
151.20000000000002,6.211298544903428,0.2244041361996535,-3.03361406857128,-0.0580015845989718,35.63545732819173,5.737199245950234,20.555921367856136,0.0,8.193595194967259,12.474050792482926,MOTOR_OVERLOAD,True
151.3,6.231870093988151,0.0405785951819989,-3.474577662356133,-0.0995336160598145,33.96740896142626,5.4505964420205775,15.989083011133385,0.0,8.179783119068258,12.429600125354977,MOTOR_OVERLOAD,True
151.4,6.253262342317617,0.088309840401434,-3.3651436393455816,-0.0749483736921267,34.66780205008064,5.5439545236210055,17.212313289280512,0.0,8.185325471040883,12.506775037086298,MOTOR_OVERLOAD,True
151.5,6.275454813885023,0.1079283070056689,-3.413063353580939,-0.0613639794668695,34.08667464964733,5.431745691838528,17.73384441458075,0.0,7.925389460377839,12.467815276808102,MOTOR_OVERLOAD,True
151.6,6.298426494694771,0.3683169613903108,-4.330513996936347,-0.1236407331005279,33.68783855734854,5.348611845470318,24.27572112733045,0.0,8.111600113021158,12.44879214974336,MOTOR_OVERLOAD,True
151.70000000000002,6.322155850063496,0.1699677892111024,-3.4035657799007226,-0.0967392434477052,33.30319733972745,5.267696356993947,19.350212920366456,0.0,8.826031795835156,12.405181302737876,MOTOR_OVERLOAD,True
151.8,6.346620842340177,0.2437906838465761,-4.08054647029164,-0.1281075846994082,35.13253530408391,5.5356285142645385,21.230036275440646,0.0,8.352040069009051,12.45347453366608,MOTOR_OVERLOAD,True
151.9,6.37179894903103,0.4225866267459264,-4.173423967230518,-0.0982434230563259,32.03314236053728,5.027330996595336,25.7351841972916,0.0,8.351097315548053,12.428259785926976,MOTOR_OVERLOAD,True
152.0,6.397667181314147,0.3422134528598481,-3.3686719315381666,-0.051191731081332,35.22103584962316,5.505293547075138,23.76207037533601,0.0,8.756740776862028,12.431359854004,MOTOR_OVERLOAD,True
152.1,6.424202102928916,0.2573494340702156,-4.930674530863614,-0.0698755067656423,33.908606601995544,5.278259627998933,21.67761879585587,0.0,8.773208192654069,12.42314546437477,MOTOR_OVERLOAD,True
152.20000000000002,6.451379849424805,0.450073150135023,-4.716683488937995,-0.1503953599759305,33.532747335721275,5.197763597614083,26.533760542570302,0.0,8.49815246304178,12.485146297232196,MOTOR_OVERLOAD,True
152.3,6.479176147753671,0.2662738841808068,-4.445808492060969,-0.0613377960345385,32.865656158307274,5.072505424891372,21.97769371137531,0.0,8.308279219207726,12.520382389423734,MOTOR_OVERLOAD,True
152.4,6.507566336189717,0.204684435520251,-3.562806602150044,-0.05998382767699,35.4704937846945,5.450654200393911,20.47770375867188,0.0,8.050026698265356,12.433330658906993,MOTOR_OVERLOAD,True
152.5,6.536525384560802,0.387930186979056,-3.999365827870053,-0.1077130978302126,33.92998955923686,5.190829617120298,25.09939021286152,0.0,8.658065990158725,12.434081988034656,MOTOR_OVERLOAD,True
152.6,6.566027914774521,0.2487776766580177,-4.290844364316726,-0.1405724601628763,34.85590273815326,5.308521862924523,21.661880997134773,0.0,8.25446923119345,12.467048946866608,MOTOR_OVERLOAD,True
152.70000000000002,6.596048221622354,0.3628966367740051,-3.7322926278909794,-0.1070514100276086,32.80943001395882,4.974104025863089,24.556883429621426,0.0,7.850192569625329,12.460418150752218,MOTOR_OVERLOAD,True
152.8,6.626560293844904,0.2967951264597394,-4.407483226277161,-0.1401885218095089,34.19815425862152,5.160770104270621,22.947062572876348,0.0,8.459458028296979,12.47478924103179,MOTOR_OVERLOAD,True
152.9,6.657537835441026,0.2837230338713831,-2.928764172408622,-0.0636915855451901,34.56849198570774,5.192383857239883,22.663628816402014,0.0,8.688732291892496,12.46581392140324,MOTOR_OVERLOAD,True
153.0,6.68895428720335,0.3149727345962694,-3.905400283941234,-0.1028694645153413,35.118320522553155,5.25019592221434,23.488854366991426,0.0,8.235419480847735,12.472560724017445,MOTOR_OVERLOAD,True
153.1,6.720782848462794,0.374021123431588,-3.988052343861407,-0.0624234485537986,34.216912264470416,5.091209318315745,25.00962407363761,0.0,8.498246529828583,12.448319463771838,MOTOR_OVERLOAD,True
153.20000000000002,6.752996499024163,0.563178024577605,-4.803377525584487,-0.1204054915047926,34.727965165238885,5.142600795107361,29.783645713073952,0.0,8.495445828661598,12.43398480377728,MOTOR_OVERLOAD,True
153.3,6.785568021274924,0.3791464636491114,-4.545509354558368,-0.1299307068664258,32.277236940435415,4.756747974412159,25.22845682101268,0.0,8.950982767067336,12.433091043170286,MOTOR_OVERLOAD,True
153.4,6.818470022449316,0.5024250310081891,-3.079295221444036,-0.0716928396418461,33.57605170996969,4.924279435037917,28.35648380663377,0.0,8.437680992883937,12.432660751225768,MOTOR_OVERLOAD,True
153.5,6.85167495702931,0.4538200517847343,-3.2332677009145927,-0.0704320130819937,34.04611447796839,4.969020668886168,27.187846234459396,0.0,8.776508144289696,12.43980495816924,MOTOR_OVERLOAD,True
153.60000000000002,6.885155149264383,0.1140425768399945,-4.082857508531218,-0.1009183366888067,34.86694085195845,5.064074824179331,18.74028162997,0.0,8.362033334185373,12.48463278494046,MOTOR_OVERLOAD,True
153.70000000000002,6.918882815791514,0.2923519885222866,-3.754908537511104,-0.1265044256678972,34.03724089067547,4.9194706424264885,23.24523565516529,0.0,8.819662377264752,12.45514109521312,MOTOR_OVERLOAD,True
153.8,6.952830088337233,0.3331060353255902,-4.350515590148557,-0.1416092971211784,33.400525514767466,4.803874838074059,24.31161300681188,0.0,8.680966519191085,12.424482060569224,MOTOR_OVERLOAD,True
153.9,6.986969036482834,0.4299287001116502,-4.594991431497992,-0.1200606593999636,33.60306724208332,4.809391177579735,26.779974153867222,0.0,8.926187237345271,12.429069207579886,MOTOR_OVERLOAD,True
154.10000000000002,7.055710064058952,0.5998633750631253,-4.047716366035629,-0.0838971621744722,33.807751554101415,4.7915448972761165,31.124578466260665,0.0,4.733726892173948,12.451978379499405,NORMAL,True
154.8,7.298235060177093,0.532836677974306,-5.999054237225913,-0.1541166898876,32.890658460471634,4.506659238743886,29.788446033605577,0.0,4.571911458370453,12.450500261783867,NORMAL,True
