lot_id,recipe,chamber_id,temp_mean_c,pressure_mean_pa,particle_mean,vibration_rms_g,maintenance_age_hours,yield_percent
LOT-B001,ETCH-B,CH-01,73.31554338132005,18.392764172554553,4.691690550047542,0.09031029785710062,382.859050723372,93.35545534618011
LOT-B001,ETCH-A,CH-01,71.69282857967843,18.173604598875098,3.652672909404438,0.10035704354555693,178.66955589896094,95.46952053395873
LOT-B001,ETCH-B,CH-01,71.67939923321791,17.5244539065292,4.706266731993826,0.062054438451560986,128.67599035270462,95.88147271030262
LOT-B001,ETCH-A,CH-01,71.6531744518227,18.25382184257061,4.17512460300731,0.0797788425613242,427.74007010331474,95.2705778892287
LOT-B001,ETCH-A,CH-03,73.58569288769296,18.216913344574458,2.156736755661899,0.10731780673902269,301.65655190825737,93.91257350592339
LOT-B001,ETCH-B,CH-03,71.88579160109961,17.588155242400212,4.243226939503735,0.0867446090260098,68.70014808673075,93.57758544764046
LOT-B002,ETCH-C,CH-01,71.93848206550555,17.968383744488413,3.624079948401401,0.0906065205324869,236.2849747256398,95.26719819701009
LOT-B002,ETCH-B,CH-03,71.84662338145881,17.863767705777978,1.5369294808949747,0.09477605486471997,374.5067252728385,94.47387365014445
LOT-B002,ETCH-A,CH-02,71.98269033200441,17.75384883425707,4.445605362074714,0.08815307123688501,270.63999480403703,94.81733768835647
LOT-B002,ETCH-A,CH-03,71.92968923957298,17.684948899040567,4.359351744333099,0.07186666622344416,416.9834210515862,94.78351561689426
LOT-B002,ETCH-A,CH-01,71.03160626180335,17.840334965734293,5.816152534896275,0.08303726302718689,353.85109053283963,94.30548378497922
LOT-B002,ETCH-B,CH-01,71.53998263715451,18.257628257040068,2.4271751607138707,0.07396154066076836,207.40786971287488,96.10720478625635
LOT-B003,ETCH-B,CH-03,71.65160140151822,17.70311847867252,4.606491941318919,0.10005406224009522,452.3750553971576,93.71664604428797
LOT-B003,ETCH-A,CH-03,71.75128460318776,17.948556043327983,2.905147880587733,0.06920867063168751,447.92472406549314,94.69697888007727
LOT-B003,ETCH-A,CH-03,70.97946752956462,18.150287185180684,3.612295159352662,0.06709131320254652,89.07252440059071,93.59938004245907
LOT-B003,ETCH-A,CH-02,73.44496155441921,17.36465796457976,3.4603821731605806,0.061789473218317736,149.05913237683993,92.3951526643448
LOT-B003,ETCH-B,CH-02,71.56205270322934,17.956020545511155,4.028857826737498,0.07713873495592212,3.626849203172522,95.10272273133376
LOT-B003,ETCH-B,CH-02,73.2467302940894,17.442127061974887,6.291260512453125,0.08470488778360208,136.76493869521195,93.3064886882025
LOT-B004,ETCH-A,CH-02,73.18996836320675,17.95818233210606,4.932167182208869,0.08133588522698232,301.2332598783973,93.7538583117873
LOT-B004,ETCH-A,CH-03,71.1318542504596,17.93277897482346,5.019420687739345,0.06894263707519374,343.81345457221255,94.82779231905054
LOT-B004,ETCH-B,CH-02,71.18776158846795,18.330662816851675,4.592892427411008,0.08875151415192355,374.9396575851384,93.12244586084334
LOT-B004,ETCH-A,CH-02,71.62792537146525,17.332035790895937,5.534641627858904,0.09692424752370539,402.57800218886666,93.43871416007829
LOT-B004,ETCH-A,CH-01,72.83192684123175,17.793090372283217,5.033169681692574,0.06235211198622301,477.67259981557805,93.56919831290126
LOT-B004,ETCH-B,CH-01,70.9787494688833,17.995143552537623,2.829177052001956,0.06656181070704444,421.26023459058416,94.20832941326486
LOT-B005,ETCH-B,CH-01,71.76496072476824,18.434404472523646,6.161187170885354,0.06958930210188716,388.7831098964974,93.5885800537589
LOT-B005,ETCH-C,CH-03,71.00215354082822,17.873216648469707,2.6767661487271917,0.06439055782303053,202.0741002018977,91.88049324719347
LOT-B005,ETCH-B,CH-03,71.72456709597176,18.245084749312834,4.171306631024594,0.06539181104570235,211.99713414866673,93.70155443341355
LOT-B005,ETCH-B,CH-02,71.84490064935503,18.551758363386096,5.8654655807925105,0.07049275201785318,261.6564688381412,93.7152803237578
LOT-B005,ETCH-C,CH-02,71.25774997162313,18.333537093674288,5.4904453529666,0.0723623577482427,92.9454004589324,94.09778089306727
LOT-B005,ETCH-A,CH-02,71.0080365680508,17.942239904904135,1.6440401056629237,0.07261281325209659,479.6513174860872,95.25256167659904
LOT-B006,ETCH-A,CH-01,70.87263004575999,18.08185676332394,4.25065490220033,0.06920570795088868,60.073334581939086,96.21651906935493
LOT-B006,ETCH-C,CH-02,72.36891115752236,17.76888440204543,7.09090933433264,0.05419956710370903,282.623737806242,93.37013426741478
LOT-B006,ETCH-C,CH-02,71.88150079936273,17.936309355036865,1.6218215857495988,0.08777521955330007,199.4729342855735,95.5461096906146
LOT-B006,ETCH-A,CH-02,70.94454518423962,18.19713492747306,5.445469665386618,0.060401881490741036,3.3389885218882975,93.54944261325441
LOT-B006,ETCH-B,CH-03,72.39899082453034,17.988473681950232,5.680602011002817,0.09442204699848647,250.93807507624382,93.49469470539529
LOT-B006,ETCH-B,CH-02,71.82938847676976,18.295868538512156,1.101754095914874,0.09369431433293376,35.48053992831252,96.55172250710345
LOT-B007,ETCH-A,CH-01,71.56220364032428,17.648446767057994,3.1848678104631825,0.07532675327793653,460.50918453290154,94.00144886093126
LOT-B007,ETCH-C,CH-03,71.9644516282856,18.34826987213436,3.0074916963178113,0.06994331847018616,375.8680804658847,93.0684477437156
LOT-B007,ETCH-A,CH-01,72.01934623012451,17.864548810270275,1.9712408776885102,0.10533554761626888,443.47517961373563,96.26329826759523
LOT-B007,ETCH-C,CH-01,72.04495190134075,18.223852134925693,4.030669199021511,0.07817332362692471,434.20833849519016,94.43021576213755
LOT-B007,ETCH-A,CH-01,71.86370553720697,18.30910536050573,2.734475010948417,0.09936496703085038,368.2251805261493,96.26721961381489
LOT-B007,ETCH-B,CH-03,73.25444816542233,17.989977797487768,2.529742048855981,0.0951447266912411,435.9769265588968,92.58940683496246
LOT-B008,ETCH-B,CH-02,72.16138767088964,18.013198831649262,2.864115815621067,0.07092786112058257,402.99146298947767,94.95340949268626
LOT-B008,ETCH-B,CH-02,72.7284976103057,17.786343770015666,3.418622907177838,0.0764431338326199,173.3884243940699,94.13360238734764
LOT-B008,ETCH-B,CH-03,71.8430721321933,18.097116227233435,4.781680170427291,0.06135170042847289,293.6293610639525,93.87642308381051
LOT-B008,ETCH-A,CH-03,72.13534520528596,18.310175100982992,1.8907820820312042,0.08108523368157444,270.58943007131774,95.28639134086843
LOT-B008,ETCH-B,CH-03,72.44662404530783,18.06262811645014,2.6132001136019163,0.09110817657705747,305.92985450274455,94.96959598310082
LOT-B008,ETCH-B,CH-01,71.64854056220338,17.635881145120564,1.1661520046062588,0.08812038025107967,196.5880958759223,95.70668474112554
LOT-B009,ETCH-A,CH-01,72.22292412470829,18.33590913189783,2.474766626918367,0.0787343718207794,243.7621215844238,95.34922513932021
LOT-B009,ETCH-C,CH-03,71.85093225705765,17.390882287301547,5.7750220610232335,0.07981123535798214,392.0962822602202,92.50976563779693
LOT-B009,ETCH-C,CH-02,72.83135880564865,17.811964156887342,4.039341271160997,0.08062938204773973,361.66174079235896,93.3489984701773
LOT-B009,ETCH-A,CH-01,71.52300108372788,18.264244326756852,5.382877296614829,0.059652592828092765,143.97521068541263,95.54652089770926
LOT-B009,ETCH-B,CH-03,71.70349087332657,18.348598742292545,2.41864352824307,0.06658967763333641,96.79880157177905,94.06370625250332
LOT-B009,ETCH-B,CH-02,71.95785287102865,18.192738933908984,4.569696808916882,0.0768519035837334,153.56009483286175,94.75111798338526
LOT-B010,ETCH-C,CH-02,71.87309214541906,17.917548604484537,3.490602501596258,0.11205246988961638,102.69059950731796,95.24236990781507
LOT-B010,ETCH-B,CH-03,71.81659490082433,17.884012102511257,5.178036927748853,0.0630049763537219,268.3786853298755,93.93206535351888
LOT-B010,ETCH-A,CH-01,71.99359318038765,18.460230587844304,3.959223965620534,0.05383170248807925,218.45096323990887,94.85025139444005
LOT-B010,ETCH-B,CH-02,71.84360158417212,17.885886463291207,3.055968423278243,0.056408568418338426,206.0404489142053,95.45772101345769
LOT-B010,ETCH-C,CH-01,71.81489840519971,18.60657356853482,1.7942833804185399,0.0962840040391769,30.422817756938226,95.18023313621498
LOT-B010,ETCH-B,CH-03,70.89107068702084,18.435864141855976,5.744629663924942,0.08715016562679871,416.7523766877913,91.09021054706325
LOT-B011,ETCH-A,CH-03,72.38844969507113,17.491057486336704,4.492987780138721,0.06924404536142686,263.86416159588026,94.41162820704555
LOT-B011,ETCH-B,CH-03,72.15150230419242,18.145544783164937,6.2200503274670575,0.0714685710659271,445.56150283881294,91.91535264009731
LOT-B011,ETCH-A,CH-01,71.74201193225363,18.712692792546203,3.808642083986941,0.057796970725110974,461.8328584724785,95.72683199501122
LOT-B011,ETCH-B,CH-03,72.33083280121151,18.103984790208113,2.688368817919293,0.0853745708612667,281.7458326078549,94.34193334439222
LOT-B011,ETCH-A,CH-02,73.00492016309262,17.819053851168512,3.086841745900302,0.0813769622441171,88.35124357831253,94.69053239848752
LOT-B011,ETCH-B,CH-03,71.5232478030293,18.013970125861775,5.224614563690244,0.07566776819683013,379.7950546417154,92.62241939433734
LOT-B012,ETCH-A,CH-03,70.47211828898605,17.533940376407344,3.040882069247097,0.07959759376163725,396.0827413257357,93.70881626679665
LOT-B012,ETCH-A,CH-02,70.77509372240759,17.356495399271893,3.462911754173231,0.09147015237097181,360.9656735052882,94.18926720201848
LOT-B012,ETCH-A,CH-01,70.68809314759338,18.74054418691954,4.467615130581697,0.05621752406622109,41.958732911779705,94.72732254365064
LOT-B012,ETCH-A,CH-03,71.6008396594333,18.519411534014836,2.723835728449391,0.10061692164214803,478.6739737180768,93.01751787447277
LOT-B012,ETCH-A,CH-01,73.53656217604818,18.274085764025465,2.6010454333252024,0.10097802691344304,278.0621378205821,95.36202058152838
LOT-B012,ETCH-A,CH-02,71.54784994880154,17.88543238474095,4.468204157615804,0.05754055381644019,114.71130134294994,95.22651790546284
LOT-B013,ETCH-A,CH-03,71.61900581161046,18.249298650883695,2.7547408305814445,0.0992922630291985,15.062756740197914,96.30738232434015
LOT-B013,ETCH-A,CH-02,71.65688985508618,18.159193689788697,5.457938109400872,0.060158286372555936,217.01343046123017,94.41752913010652
LOT-B013,ETCH-B,CH-01,73.03741751513127,17.776604587727064,2.99059165049095,0.08415146966956676,295.71765617088215,94.88019265559589
LOT-B013,ETCH-B,CH-02,72.52706976924505,18.430300906370338,5.78824442285182,0.07863127835685815,358.6770421123039,92.40540348414616
LOT-B013,ETCH-A,CH-03,71.03751689374707,17.873569552352386,6.465100940240455,0.060733424907795694,234.44313034238257,93.65763975514794
LOT-B013,ETCH-A,CH-03,72.55538794594555,18.15453179252731,6.591368600986117,0.09909105546493333,258.5061651693083,93.38074793119414
LOT-B014,ETCH-C,CH-01,70.71445688097691,17.444067796560063,6.162596010250029,0.0796484181468923,192.6505554479722,91.5341296916398
LOT-B014,ETCH-C,CH-02,72.14369308363085,17.91078846726443,0.0,0.08397667319159136,32.07636951660131,96.26506782789497
LOT-B014,ETCH-A,CH-03,71.02118095509734,18.103546444274496,1.7264540341299495,0.05474915250923981,298.5474879708075,94.2723347217788
LOT-B014,ETCH-C,CH-02,72.72847991337969,18.118690681953208,4.289350343429653,0.09994578153016803,126.76874520255632,92.32423426529279
LOT-B014,ETCH-A,CH-02,72.09249965236408,18.65485691917207,3.5517970635915073,0.08484949188852202,114.88972083734022,95.4367503779831
LOT-B014,ETCH-A,CH-03,70.42361496271259,18.05162558441128,7.0095708521611035,0.07096440787140851,196.82047671757846,93.09477030254855
LOT-B015,ETCH-A,CH-02,71.21232678332011,17.679519792843667,6.974388229195537,0.06632931454313198,413.36736377904646,93.17368257628823
LOT-B015,ETCH-A,CH-02,70.43030463806988,18.510445195621106,4.042545581445422,0.09053901292604746,90.49163241938312,94.72214614707883
LOT-B015,ETCH-C,CH-02,72.35778990703879,17.54586367120853,0.0,0.04897905901803756,253.12664523091104,94.05450106632503
LOT-B015,ETCH-A,CH-02,71.69442656681859,17.78485311949922,0.5672145889556477,0.08011330579876026,386.50900838799265,95.73711413752856
LOT-B015,ETCH-B,CH-01,72.23402652590968,18.24324978175527,7.588908756877687,0.08627167187910567,120.6014002457656,94.198771118252
LOT-B015,ETCH-A,CH-02,71.88394825706253,18.311325123916625,5.814956641642102,0.09258864516356512,120.66809246426696,95.42475278028013
LOT-B016,ETCH-C,CH-01,73.02543088582655,17.85579928816151,2.408654017795082,0.058515398321456136,488.7407322920005,94.10921702816098
LOT-B016,ETCH-B,CH-03,71.36528605948733,17.515624000989714,4.416889876755654,0.0844361232082247,104.47450602539499,93.8797101773094
LOT-B016,ETCH-C,CH-02,72.13864201952208,18.13926356202168,3.213451346378535,0.10131393173600306,220.61230951472942,93.97570918718506
LOT-B016,ETCH-C,CH-01,71.85066162364701,18.37519048695393,4.832286045673122,0.08440120425272919,353.7054351163993,94.13608085822501
LOT-B016,ETCH-A,CH-01,72.39177212290433,18.203892249676713,0.0,0.08103593272256349,373.33061433949166,96.64806399609638
LOT-B016,ETCH-A,CH-03,70.75090047461093,17.976578263345992,4.620539371464543,0.10046294859812456,234.88510082710746,94.32552609805427
LOT-B017,ETCH-C,CH-02,70.85933167893545,17.814484160765936,5.094718798002656,0.08881204063063512,298.6802110286883,93.09727572393341
LOT-B017,ETCH-B,CH-01,71.95649554273643,18.1975726554131,2.7948271510153004,0.06886366328080569,431.98269131369193,94.10806014458763
LOT-B017,ETCH-B,CH-01,71.41417300043476,17.43361739301313,2.504471929580104,0.08823390099085109,477.7848419196633,95.10126379425648
LOT-B017,ETCH-B,CH-02,72.72190469325791,17.786300315449484,4.765271684316309,0.07512128570728718,109.77209140728588,94.68253925493192
LOT-B017,ETCH-C,CH-03,71.21360608736855,17.225297503102425,4.984661221491494,0.09336103503482716,378.25771372391085,92.30907836030217
LOT-B017,ETCH-A,CH-03,70.7250464496273,17.532600638463396,0.3647676241098563,0.06634435836477293,367.8330164368063,95.03268317579386
LOT-B018,ETCH-A,CH-02,72.47974722834928,17.7271885666453,1.6209070614276757,0.09463278077924364,481.18674191572904,94.8700446448543
LOT-B018,ETCH-A,CH-02,72.90132695022069,17.635297413322238,4.940306463006184,0.069993552790439,96.06915800685067,94.04533179148527
LOT-B018,ETCH-B,CH-03,71.10770536279696,18.456900063241804,2.8075118093068463,0.09270191272265065,110.00548358483763,93.43974192703755
LOT-B018,ETCH-B,CH-03,73.13001121887244,17.694520264399156,5.236676286379511,0.07644353451311625,61.01039061094921,92.5686696657377
LOT-B018,ETCH-B,CH-02,71.74572650476229,18.519244236683686,2.768018809323336,0.13110854101567462,440.28727691846933,93.73173261763505
LOT-B018,ETCH-A,CH-01,72.30620890452757,18.200399940004257,3.466653816625018,0.07504030617104977,80.06309591255601,97.01359087554155
LOT-B019,ETCH-B,CH-03,72.8315285359863,18.553791449215858,5.195935311819372,0.05018075867948002,28.847414838411247,93.32907788624368
LOT-B019,ETCH-A,CH-02,70.51735656825434,18.132969270937064,5.3340047028028685,0.05857822864453977,19.137878656076246,94.13078974753121
LOT-B019,ETCH-A,CH-01,71.86891338144993,17.894357356540745,3.5620198964602574,0.10009017388211229,189.43876220609474,95.63568037001173
LOT-B019,ETCH-A,CH-01,71.66011503318906,17.562755746230593,2.2451558305839665,0.1088374801746784,478.61121108579493,94.82834582523978
LOT-B019,ETCH-A,CH-02,71.84819411497824,17.8476201242773,5.755245458677226,0.08497505044803445,59.47351310068333,95.84487911034111
LOT-B019,ETCH-A,CH-03,71.71104451912878,17.323443918128582,2.5192991317086735,0.07471162407669471,362.20881903619176,94.69563662930413
LOT-B020,ETCH-B,CH-03,71.20179758909909,17.54865355403196,5.886759041117711,0.10203584157575492,302.76350716436747,92.9416394182929
LOT-B020,ETCH-C,CH-03,72.4253295370331,18.141675446727856,6.222906032424463,0.06172619314629177,341.23037509536204,91.64458319340005
LOT-B020,ETCH-B,CH-03,70.98760583460489,18.162026219761117,0.47288246109156074,0.10413711713170717,389.5109217425774,94.67221219131463
LOT-B020,ETCH-B,CH-01,71.40041050212962,18.167079159480704,2.4599509253478273,0.07295894900160688,404.7098375207886,94.97217711422421
LOT-B020,ETCH-A,CH-03,72.29099410508205,17.355046178689122,2.250529063238512,0.06808944653467738,187.9594569596801,95.47645894363828
LOT-B020,ETCH-A,CH-02,71.82296120863485,17.38792557287547,3.8218548955815743,0.0743308673538043,365.1151102273067,95.06086199953079
LOT-B021,ETCH-C,CH-02,73.48067055440639,17.56137359137137,6.09658981532365,0.07517882273278352,224.74850216838743,91.72993765126898
LOT-B021,ETCH-C,CH-02,72.20314250420992,18.894578893847914,7.5708737895920954,0.0894534951432157,428.5868089905825,91.50973925286004
LOT-B021,ETCH-A,CH-03,72.30447333740558,18.81960601621921,4.876182950616279,0.09574235117724907,53.17367043282467,94.64338047297741
LOT-B021,ETCH-C,CH-01,71.79005305481678,18.173068814080366,1.4706721733023898,0.08690534188046839,413.71959911367566,95.47865178595043
LOT-B021,ETCH-C,CH-03,70.81430180912349,18.060606645049887,5.132021972044752,0.08315438911492642,351.56634087672904,90.85835385986404
LOT-B021,ETCH-A,CH-03,72.47621045377669,18.253745297595504,6.1997040354246105,0.0604053258689156,158.84393016043163,93.22440718619626
LOT-B022,ETCH-C,CH-02,71.95748125280613,17.686191543143558,4.7781898950454,0.08246271041793013,104.90972554098732,94.83025644715016
LOT-B022,ETCH-A,CH-03,72.2175070083599,18.385341518260862,0.7525302022255187,0.06919440225800644,278.2374716464037,95.25243361165754
LOT-B022,ETCH-B,CH-01,72.43351903689012,17.994878953890552,0.859202538472116,0.08134062280901459,9.649079181459241,96.09120522004105
LOT-B022,ETCH-A,CH-02,72.50270257061766,18.20224098347861,1.831662839665619,0.08453850685193562,382.37752107553604,95.58790616325133
LOT-B022,ETCH-A,CH-02,71.89453463522447,17.94173110663908,2.445235345989696,0.07595064178705188,363.7691116107427,96.6682671624524
LOT-B022,ETCH-A,CH-01,72.81498549663594,18.186953454324794,4.5764845921657225,0.08327394423780428,21.82963835823881,95.50784406085985
LOT-B023,ETCH-B,CH-03,72.73047346366691,17.586764644789312,3.2481002537425323,0.06019121606986441,484.28991317551527,93.82914726013261
LOT-B023,ETCH-B,CH-01,72.29848703184308,18.04086360675525,3.857923706024337,0.08289928206300975,49.46421227993319,95.18439678026847
LOT-B023,ETCH-A,CH-03,71.50446906971115,17.439676423750555,5.074503421667456,0.09681197446803849,437.96205224415377,93.87112584733295
LOT-B023,ETCH-C,CH-02,70.61991965836401,18.11638648383469,3.966116969258193,0.09861171620224668,439.9686636846697,92.75785701121386
LOT-B023,ETCH-A,CH-02,72.79716535526921,17.925402930262553,3.0536870594566192,0.08652589340326466,354.014245507165,94.94898391133096
LOT-B023,ETCH-A,CH-02,72.73886855938876,18.179906972645703,5.058690980928088,0.056870901627116964,132.1674721062446,95.07355771470493
LOT-B024,ETCH-A,CH-01,72.79437662144402,17.825326192868697,5.043670298385111,0.06783359605691539,153.26013129032938,94.6469895288376
LOT-B024,ETCH-C,CH-03,72.63552817184599,17.683894642851143,5.199357408357917,0.08228614620178391,234.27702610094053,92.72382886851145
LOT-B024,ETCH-A,CH-03,70.73173165611954,18.200201057207423,4.260560119018029,0.07431552628771937,34.81176704742006,94.2761233144976
LOT-B024,ETCH-B,CH-02,72.55496839254391,18.52176051335859,1.2486542178847913,0.11580663059866153,491.25700854209595,94.6793374076427
LOT-B024,ETCH-A,CH-01,71.30488241775565,17.52169716611559,3.6926380464594444,0.061678643129964406,113.42481577758151,95.2606283071727
LOT-B024,ETCH-C,CH-01,72.13665521281348,17.969544615145836,5.78064371981488,0.09170970826509452,20.162066938716748,93.75284325260014
LOT-B025,ETCH-A,CH-01,72.08774712913922,18.037279241849667,6.1515690924744995,0.11518542148992243,274.62468446397065,95.20237056983967
LOT-B025,ETCH-A,CH-02,72.62604617197813,17.871007362838355,5.424189135996294,0.1025279594968889,250.502456351056,94.51203112458403
LOT-B025,ETCH-B,CH-01,71.51938281452321,17.52805138058012,5.483153233033466,0.06703479996603277,177.47527775510235,94.77771186916584
LOT-B025,ETCH-C,CH-01,71.79618100505365,17.35625620400532,0.7710705899797876,0.06867852404284457,10.72205785109176,95.31791368525847
LOT-B025,ETCH-A,CH-03,71.50539074058203,18.40266495666916,3.8505129486080625,0.07077699390967584,347.37252636382254,94.29154672404641
LOT-B025,ETCH-B,CH-03,71.4425694841572,18.10804624943235,3.800670361484356,0.09150682776499006,281.8979088201523,94.43390180770466
LOT-B026,ETCH-A,CH-01,71.873651304987,18.16009931598224,1.870952613511013,0.09648391407859704,95.0123767922511,98.18121449800879
LOT-B026,ETCH-A,CH-03,70.99656593273913,18.140038115423913,4.726411181798308,0.06295311588282476,358.70932623548816,92.54231420343068
LOT-B026,ETCH-C,CH-03,71.6085434224968,18.63844555345333,2.697851910160039,0.11127962300429733,280.0488134623633,92.21695463207277
LOT-B026,ETCH-A,CH-02,71.75670090112968,17.938005954497143,1.0055118418668747,0.08692902637872067,356.120781310105,95.42989730171655
LOT-B026,ETCH-B,CH-03,71.64461997246836,18.015394042588863,5.2160023868756005,0.07547704372198663,476.1587606926858,93.29131710903155
LOT-B026,ETCH-B,CH-01,71.53232481155686,18.174237210343453,3.7233251707046513,0.07988161885997515,336.6648042511405,94.2002298106095
LOT-B027,ETCH-A,CH-01,73.08782257426611,17.67368491379483,3.049850018875552,0.066480387062885,302.94142705217143,94.14629955898414
LOT-B027,ETCH-B,CH-03,73.05124669621401,17.883337197955935,2.1604332113597313,0.0981822219338629,475.1127085021343,93.18090937623808
LOT-B027,ETCH-A,CH-02,73.22406290524232,18.099033293164716,5.387030354819375,0.07960370016545792,396.0116334681027,94.40524684589506
LOT-B027,ETCH-A,CH-01,71.62072099690994,17.80418987510067,5.057761097454559,0.08102217085007354,443.6227974138075,95.45378191722038
LOT-B027,ETCH-B,CH-01,73.56810758023516,17.434573985937426,4.4101092706718354,0.0846459718996129,273.8945812141009,91.43862998852417
LOT-B027,ETCH-B,CH-02,71.40936013220188,17.930440505828503,3.4497021474629688,0.10002290241454323,122.63307864862183,94.99506744369712
LOT-B028,ETCH-A,CH-02,72.80400644563491,18.10663429406449,3.099074365456696,0.09230296992374588,46.83353686263514,96.0985740828116
LOT-B028,ETCH-B,CH-01,72.77319840508044,17.497871054079457,5.298818251301535,0.07802297386983942,181.56445948987326,92.28207748333263
LOT-B028,ETCH-A,CH-01,72.88346430601264,17.962188727690258,6.701533820587368,0.0881479682251239,66.44209560777476,94.47235701965012
LOT-B028,ETCH-A,CH-03,71.95807230891468,18.651294193028594,2.4212932378680043,0.08851200858510443,359.2461501644693,94.30867177323081
LOT-B028,ETCH-B,CH-03,70.95414192999323,17.770829658536577,2.622616301268235,0.08991177803982771,51.51770283261503,93.84649107651906
LOT-B028,ETCH-A,CH-02,71.65983343386533,18.231504349718808,5.253038229566757,0.06278755430832612,163.75860216275717,94.24525363118315
LOT-B029,ETCH-C,CH-02,72.3185782598647,18.029311938147362,6.381428284752271,0.07076943565741367,243.9650597017782,93.67201855382743
LOT-B029,ETCH-A,CH-01,70.37648096254085,17.966468695035623,5.7923333277024796,0.08603529696756607,112.44913181043509,93.92971000519735
LOT-B029,ETCH-B,CH-02,71.24061583410318,17.640925743531874,2.037460884773444,0.07090083772475703,112.98614299518394,95.13331361339792
LOT-B029,ETCH-A,CH-03,71.7288105013867,17.67152847615061,6.309626948855197,0.08549014448969251,320.5263639215856,93.01968862313566
LOT-B029,ETCH-A,CH-03,73.33942058589285,17.87079846156808,5.4758657187420114,0.08879813807874924,242.6231691801406,92.84314463044532
LOT-B029,ETCH-A,CH-01,71.37479810010392,17.5628125838583,5.748404238273553,0.0781581259820881,43.985583490145196,95.82650273616976
LOT-B030,ETCH-B,CH-02,71.65187752468727,18.48164779273787,4.5145405604068936,0.08419901807924311,424.3772749107772,92.69864603670283
LOT-B030,ETCH-B,CH-01,72.12123769648996,18.185277814233615,5.018665613122631,0.10056193282760492,415.5160738842557,94.10102967015492
LOT-B030,ETCH-B,CH-03,70.62744707536343,17.721026546555144,2.6460204288433378,0.06215735488209491,166.09216721943477,93.78112654994653
LOT-B030,ETCH-B,CH-02,71.45665856364222,17.860065276857366,3.1207420789781697,0.08459719643185694,321.3695854247872,93.84957817842968
LOT-B030,ETCH-B,CH-02,72.69005710847928,17.814892767382727,4.790146991065356,0.07604134045242106,245.1161037034133,93.24468932727207
LOT-B030,ETCH-A,CH-02,71.07631496244244,17.63850799732975,2.9948261782745877,0.07631677056201369,174.6146325185979,95.10230817631118
LOT-B031,ETCH-A,CH-01,71.22669948600432,17.727911242253157,3.281770870896162,0.07043589210321706,1.0874142884064186,95.93158068901086
LOT-B031,ETCH-A,CH-02,72.26020023775393,17.985159709830096,5.371149788112692,0.07843231726622009,221.62037248658118,95.948956578429
LOT-B031,ETCH-A,CH-02,71.30250132390752,17.819989163405342,4.806956319513143,0.09681434038544852,37.0290690024041,93.82791094792769
LOT-B031,ETCH-A,CH-01,72.68557787760574,17.84684436881746,8.996241414011447,0.058398588213105514,187.6606088879414,94.13929222792817
LOT-B031,ETCH-C,CH-01,73.10561510098213,18.10957603385918,1.297462931358936,0.0868025081411067,463.7461214589758,94.25790818025834
LOT-B031,ETCH-C,CH-02,71.36122030265767,18.269041295431045,5.91651184905432,0.08284124054559523,273.7683824638216,92.73453082836471
LOT-B032,ETCH-C,CH-02,71.81738023203502,18.175832410948708,4.627401170024239,0.09716264893653936,184.7427438613899,94.34834408429364
LOT-B032,ETCH-B,CH-01,72.09887702524462,18.12621318284523,4.80419138669952,0.06299317852398409,322.72767181639944,95.60623241150499
LOT-B032,ETCH-B,CH-01,72.65353989711511,17.804707007685593,5.318167443738663,0.063102524917592,380.1416891532013,94.60594406327343
LOT-B032,ETCH-C,CH-01,72.2913664877804,18.292719643936238,1.3183588869437743,0.08847824127880241,146.43463092024783,95.96969745842861
LOT-B032,ETCH-A,CH-03,72.40575068752,17.962037087903497,5.28581230678121,0.04133169626320871,447.06821970603585,94.42201902127967
LOT-B032,ETCH-A,CH-01,71.40008663744239,18.381126151262357,2.8447898168323036,0.08659901650870247,411.07518725543076,94.58487843060522
LOT-B033,ETCH-A,CH-02,70.69333475760232,18.595543270983114,5.889236644706227,0.07038868146849796,128.49559483787144,93.25095915788019
LOT-B033,ETCH-A,CH-01,71.64079003539561,17.796509622367964,4.812331093966133,0.06064356537459269,439.2053368511179,94.62507441987124
LOT-B033,ETCH-A,CH-01,72.76194932983749,18.426069647658604,7.1135385041347305,0.056019300419498375,95.08793553390282,94.36883051182673
LOT-B033,ETCH-C,CH-02,72.75777308593582,17.922158311300976,3.551427307597724,0.09913084256550274,73.37569998712479,93.47764497862329
LOT-B033,ETCH-A,CH-01,73.29944688390142,18.583617210017298,1.497001888512783,0.056472676702455385,332.22044463774694,94.75143738072876
LOT-B033,ETCH-C,CH-03,71.63332200305882,17.746481938567293,4.335127555076995,0.07141905758110587,49.39128366867068,94.5863015642506
LOT-B034,ETCH-A,CH-02,71.20901179164534,17.5836073688706,4.047633708942998,0.08475805121666673,156.66584754450147,94.42722374369521
LOT-B034,ETCH-B,CH-01,70.04231621897797,17.885268117060498,4.1984445127903935,0.08746665205677254,65.52137035525735,94.43973731655997
LOT-B034,ETCH-A,CH-02,71.91393555378043,18.391370192425235,4.622889057504915,0.059903283890533274,313.41831319409204,95.08910869587193
LOT-B034,ETCH-C,CH-01,70.63745221379628,18.546352403161706,3.141270119391008,0.08041615773336255,316.36856188421683,93.1948122062508
LOT-B034,ETCH-A,CH-01,71.37272428654661,18.26004057423435,4.828442375994779,0.0683811848357822,400.70403165496225,93.86936743714935
LOT-B034,ETCH-B,CH-03,72.19177002650129,18.245777044766786,5.716487458889912,0.09080640456411247,426.41964483992996,94.17069962763172
LOT-B035,ETCH-A,CH-02,73.67253507083399,18.047107665076766,2.8148277926683187,0.08664936865760768,180.4570669179547,94.29253297142472
LOT-B035,ETCH-B,CH-03,71.84368227199256,18.26121120744896,4.385085481419828,0.06274527188990593,385.24899050055024,94.49412233183037
LOT-B035,ETCH-B,CH-02,70.94817824172598,17.788860168257884,3.0830062736416943,0.10331441284227,85.6221549405194,95.65951375111935
LOT-B035,ETCH-B,CH-02,72.19759231439802,18.4716540625615,4.345616750506298,0.08741039068024331,347.13263156167295,94.13649572803655
LOT-B035,ETCH-C,CH-01,73.09441723783516,17.39873775605735,3.170649437257499,0.07929964561730626,276.8540797137682,93.5835481083363
LOT-B035,ETCH-A,CH-01,72.27714352441927,18.92436129871983,0.47738175668009575,0.06529532484050855,261.07239213494836,96.49580636427446
LOT-B036,ETCH-B,CH-02,73.06241878204285,17.373131304149982,1.8723050792048923,0.07439050651889595,407.4883117433396,93.215873853885
LOT-B036,ETCH-A,CH-03,73.14717119292285,18.31038688840848,4.3929140853491875,0.0727497258483194,117.99784307320199,94.48383186172697
LOT-B036,ETCH-B,CH-03,71.45854463254605,18.581158637640005,4.59237134807263,0.09208347119253951,102.0647385448094,93.54635271650106
LOT-B036,ETCH-A,CH-01,70.54930826875865,17.808653875622074,3.14919111385702,0.08370443241033544,314.63909692186996,94.78722133231487
LOT-B036,ETCH-A,CH-03,71.79351287203596,18.048969676104242,5.6030936259000335,0.05013808310358332,439.9142800744598,92.74185175274998
LOT-B036,ETCH-B,CH-03,72.87368589006012,17.87178166308906,2.1349102368159816,0.09600782520703,359.68888251907356,93.27796871560894
LOT-B037,ETCH-A,CH-03,72.21273219082515,18.21419688440282,1.1240612738896631,0.07923059635444758,6.9175947150323935,96.81293673904335
LOT-B037,ETCH-C,CH-03,72.12923506571798,17.847513457515518,3.7544900799735133,0.06914924714188812,373.57876405067793,93.98665815888396
LOT-B037,ETCH-B,CH-02,71.10536379765536,17.832753248925926,0.8807548567545891,0.08994142156155753,245.08079448654087,94.03853515866614
LOT-B037,ETCH-A,CH-02,72.39843484982116,17.427328837714462,2.746072947833013,0.08145007518924162,153.27476139804557,95.68808774393493
LOT-B037,ETCH-C,CH-01,72.1885514246927,18.280736303341047,3.7563552419429946,0.08407054055375579,479.5440655545199,93.82671146021514
LOT-B037,ETCH-A,CH-03,73.137007991536,17.37801031561964,5.026337790504934,0.08157059232174067,346.78170311651024,91.97565047413939
LOT-B038,ETCH-B,CH-02,73.24747289934268,18.57433242360125,1.454009815681097,0.05912532471229863,456.3606641778546,93.53807277889457
LOT-B038,ETCH-B,CH-01,73.30216507395582,18.221633799193057,5.680868588710376,0.05115719358536242,392.2854003952797,93.17101077755412
LOT-B038,ETCH-A,CH-01,72.3349690918347,17.6116554049554,5.512129217294316,0.061306295922354315,290.72112796422715,94.67895633268454
LOT-B038,ETCH-A,CH-02,72.69805360170017,17.51604799633111,2.719659897940139,0.07213393653885952,46.85815422456613,94.89664597108369
LOT-B038,ETCH-B,CH-03,72.81859506083975,18.74626152351864,1.4141946598367858,0.0794554383895482,198.27247950540223,95.6182870822038
LOT-B038,ETCH-C,CH-03,71.10372801237284,18.168720391583346,4.296636854885893,0.07415582502304577,118.39187935065382,93.50304640936953
LOT-B039,ETCH-A,CH-03,71.71950792527282,18.545023743932806,3.5125696933713457,0.08751784132341868,169.72623753060944,93.23029059821638
LOT-B039,ETCH-B,CH-01,72.55268069976904,17.663675992257104,6.886406765427257,0.08199950293512873,479.7986805182698,93.56879661842233
LOT-B039,ETCH-C,CH-03,71.23102227293333,17.758838248439556,5.348856823731552,0.07731373662763562,165.71975313448183,92.19957947059855
LOT-B039,ETCH-B,CH-03,72.37301787756427,17.815156978239955,4.424866468831862,0.07635823933145515,177.30813052257167,94.94710738326839
LOT-B039,ETCH-B,CH-02,71.58735212492982,17.73220925823712,6.439676943020127,0.05199192343454244,283.5656317768207,93.23608829966898
LOT-B039,ETCH-A,CH-02,71.05880691771843,18.081785630437857,4.063490150731657,0.10243264569788173,467.0999920422893,94.19559557306567
LOT-B040,ETCH-B,CH-01,72.78212000843473,18.303769058275567,3.236024517127187,0.06692904893475805,215.51769606371852,94.83907775340187
LOT-B040,ETCH-A,CH-02,71.94082906692582,18.030509120540636,3.7291746507056667,0.08327684424681325,260.9569248981499,95.7165845544008
LOT-B040,ETCH-A,CH-03,72.34959472626556,17.497546812380836,1.196420674864707,0.06552702131928775,492.0878875387091,93.59218880961609
LOT-B040,ETCH-B,CH-02,72.3568375512088,17.679135384662384,3.6469614320478088,0.08468330314908178,51.082598920468016,94.91196494565645
LOT-B040,ETCH-A,CH-02,72.05238928030064,17.637892697397113,1.1351891110540029,0.09220156535080117,16.93715561917808,97.34562513109292
LOT-B040,ETCH-A,CH-03,71.86391254414303,18.210836720220577,4.70207508704237,0.07040186974851459,0.8627982114876032,93.93501819350986
LOT-B041,ETCH-C,CH-01,73.06516152998776,18.039785492850395,4.749994116020585,0.09154620075910569,430.0331893996247,92.03957545345675
LOT-B041,ETCH-C,CH-02,73.13848276388798,18.314938118136237,4.929556189933305,0.0859499946376615,385.49005759571713,91.90330352132717
LOT-B041,ETCH-A,CH-02,70.69423735627346,18.069341442016054,6.441297742306115,0.0757456908199404,299.7724465857319,92.90288071032397
LOT-B041,ETCH-A,CH-02,71.40445292404367,18.271991758140963,3.6815749998135074,0.09905661898935397,55.71369315179042,94.53258979184265
LOT-B041,ETCH-A,CH-01,71.6696912062464,18.05254700207682,4.4950245111646305,0.10465404702170358,188.5814662623308,95.35954164359492
LOT-B041,ETCH-A,CH-01,70.93130756838306,18.14288592817617,3.808244147039702,0.07833901186915418,183.071824355489,94.17042969070965
LOT-B042,ETCH-C,CH-02,73.44390165044797,19.150137417062,5.8835540478111366,0.09727062985561066,448.3903558832461,90.30860344573944
LOT-B042,ETCH-A,CH-01,72.85709167840662,17.40800816474303,3.7346753391101126,0.05976597544640187,108.44566355423574,94.96297071160049
LOT-B042,ETCH-A,CH-03,70.933883507076,17.966198255525356,4.0152866909658185,0.0815033024097871,147.76040012858343,93.65997699576754
LOT-B042,ETCH-C,CH-01,71.60763638254936,17.477834829252185,1.8676333145103432,0.10337310729070273,266.4892724967989,93.92069604090354
LOT-B042,ETCH-A,CH-01,72.89325275235491,18.106856636804743,4.252850587456196,0.08214289440382706,252.85752878843337,94.2930096037148
LOT-B042,ETCH-C,CH-03,71.67095436093322,18.011541928834543,2.7308837522167018,0.04498190694219838,248.53530232063193,93.5059895860269
LOT-B043,ETCH-B,CH-03,70.87743674927472,17.332291212132407,3.089634947468648,0.08129945393613547,86.21804391536786,93.51062205317511
LOT-B043,ETCH-A,CH-03,72.3586609650535,17.955499042633285,4.1636826074516815,0.06410555535797796,83.04689305940683,95.57112899249556
LOT-B043,ETCH-B,CH-03,72.87781582461965,17.436146329019827,3.5595537843418525,0.07716253455636225,44.55694910895763,94.33999085635354
LOT-B043,ETCH-A,CH-02,72.07478628349537,18.55985912511223,4.425895080722145,0.07789379609314336,202.56818099170988,95.52465431770742
LOT-B043,ETCH-A,CH-03,72.73163057860668,18.014221319592252,3.579473412229181,0.049504790653203845,72.16932834314599,94.1731145018977
LOT-B043,ETCH-A,CH-02,72.90570517266576,17.40382919253334,6.991232244671013,0.06796748035052144,31.352343734264597,93.34306007852494
LOT-B044,ETCH-B,CH-01,72.02566198266119,17.704365182378726,0.9286009208943096,0.07062044237120117,116.27158575713526,96.67780594370223
LOT-B044,ETCH-B,CH-01,71.86341420419515,17.740125020821807,3.5532799374206174,0.09305741984785756,199.42434075169135,95.59876042554517
LOT-B044,ETCH-A,CH-03,73.15870502455732,17.881378320781717,1.6316219170510986,0.05930699990576106,296.29563178274907,93.61149860516943
LOT-B044,ETCH-A,CH-02,73.58273677904573,17.776217928362684,3.9617777409093557,0.10466952942246371,433.73105388499147,93.06072817193669
LOT-B044,ETCH-B,CH-03,72.86634905249625,18.25496852195871,4.193076507176889,0.09552522351871912,494.4106730479041,92.35006123463897
LOT-B044,ETCH-B,CH-02,72.13263033173381,17.697862965276116,3.2081229019592383,0.07862604671795642,74.93803497076857,95.8313264977583
LOT-B045,ETCH-A,CH-01,72.33336868402895,18.0042150761962,2.7442034524334376,0.07939853474368704,402.6732390718353,95.98049721153164
LOT-B045,ETCH-B,CH-03,72.25727242042386,17.556480301841685,4.3242997538053345,0.06836004255396852,212.01546353578937,94.08329247549827
LOT-B045,ETCH-A,CH-02,72.08425595051496,18.037158278077246,1.6024277815732098,0.09390245645950798,381.13651966119875,95.19737951110086
LOT-B045,ETCH-A,CH-01,72.12444208757431,17.985031365570247,2.163805079658551,0.06890236030310928,49.98050112764118,96.94217933464674
LOT-B045,ETCH-A,CH-01,72.88197039524957,17.85708776879883,2.3298568891986156,0.07432010489934752,87.26368609912876,95.90991919099855
LOT-B045,ETCH-A,CH-02,72.18551574601773,18.23325576963973,5.909833557054281,0.07528695433603967,453.62066441567964,94.4316621945017
LOT-B046,ETCH-A,CH-03,71.87155581630792,18.06544947746764,2.9941107222743373,0.08702709675157079,372.9322326830459,95.72220653001685
LOT-B046,ETCH-B,CH-03,72.92094247733107,17.97313504238347,3.9373151776261506,0.062484729561749115,61.41326544573894,95.04691372276454
LOT-B046,ETCH-C,CH-02,72.03659281679157,17.875502166301125,6.3708615349110715,0.10066449424705229,198.47213640610894,92.02286195360014
LOT-B046,ETCH-B,CH-03,71.65688728687114,17.295758142287234,5.136133847747561,0.07636120888937026,318.83729425720765,91.98635682544892
LOT-B046,ETCH-A,CH-02,72.47142814718569,17.691987492402063,3.8411363248230894,0.07076207722404385,40.482420017813766,95.60294317906339
LOT-B046,ETCH-A,CH-01,70.81846233364365,17.91937038649254,6.48204145182607,0.06766782516793413,69.71202558525557,93.73303762768013
LOT-B047,ETCH-A,CH-01,72.3700881246367,18.09144592895063,3.7923372133802102,0.07132266965876975,262.3440084657621,96.18790945187142
LOT-B047,ETCH-C,CH-03,72.73812423360893,17.78641040651491,2.837458562698405,0.0848610983889216,72.07908396456963,93.21135794567577
LOT-B047,ETCH-A,CH-02,71.55411584906354,17.845910125756753,5.35464916577965,0.07187155332098033,294.17777854355586,93.42940605932363
LOT-B047,ETCH-A,CH-01,70.75267519318162,18.640924191551186,3.3081494607953235,0.0659875421447509,83.80242145786643,94.57008778700823
LOT-B047,ETCH-C,CH-01,72.09419603193663,18.156469895872107,4.85332550347965,0.07131198429282956,374.6963504347045,94.75774562554861
LOT-B047,ETCH-C,CH-01,70.86105077325088,17.920581412462194,3.849083312690358,0.08522888410832956,367.22261210949927,93.10950344649727
LOT-B048,ETCH-A,CH-03,72.03276453186366,18.367115396893976,3.599835116954647,0.05816261501044262,394.4166990794258,93.46264350265842
LOT-B048,ETCH-C,CH-03,72.21341375139427,17.41245766269577,3.982258651071926,0.06710070700219929,454.789641643525,92.31500334447622
LOT-B048,ETCH-A,CH-02,72.46720959915146,18.18084267141958,4.762309244639906,0.08281832571413651,192.3363690998765,95.7997601443396
LOT-B048,ETCH-A,CH-03,71.88034495027009,17.66065668548522,7.3894056073235586,0.08293975522471549,239.71801651948843,93.90551672440817
LOT-B048,ETCH-C,CH-01,71.69985037700829,18.093092998614786,4.733533659080749,0.0649957838513176,26.78220596868952,93.72889317661202
LOT-B048,ETCH-A,CH-01,72.81185661937664,17.77460363542172,6.435113323346975,0.07850834805616103,41.31862217221555,95.0906338834784
LOT-B049,ETCH-B,CH-02,73.02887589915981,17.661829372065966,5.705587584216459,0.08025557859224441,453.210702560893,92.8949681266049
LOT-B049,ETCH-A,CH-02,73.00386568707657,18.608552988466133,0.8550465095771216,0.062094916238679215,43.620007102792904,95.4493183491708
LOT-B049,ETCH-B,CH-02,71.48858149620871,17.391955885571914,3.3480116530721906,0.08745290338326904,226.09957114329004,94.13435591356314
LOT-B049,ETCH-A,CH-03,71.89863273872652,18.105914490760803,3.8962282014773955,0.09017635668561291,380.4803843783232,95.25133966266947
LOT-B049,ETCH-B,CH-03,72.29879171870218,18.064277500882547,5.242709766866739,0.08445104464334642,295.3954828449574,93.89343154941498
LOT-B049,ETCH-B,CH-02,72.24363933354944,18.311818203737563,2.308943020401295,0.07525011009103942,207.44798530387743,94.59168729779624
LOT-B050,ETCH-B,CH-03,71.14707997631025,18.10819300893318,7.6116633279167525,0.07330242267182614,56.59659977451243,92.29543172830813
LOT-B050,ETCH-B,CH-02,70.91203587485867,17.832960501965534,0.0,0.08748729555834747,455.6846931589252,94.17269008291237
LOT-B050,ETCH-B,CH-02,72.74633509280078,17.92624502952246,4.839559552421231,0.08642721761588726,238.66861131955525,94.1996628361531
LOT-B050,ETCH-C,CH-02,71.34024606910116,17.750385319175727,7.4525600867269075,0.07175026783399735,149.75537148766617,92.33083700017723
LOT-B050,ETCH-A,CH-03,70.88421592397599,18.005785087417767,6.288698672411838,0.06095109063631575,69.13526025688532,92.79848577249103
LOT-B050,ETCH-A,CH-03,71.7590975198377,18.105690729009197,0.5554018998387495,0.08617124465615648,262.72993362450234,96.34582276807575
LOT-B051,ETCH-A,CH-03,72.0390761574385,17.246838628967268,3.2811609735486176,0.07400888815840491,86.23126444980211,94.23008942277376
LOT-B051,ETCH-A,CH-03,72.06436426104985,17.862382059432175,6.6517850510107195,0.0858135633021417,386.1877353046137,93.51939033727622
LOT-B051,ETCH-A,CH-03,70.14722589871377,18.520621539879592,5.890974300647924,0.06845445212240844,320.80169836133,91.95879241666354
LOT-B051,ETCH-A,CH-01,72.11911040089927,18.168072039986598,4.174133618119048,0.0732973261479112,491.90722385358816,94.99464952275042
LOT-B051,ETCH-A,CH-02,72.31059144533468,17.943700142757617,4.171731224002122,0.08271299322987585,486.5587233580979,94.80735150850523
LOT-B051,ETCH-C,CH-01,71.7600532471128,18.597098592072616,4.7832714483431555,0.07415850832750402,83.5482165420538,94.71717928759595
LOT-B052,ETCH-C,CH-01,71.22245599326159,17.351988489311772,3.647779539812422,0.08731230903932644,303.1212970824289,93.21166767641854
LOT-B052,ETCH-A,CH-03,71.7212579354487,17.935033078069807,3.738344725203001,0.09136184161207475,348.6343336941825,93.47330914626833
LOT-B052,ETCH-B,CH-02,72.49754799053962,18.092905051118276,6.486450471363996,0.07436170544723068,106.56185446598421,94.75592739162916
LOT-B052,ETCH-A,CH-02,71.65517926259855,18.034355103648526,8.160204142047675,0.06772450827685367,20.3015524629675,94.02040902425112
LOT-B052,ETCH-B,CH-02,72.9718247586356,18.263367608381486,3.915782816693812,0.06552604542245055,474.1012560458073,92.81196102681619
LOT-B052,ETCH-A,CH-01,72.76422179728827,18.28245531524608,2.115753577081074,0.08465680421934589,403.16969767884245,95.64784597288362
LOT-B053,ETCH-A,CH-01,73.92778262583391,18.385273097750023,6.823644260952976,0.062040754163783296,136.46056256952482,92.54692679483556
LOT-B053,ETCH-C,CH-03,72.55004924403451,18.041434904775834,2.8429224412196863,0.08783045825735508,476.3002073795928,93.42431061278185
LOT-B053,ETCH-C,CH-02,71.42551183808763,17.685719017384766,3.2701272628648983,0.11883836193089165,272.65070492085874,92.86592932362672
LOT-B053,ETCH-B,CH-03,71.12086517728459,17.965754648732517,2.7509890178911762,0.09512949732600753,220.96523793729338,93.85798478748956
LOT-B053,ETCH-A,CH-02,72.21969903683723,18.789985248670504,2.0405299010563374,0.07650920845099161,220.17436931907037,95.45333277548669
LOT-B053,ETCH-C,CH-01,71.06254270312495,17.736767791536522,4.792987269143011,0.07333758480416079,192.06864375808385,92.92802326438243
LOT-B054,ETCH-A,CH-01,72.66506275917004,18.26878584687818,5.239635852926002,0.08321441633622798,254.2833250401881,95.82559501383439
LOT-B054,ETCH-A,CH-02,72.42810424515613,18.102794272426358,3.0326878765590175,0.0908038958887118,461.8017137451894,95.4081859670113
LOT-B054,ETCH-A,CH-03,72.99437523653603,17.721890689512534,2.843671808962907,0.0857666845390923,248.90059891199346,94.15766533709544
LOT-B054,ETCH-A,CH-03,70.61068416845693,18.516324766247134,2.739305378839642,0.07170816297185466,165.8791476474999,93.97441850438636
LOT-B054,ETCH-A,CH-02,72.96609913228214,18.50906965893081,3.575238774323005,0.0911777155231462,341.2530321053598,94.44096458379063
LOT-B054,ETCH-C,CH-03,73.00214134782895,17.469767833999732,6.6562704290560095,0.09118247645842119,394.19065011534406,89.65014403276237
LOT-B055,ETCH-A,CH-01,72.36808577459358,18.13169768167249,3.1879450481223808,0.05426998365198466,41.115200132568695,95.92990948200043
LOT-B055,ETCH-A,CH-02,72.48035749753956,17.654401821837997,1.4007730587482152,0.07452295428835581,201.63093274562388,95.6082656769922
LOT-B055,ETCH-B,CH-03,72.26574411900697,18.12236514115032,3.0634959256543084,0.07845424967401955,363.71383422112757,94.01430953485998
LOT-B055,ETCH-A,CH-03,70.31058795288301,18.230894604741614,2.530258340137422,0.054115929432984815,339.45718800163394,94.56341496504372
LOT-B055,ETCH-A,CH-03,73.50397387910618,17.523077800833285,3.4649253221131837,0.07146192785391123,182.22553268281655,93.72341793795223
LOT-B055,ETCH-B,CH-02,72.2697702297201,18.151655747911857,3.5162715841488845,0.09130074930280578,351.31655752952827,94.59419531061408
LOT-B056,ETCH-A,CH-02,72.18112057348004,17.777294529512055,5.298478428168792,0.10044251968139435,396.2496158254377,93.85474526593762
LOT-B056,ETCH-A,CH-02,73.17126819493632,18.097640411997038,3.798270735401073,0.10929575772145098,207.7739474391882,94.24230071842001
LOT-B056,ETCH-A,CH-01,72.08889744017947,17.34259101022395,3.5047027400439097,0.05400532313078153,208.33800737495412,95.52974925187085
LOT-B056,ETCH-C,CH-01,74.03973310943158,17.90770302342592,4.7485136366658605,0.07523157824482479,404.89245166835525,92.42177201189816
LOT-B056,ETCH-B,CH-02,73.13248644204305,17.653471111210802,4.383282938017509,0.07575620897058849,422.5993993809229,92.94711548793667
LOT-B056,ETCH-C,CH-02,71.66262419354508,18.28373224692887,4.843012149682231,0.06820994557310747,215.64828924402207,93.16753058393942
LOT-B057,ETCH-C,CH-03,71.20595098660226,18.237605553323032,2.980147261394757,0.07380619195828672,397.27401990862234,93.44537681672205
LOT-B057,ETCH-B,CH-01,71.35899086278795,17.507763788340842,2.2239286783341874,0.07768477993568904,485.7642994743765,95.23568442077799
LOT-B057,ETCH-B,CH-02,72.69205778195382,18.27762991424853,1.3110597639722297,0.07682061173728204,347.90452813739324,95.50220929562592
LOT-B057,ETCH-A,CH-02,72.66886704151631,17.597723520695506,4.348738637829441,0.09797305853561585,108.20866853635836,94.59045318309464
LOT-B057,ETCH-A,CH-01,69.91981061430441,17.869062845257886,5.636812216688349,0.04965611740209357,0.06530037702068281,93.96814692876048
LOT-B057,ETCH-C,CH-01,70.56395206003228,17.240035198643973,4.256549587899533,0.07075357380820022,247.007670846139,92.76250117215947
LOT-B058,ETCH-A,CH-01,72.45503038860328,17.781893269396253,5.528076491437353,0.1004293197177607,98.1761524607106,94.86050972862823
LOT-B058,ETCH-B,CH-02,72.89355294881246,18.034342804131807,3.5376162227236057,0.09103724000324234,315.9583058863303,94.63046698627875
LOT-B058,ETCH-C,CH-02,71.43998300569298,18.508655609941204,9.352332005685735,0.05941282835328069,189.73508223823666,91.43451644796865
LOT-B058,ETCH-A,CH-03,71.42684031207033,18.094179229977474,0.0,0.06302174689935705,311.7681628247425,96.15291645488355
LOT-B058,ETCH-B,CH-01,71.42037027996194,17.416225474303,3.671501618115485,0.08999024809385942,337.9626261323613,93.36020099488361
LOT-B058,ETCH-A,CH-03,71.19950210383972,18.0209728203058,5.239841047083268,0.06786420903582281,243.35138802290203,94.58051671461133
LOT-B059,ETCH-A,CH-02,72.46457665633739,17.78313941648043,4.315013617382332,0.08758861886162023,327.2633118205722,94.6497273015559
LOT-B059,ETCH-B,CH-01,72.44721158104575,17.853893349451376,4.485574294804275,0.0740549467296149,112.87887584189421,94.77494475765083
LOT-B059,ETCH-A,CH-02,72.25658896891453,17.891828811992095,5.610640049189515,0.04844899783641796,440.8328170526696,92.83055387795639
LOT-B059,ETCH-A,CH-01,72.44569048396589,17.923977045590906,2.3304007546891192,0.07255007879914759,83.85180011934995,96.1069553363239
LOT-B059,ETCH-A,CH-02,71.54583046584796,18.321373681665666,6.900578366665799,0.053782215009615,360.8302104489026,92.66705831016958
LOT-B059,ETCH-A,CH-02,71.08070716123669,18.44337600960636,4.670829344730085,0.062055614320126185,40.17757514202969,94.18230320041998
LOT-B060,ETCH-C,CH-02,73.07718123073722,17.958567340130063,5.525720913804738,0.0785655684319713,49.888372382798586,93.29831963235277
LOT-B060,ETCH-C,CH-02,73.39793614714007,17.482035411507585,5.720122672187086,0.07953709823877401,118.31219885414728,92.95019563737722
LOT-B060,ETCH-B,CH-01,72.30510288761282,17.848746685407708,1.973369789396656,0.06161128131584076,172.94535934435496,95.32404178734662
LOT-B060,ETCH-A,CH-01,71.48655527018103,17.431806520133264,6.490739742822518,0.08421091351860327,273.950870444093,95.38619191667597
LOT-B060,ETCH-A,CH-02,71.97044206603273,18.419269909673087,3.9980580229832463,0.07093875233370527,89.60696408053637,96.52770990784715
LOT-B060,ETCH-A,CH-01,72.32054305853296,17.671643711276264,3.565682450156723,0.08764202373553132,273.0728156753246,94.572805081016
